// Generated by port/recomp/recomp.py from slippi/Data/Sys. Do not edit.
#include "gecko_data.h"
namespace gecko {
const uint8_t codehandler_bin[4288] = {
  0x00, 0x00, 0x00, 0x00, 0x00, 0x00, 0x00, 0x00, 0x80, 0x00, 0x27, 0x74, 0x00, 0x00, 0x00, 0x00, 0x00, 0x00, 0x00, 0x00, 0x00, 0x00, 0x00, 0x00,
  0x00, 0x00, 0x00, 0x00, 0x00, 0x00, 0x00, 0x00, 0x00, 0x00, 0x00, 0x00, 0x00, 0x00, 0x00, 0x00, 0x00, 0x00, 0x00, 0x00, 0x00, 0x00, 0x00, 0x00,
  0x00, 0x00, 0x00, 0x00, 0x00, 0x00, 0x00, 0x00, 0x00, 0x00, 0x00, 0x00, 0x00, 0x00, 0x00, 0x00, 0x00, 0x00, 0x00, 0x00, 0x00, 0x00, 0x00, 0x00,
  0x00, 0x00, 0x00, 0x00, 0x00, 0x00, 0x00, 0x00, 0x00, 0x00, 0x00, 0x00, 0x00, 0x00, 0x00, 0x00, 0x00, 0x00, 0x00, 0x00, 0x00, 0x00, 0x00, 0x00,
  0x00, 0x00, 0x00, 0x00, 0x00, 0x00, 0x00, 0x00, 0x00, 0x00, 0x00, 0x00, 0x00, 0x00, 0x00, 0x00, 0x00, 0x00, 0x00, 0x00, 0x00, 0x00, 0x00, 0x00,
  0x00, 0x00, 0x00, 0x00, 0x00, 0x00, 0x00, 0x00, 0x00, 0x00, 0x00, 0x00, 0x00, 0x00, 0x00, 0x00, 0x00, 0x00, 0x00, 0x00, 0x00, 0x00, 0x00, 0x00,
  0x00, 0x00, 0x00, 0x00, 0x00, 0x00, 0x00, 0x00, 0x00, 0x00, 0x00, 0x00, 0x00, 0x00, 0x00, 0x00, 0x00, 0x00, 0x00, 0x00, 0x00, 0x00, 0x00, 0x00,
  0x94, 0x21, 0xFF, 0x58, 0x90, 0x01, 0x00, 0x08, 0x7C, 0x08, 0x02, 0xA6, 0x90, 0x01, 0x00, 0xAC, 0x7C, 0x00, 0x00, 0x26, 0x90, 0x01, 0x00, 0x0C,
  0x7C, 0x09, 0x02, 0xA6, 0x90, 0x01, 0x00, 0x10, 0x7C, 0x01, 0x02, 0xA6, 0x90, 0x01, 0x00, 0x14, 0xBC, 0x61, 0x00, 0x18, 0x7F, 0x20, 0x00, 0xA6,
  0x63, 0x3A, 0x20, 0x00, 0x73, 0x5A, 0xF9, 0xFF, 0x7F, 0x40, 0x01, 0x24, 0xD8, 0x41, 0x00, 0x98, 0xD8, 0x61, 0x00, 0xA0, 0x3F, 0xE0, 0x80, 0x00,
  0x3E, 0x80, 0xCC, 0x00, 0xA3, 0x94, 0x40, 0x10, 0x63, 0x95, 0x00, 0xFF, 0xB2, 0xB4, 0x40, 0x10, 0x48, 0x00, 0x06, 0x55, 0x3A, 0xA0, 0x00, 0x00,
  0x3A, 0xC0, 0x00, 0x19, 0x3A, 0xE0, 0x00, 0xD0, 0x3F, 0x00, 0xCD, 0x00, 0x63, 0xF2, 0x27, 0x74, 0x80, 0x01, 0x00, 0xAC, 0x90, 0x12, 0x00, 0x04,
  0x92, 0xB8, 0x64, 0x3C, 0x48, 0x00, 0x04, 0x2D, 0x41, 0x82, 0x05, 0xA4, 0x2C, 0x1D, 0x00, 0x04, 0x40, 0x80, 0x00, 0x10, 0x2C, 0x1D, 0x00, 0x01,
  0x41, 0x80, 0x05, 0x94, 0x48, 0x00, 0x03, 0x4C, 0x41, 0x82, 0x04, 0xF0, 0x2C, 0x1D, 0x00, 0x06, 0x41, 0x82, 0x00, 0x8C, 0x2C, 0x1D, 0x00, 0x07,
  0x41, 0x82, 0x03, 0x30, 0x2C, 0x1D, 0x00, 0x08, 0x41, 0x82, 0x05, 0x80, 0x2C, 0x1D, 0x00, 0x09, 0x41, 0x82, 0x00, 0xA0, 0x2C, 0x1D, 0x00, 0x10,
  0x41, 0x82, 0x00, 0x98, 0x2C, 0x1D, 0x00, 0x2F, 0x41, 0x82, 0x00, 0x70, 0x2C, 0x1D, 0x00, 0x30, 0x41, 0x82, 0x00, 0x78, 0x2C, 0x1D, 0x00, 0x38,
  0x41, 0x82, 0x05, 0x28, 0x2C, 0x1D, 0x00, 0x40, 0x41, 0x82, 0x03, 0x40, 0x2C, 0x1D, 0x00, 0x41, 0x41, 0x82, 0x03, 0x58, 0x2C, 0x1D, 0x00, 0x44,
  0x41, 0x82, 0x00, 0x68, 0x2C, 0x1D, 0x00, 0x50, 0x41, 0x82, 0x00, 0x20, 0x2C, 0x1D, 0x00, 0x60, 0x41, 0x82, 0x00, 0x24, 0x2C, 0x1D, 0x00, 0x89,
  0x41, 0x82, 0x00, 0x50, 0x2C, 0x1D, 0x00, 0x99, 0x41, 0x82, 0x05, 0x0C, 0x48, 0x00, 0x05, 0x10, 0x80, 0x72, 0x00, 0x00, 0x48, 0x00, 0x04, 0x29,
  0x48, 0x00, 0x05, 0x04, 0x48, 0x00, 0x05, 0x89, 0x48, 0x00, 0x04, 0xFC, 0x38, 0x80, 0x00, 0x01, 0x90, 0x92, 0x00, 0x00, 0x48, 0x00, 0x04, 0xF0,
  0x48, 0x00, 0x04, 0x09, 0x3A, 0x00, 0x00, 0xA0, 0x63, 0xEC, 0x27, 0x98, 0x48, 0x00, 0x03, 0x14, 0x38, 0x60, 0x01, 0x20, 0x63, 0xEC, 0x27, 0x98,
  0x48, 0x00, 0x03, 0xC9, 0x48, 0x00, 0x04, 0xD0, 0x2F, 0x1D, 0x00, 0x10, 0x2E, 0x9D, 0x00, 0x44, 0x63, 0xE4, 0x1A, 0xB4, 0x3C, 0x60, 0x80, 0x00,
  0x60, 0x63, 0x03, 0x00, 0x48, 0x00, 0x05, 0x09, 0x38, 0x63, 0x0A, 0x00, 0x48, 0x00, 0x05, 0x01, 0x38, 0x63, 0x06, 0x00, 0x48, 0x00, 0x04, 0xF9,
  0x63, 0xEC, 0x27, 0x88, 0x92, 0xAC, 0x00, 0x00, 0x92, 0xAC, 0x00, 0x04, 0x92, 0xAC, 0x00, 0x08, 0x63, 0xE4, 0x27, 0x98, 0x81, 0x24, 0x00, 0x18,
  0x80, 0x72, 0x00, 0x00, 0x2C, 0x03, 0x00, 0x02, 0x40, 0x82, 0x00, 0x0C, 0x41, 0x96, 0x00, 0x0C, 0x48, 0x00, 0x00, 0x20, 0x38, 0x60, 0x00, 0x00,
  0x90, 0x6C, 0x00, 0x0C, 0x40, 0x82, 0x00, 0x14, 0x40, 0x96, 0x00, 0x10, 0x61, 0x29, 0x04, 0x00, 0x91, 0x24, 0x00, 0x18, 0x48, 0x00, 0x02, 0x14,
  0x55, 0x29, 0x05, 0xA8, 0x91, 0x24, 0x00, 0x18, 0x41, 0x96, 0x04, 0x54, 0x41, 0x9A, 0x00, 0x08, 0x39, 0x8C, 0x00, 0x04, 0x38, 0x60, 0x00, 0x04,
  0x48, 0x00, 0x03, 0x09, 0x40, 0x99, 0x00, 0x10, 0x39, 0x8C, 0x00, 0x04, 0x38, 0x60, 0x00, 0x04, 0x48, 0x00, 0x02, 0xF9, 0x63, 0xE4, 0x27, 0x88,
  0x80, 0x64, 0x00, 0x00, 0x80, 0x84, 0x00, 0x04, 0x7C, 0x72, 0xFB, 0xA6, 0x7C, 0x95, 0xFB, 0xA6, 0x48, 0x00, 0x04, 0x1C, 0x7C, 0x32, 0x43, 0xA6,
  0x7C, 0x3A, 0x02, 0xA6, 0x7C, 0x73, 0x43, 0xA6, 0x7C, 0x7B, 0x02, 0xA6, 0x54, 0x63, 0x05, 0xA8, 0x90, 0x60, 0x27, 0xB0, 0x54, 0x63, 0x06, 0x1E,
  0x60, 0x63, 0x20, 0x00, 0x7C, 0x7B, 0x03, 0xA6, 0x3C, 0x60, 0x80, 0x00, 0x60, 0x63, 0x1A, 0xE8, 0x7C, 0x7A, 0x03, 0xA6, 0x4C, 0x00, 0x00, 0x64,
  0x3C, 0x60, 0x80, 0x00, 0x60, 0x63, 0x27, 0x98, 0x90, 0x23, 0x00, 0x14, 0x7C, 0x61, 0x1B, 0x78, 0x7C, 0x73, 0x42, 0xA6, 0xBC, 0x41, 0x00, 0x24,
  0x7C, 0x24, 0x0B, 0x78, 0x7C, 0x32, 0x42, 0xA6, 0x90, 0x04, 0x00, 0x1C, 0x90, 0x24, 0x00, 0x20, 0x7C, 0x68, 0x02, 0xA6, 0x90, 0x64, 0x00, 0x9C,
  0x7C, 0x60, 0x00, 0x26, 0x90, 0x64, 0x00, 0x00, 0x7C, 0x61, 0x02, 0xA6, 0x90, 0x64, 0x00, 0x04, 0x7C, 0x69, 0x02, 0xA6, 0x90, 0x64, 0x00, 0x08,
  0x7C, 0x72, 0x02, 0xA6, 0x90, 0x64, 0x00, 0x0C, 0x7C, 0x73, 0x02, 0xA6, 0x90, 0x64, 0x00, 0x10, 0x39, 0x20, 0x00, 0x00, 0x7D, 0x32, 0xFB, 0xA6,
  0x7D, 0x35, 0xFB, 0xA6, 0x3C, 0xA0, 0x80, 0x00, 0x60, 0xA5, 0x1B, 0x70, 0x3F, 0xE0, 0xD0, 0x04, 0x63, 0xFF, 0x00, 0xA0, 0x93, 0xE5, 0x00, 0x00,
  0x7C, 0x00, 0x28, 0x6C, 0x7C, 0x00, 0x04, 0xAC, 0x7C, 0x00, 0x2F, 0xAC, 0x4C, 0x00, 0x01, 0x2C, 0xD0, 0x04, 0x00, 0xA0, 0x3B, 0xFF, 0x00, 0x04,
  0x3F, 0xFF, 0x00, 0x20, 0x57, 0xF0, 0x01, 0x4B, 0x41, 0x82, 0xFF, 0xDC, 0x3F, 0xE0, 0x80, 0x00, 0x63, 0xE5, 0x27, 0x88, 0x82, 0x05, 0x00, 0x00,
  0x82, 0x25, 0x00, 0x04, 0x82, 0x65, 0x00, 0x0C, 0x2C, 0x13, 0x00, 0x00, 0x41, 0x82, 0x00, 0x74, 0x2C, 0x13, 0x00, 0x02, 0x40, 0x82, 0x00, 0x18,
  0x81, 0x24, 0x00, 0x14, 0x39, 0x33, 0x00, 0x03, 0x91, 0x25, 0x00, 0x00, 0x91, 0x25, 0x00, 0x0C, 0x48, 0x00, 0x00, 0x6C, 0x7C, 0x10, 0x98, 0x00,
  0x41, 0x82, 0x00, 0x38, 0x7C, 0x11, 0x98, 0x00, 0x41, 0x82, 0x00, 0x30, 0x7D, 0x30, 0x8A, 0x14, 0x91, 0x25, 0x00, 0x0C, 0x82, 0x05, 0x00, 0x08,
  0x2C, 0x10, 0x00, 0x00, 0x41, 0x82, 0x00, 0x48, 0x80, 0x64, 0x00, 0x10, 0x7C, 0x10, 0x18, 0x00, 0x40, 0x82, 0x00, 0x10, 0x3A, 0x00, 0x00, 0x00,
  0x92, 0x05, 0x00, 0x08, 0x48, 0x00, 0x00, 0x30, 0x3A, 0x20, 0x00, 0x00, 0x92, 0x25, 0x00, 0x0C, 0x81, 0x24, 0x00, 0x18, 0x61, 0x29, 0x04, 0x00,
  0x91, 0x24, 0x00, 0x18, 0x48, 0x00, 0x00, 0x30, 0x7E, 0x12, 0xFB, 0xA6, 0x7E, 0x35, 0xFB, 0xA6, 0x39, 0x20, 0x00, 0x01, 0x91, 0x25, 0x00, 0x0C,
  0x48, 0x00, 0x00, 0x1C, 0x38, 0xA0, 0x00, 0x02, 0x63, 0xE4, 0x27, 0x74, 0x90, 0xA4, 0x00, 0x00, 0x38, 0x60, 0x00, 0x11, 0x48, 0x00, 0x01, 0xB9,
  0x4B, 0xFF, 0xFC, 0x71, 0x7C, 0x20, 0x00, 0xA6, 0x54, 0x21, 0x07, 0xFA, 0x54, 0x21, 0x04, 0x5E, 0x7C, 0x20, 0x01, 0x24, 0x63, 0xE1, 0x27, 0x98,
  0x80, 0x61, 0x00, 0x00, 0x7C, 0x6F, 0xF1, 0x20, 0x80, 0x61, 0x00, 0x14, 0x7C, 0x7A, 0x03, 0xA6, 0x80, 0x61, 0x00, 0x18, 0x7C, 0x7B, 0x03, 0xA6,
  0x80, 0x61, 0x00, 0x9C, 0x7C, 0x68, 0x03, 0xA6, 0xB8, 0x41, 0x00, 0x24, 0x80, 0x01, 0x00, 0x1C, 0x80, 0x21, 0x00, 0x20, 0x4C, 0x00, 0x00, 0x64,
  0x92, 0xB2, 0x00, 0x00, 0x48, 0x00, 0x02, 0x54, 0x2E, 0x9D, 0x00, 0x02, 0x38, 0x60, 0x00, 0x08, 0x63, 0xEC, 0x27, 0x7C, 0x48, 0x00, 0x00, 0xFD,
  0x80, 0xAC, 0x00, 0x00, 0x80, 0x6C, 0x00, 0x04, 0x98, 0x65, 0x00, 0x00, 0x41, 0x94, 0x00, 0x10, 0xB0, 0x65, 0x00, 0x00, 0x41, 0x96, 0x00, 0x08,
  0x90, 0x65, 0x00, 0x00, 0x7C, 0x00, 0x28, 0xAC, 0x7C, 0x00, 0x04, 0xAC, 0x7C, 0x00, 0x2F, 0xAC, 0x4C, 0x00, 0x01, 0x2C, 0x48, 0x00, 0x02, 0x08,
  0x48, 0x00, 0x01, 0x21, 0x38, 0x60, 0x00, 0x04, 0x63, 0xEC, 0x27, 0x7C, 0x48, 0x00, 0x00, 0xBD, 0x82, 0x0C, 0x00, 0x00, 0x3D, 0x80, 0x80, 0x00,
  0x61, 0x8C, 0x28, 0xB8, 0x48, 0x00, 0x00, 0x1C, 0x48, 0x00, 0x01, 0x01, 0x38, 0x60, 0x00, 0x08, 0x63, 0xEC, 0x27, 0x7C, 0x48, 0x00, 0x00, 0x9D,
  0x82, 0x0C, 0x00, 0x04, 0x81, 0x8C, 0x00, 0x00, 0x63, 0xFB, 0x27, 0x84, 0x3A, 0x20, 0x0F, 0x80, 0x48, 0x00, 0x02, 0x39, 0x41, 0x82, 0x00, 0x20,
  0x7E, 0x23, 0x8B, 0x78, 0x48, 0x00, 0x00, 0x7D, 0x48, 0x00, 0x00, 0xD1, 0x41, 0x82, 0xFF, 0xFC, 0x7D, 0x8C, 0x72, 0x14, 0x35, 0x6B, 0xFF, 0xFF,
  0x41, 0x81, 0xFF, 0xE8, 0x80, 0x7B, 0x00, 0x00, 0x2C, 0x03, 0x00, 0x00, 0x41, 0x82, 0x00, 0x08, 0x48, 0x00, 0x00, 0x59, 0x7C, 0x00, 0x60, 0xAC,
  0x7C, 0x00, 0x04, 0xAC, 0x7C, 0x00, 0x67, 0xAC, 0x4C, 0x00, 0x01, 0x2C, 0x48, 0x00, 0x01, 0x80, 0x7F, 0xC8, 0x02, 0xA6, 0x3C, 0x60, 0xA0, 0x00,
  0x48, 0x00, 0x00, 0x15, 0x76, 0x03, 0x08, 0x00, 0x56, 0x1D, 0x86, 0x3E, 0x7F, 0xC8, 0x03, 0xA6, 0x4E, 0x80, 0x00, 0x20, 0x92, 0xF8, 0x68, 0x14,
  0x90, 0x78, 0x68, 0x24, 0x92, 0xD8, 0x68, 0x20, 0x80, 0xB8, 0x68, 0x20, 0x70, 0xA5, 0x00, 0x01, 0x40, 0x82, 0xFF, 0xF8, 0x82, 0x18, 0x68, 0x24,
  0x90, 0xB8, 0x68, 0x14, 0x4E, 0x80, 0x00, 0x20, 0x7D, 0x48, 0x02, 0xA6, 0x7C, 0x69, 0x03, 0xA6, 0x39, 0xC0, 0x00, 0x00, 0x48, 0x00, 0x00, 0x79,
  0x48, 0x00, 0x00, 0x75, 0x4B, 0xFF, 0xFF, 0xAD, 0x41, 0x82, 0xFF, 0xF4, 0x7F, 0xAE, 0x61, 0xAE, 0x39, 0xCE, 0x00, 0x01, 0x42, 0x00, 0xFF, 0xE8,
  0x7D, 0x48, 0x03, 0xA6, 0x4E, 0x80, 0x00, 0x20, 0x7D, 0x48, 0x02, 0xA6, 0x7C, 0x69, 0x03, 0xA6, 0x39, 0xC0, 0x00, 0x00, 0x7C, 0x6C, 0x70, 0xAE,
  0x48, 0x00, 0x00, 0x1D, 0x41, 0x82, 0xFF, 0xF8, 0x39, 0xCE, 0x00, 0x01, 0x42, 0x00, 0xFF, 0xF0, 0x7D, 0x48, 0x03, 0xA6, 0x4E, 0x80, 0x00, 0x20,
  0x38, 0x60, 0x00, 0xAA, 0x7F, 0xC8, 0x02, 0xA6, 0x54, 0x63, 0xA0, 0x16, 0x64, 0x63, 0xB0, 0x00, 0x3A, 0xC0, 0x00, 0x19, 0x3A, 0xE0, 0x00, 0xD0,
  0x3F, 0x00, 0xCD, 0x00, 0x4B, 0xFF, 0xFF, 0x69, 0x56, 0x03, 0x37, 0xFF, 0x7F, 0xC8, 0x03, 0xA6, 0x4E, 0x80, 0x00, 0x20, 0x7F, 0xC8, 0x02, 0xA6,
  0x3C, 0x60, 0xD0, 0x00, 0x4B, 0xFF, 0xFF, 0x51, 0x56, 0x03, 0x37, 0xFF, 0x41, 0x82, 0xFF, 0xF4, 0x7F, 0xC8, 0x03, 0xA6, 0x4E, 0x80, 0x00, 0x20,
  0x4B, 0xFF, 0xFF, 0xB9, 0x38, 0x60, 0x00, 0x08, 0x63, 0xEC, 0x27, 0x7C, 0x4B, 0xFF, 0xFF, 0x55, 0x80, 0xAC, 0x00, 0x04, 0x81, 0x8C, 0x00, 0x00,
  0x63, 0xFB, 0x27, 0x84, 0x62, 0xB1, 0xF8, 0x00, 0x7E, 0x0C, 0x28, 0x50, 0x48, 0x00, 0x00, 0xED, 0x41, 0x81, 0x00, 0x10, 0x82, 0x3B, 0x00, 0x00,
  0x2C, 0x11, 0x00, 0x00, 0x41, 0x82, 0x00, 0x68, 0x7E, 0x23, 0x8B, 0x78, 0x4B, 0xFF, 0xFF, 0x55, 0x4B, 0xFF, 0xFF, 0xA5, 0x4B, 0xFF, 0xFF, 0xA1,
  0x4B, 0xFF, 0xFE, 0xD9, 0x41, 0x82, 0xFF, 0xF4, 0x2C, 0x1D, 0x00, 0xCC, 0x41, 0x82, 0x00, 0x48, 0x2C, 0x1D, 0x00, 0xBB, 0x41, 0x82, 0xFF, 0xDC,
  0x2C, 0x1D, 0x00, 0xAA, 0x40, 0x82, 0xFF, 0xDC, 0x7D, 0x8C, 0x72, 0x14, 0x35, 0x6B, 0xFF, 0xFF, 0x41, 0x80, 0x00, 0x2C, 0x4B, 0xFF, 0xFF, 0xB4,
  0x7E, 0xB5, 0xFB, 0xA6, 0x7E, 0xB2, 0xFB, 0xA6, 0x63, 0xE4, 0x27, 0x98, 0x81, 0x24, 0x00, 0x18, 0x55, 0x29, 0x05, 0xA8, 0x91, 0x24, 0x00, 0x18,
  0x48, 0x00, 0x00, 0x0C, 0x38, 0x60, 0x00, 0x80, 0x4B, 0xFF, 0xFF, 0x25, 0x80, 0x92, 0x00, 0x00, 0x2C, 0x04, 0x00, 0x00, 0x40, 0x82, 0xFA, 0x50,
  0xB3, 0x94, 0x40, 0x10, 0xC8, 0x41, 0x00, 0x98, 0xC8, 0x61, 0x00, 0xA0, 0x7F, 0x20, 0x00, 0xA6, 0x80, 0x01, 0x00, 0xAC, 0x7C, 0x08, 0x03, 0xA6,
  0x80, 0x01, 0x00, 0x0C, 0x7C, 0x0F, 0xF1, 0x20, 0x80, 0x01, 0x00, 0x10, 0x7C, 0x09, 0x03, 0xA6, 0x80, 0x01, 0x00, 0x14, 0x7C, 0x01, 0x03, 0xA6,
  0xB8, 0x61, 0x00, 0x18, 0x80, 0x01, 0x00, 0x08, 0x38, 0x21, 0x00, 0xA8, 0x4C, 0x00, 0x01, 0x2C, 0x4E, 0x80, 0x00, 0x20, 0x7E, 0x23, 0x20, 0x50,
  0x3C, 0xA0, 0x48, 0x00, 0x52, 0x25, 0x01, 0xBA, 0x90, 0xA3, 0x00, 0x00, 0x7C, 0x00, 0x18, 0xAC, 0x7C, 0x00, 0x04, 0xAC, 0x7C, 0x00, 0x1F, 0xAC,
  0x4C, 0x00, 0x01, 0x2C, 0x4E, 0x80, 0x00, 0x20, 0x7D, 0x70, 0x8B, 0xD7, 0x7D, 0x4B, 0x89, 0xD6, 0x7D, 0x4A, 0x80, 0x50, 0x91, 0x5B, 0x00, 0x00,
  0x4E, 0x80, 0x00, 0x20, 0x7F, 0xA8, 0x02, 0xA6, 0x3D, 0xE0, 0x80, 0x00, 0x61, 0xEF, 0x28, 0xB8, 0x63, 0xE7, 0x18, 0x08, 0x3C, 0xC0, 0x80, 0x00,
  0x7C, 0xD0, 0x33, 0x78, 0x39, 0x00, 0x00, 0x00, 0x3C, 0x60, 0x00, 0xD0, 0x60, 0x63, 0xC0, 0xDE, 0x80, 0x8F, 0x00, 0x00, 0x7C, 0x03, 0x20, 0x00,
  0x40, 0x82, 0x00, 0x18, 0x80, 0x8F, 0x00, 0x04, 0x7C, 0x03, 0x20, 0x00, 0x40, 0x82, 0x00, 0x0C, 0x39, 0xEF, 0x00, 0x08, 0x48, 0x00, 0x00, 0x0C,
  0x7F, 0xA8, 0x03, 0xA6, 0x4E, 0x80, 0x00, 0x20, 0x80, 0x6F, 0x00, 0x00, 0x80, 0x8F, 0x00, 0x04, 0x39, 0xEF, 0x00, 0x08, 0x71, 0x09, 0x00, 0x01,
  0x2F, 0x89, 0x00, 0x00, 0x39, 0x20, 0x00, 0x00, 0x54, 0x6A, 0x1F, 0x7E, 0x54, 0x65, 0x3F, 0x7E, 0x74, 0x6B, 0x10, 0x00, 0x54, 0x63, 0x01, 0xFE,
  0x40, 0x82, 0x00, 0x0C, 0x54, 0xCC, 0x00, 0x0C, 0x48, 0x00, 0x00, 0x08, 0x7E, 0x0C, 0x83, 0x78, 0x2E, 0x05, 0x00, 0x00, 0x2C, 0x0A, 0x00, 0x01,
  0x41, 0xA0, 0x00, 0x2C, 0x41, 0xA2, 0x00, 0xE4, 0x2C, 0x0A, 0x00, 0x03, 0x41, 0xA0, 0x01, 0xAC, 0x41, 0x82, 0x02, 0x50, 0x2C, 0x0A, 0x00, 0x05,
  0x41, 0x80, 0x02, 0xD4, 0x41, 0xA2, 0x04, 0xE0, 0x2C, 0x0A, 0x00, 0x07, 0x41, 0xA0, 0x05, 0x0C, 0x48, 0x00, 0x05, 0xF0, 0x7D, 0x8C, 0x1A, 0x14,
  0x2C, 0x05, 0x00, 0x03, 0x41, 0x82, 0x00, 0x48, 0x41, 0x81, 0x00, 0x60, 0x40, 0xBE, 0xFF, 0x84, 0x2E, 0x05, 0x00, 0x01, 0x41, 0x91, 0x00, 0x2C,
  0x54, 0x8A, 0x84, 0x3E, 0x41, 0x92, 0x00, 0x10, 0x7C, 0x89, 0x61, 0xAE, 0x39, 0x29, 0x00, 0x01, 0x48, 0x00, 0x00, 0x0C, 0x7C, 0x89, 0x63, 0x2E,
  0x39, 0x29, 0x00, 0x02, 0x35, 0x4A, 0xFF, 0xFF, 0x40, 0xA0, 0xFF, 0xE4, 0x4B, 0xFF, 0xFF, 0x54, 0x55, 0x8C, 0x00, 0x3A, 0x90, 0x8C, 0x00, 0x00,
  0x4B, 0xFF, 0xFF, 0x48, 0x7C, 0x89, 0x23, 0x78, 0x40, 0x9E, 0x04, 0xC8, 0x35, 0x29, 0xFF, 0xFF, 0x41, 0x80, 0x04, 0xC0, 0x7C, 0xA9, 0x78, 0xAE,
  0x7C, 0xA9, 0x61, 0xAE, 0x4B, 0xFF, 0xFF, 0xF0, 0x39, 0xEF, 0x00, 0x08, 0x40, 0xBE, 0xFF, 0x24, 0x80, 0xAF, 0xFF, 0xF8, 0x81, 0x6F, 0xFF, 0xFC,
  0x54, 0xB1, 0x04, 0x3E, 0x54, 0xAA, 0x85, 0x3E, 0x54, 0xA5, 0x27, 0x3E, 0x2E, 0x85, 0x00, 0x01, 0x41, 0x96, 0x00, 0x10, 0x41, 0xB5, 0x00, 0x14,
  0x7C, 0x89, 0x61, 0xAE, 0x48, 0x00, 0x00, 0x10, 0x7C, 0x89, 0x63, 0x2E, 0x48, 0x00, 0x00, 0x08, 0x7C, 0x89, 0x61, 0x2E, 0x7C, 0x84, 0x5A, 0x14,
  0x7D, 0x29, 0x8A, 0x14, 0x35, 0x4A, 0xFF, 0xFF, 0x40, 0x80, 0xFF, 0xD4, 0x4B, 0xFF, 0xFE, 0xDC, 0x54, 0x69, 0x07, 0xFF, 0x41, 0x82, 0x00, 0x10,
  0x55, 0x08, 0xF8, 0x7E, 0x71, 0x09, 0x00, 0x01, 0x2F, 0x89, 0x00, 0x00, 0x2E, 0x85, 0x00, 0x04, 0x2D, 0x8A, 0x00, 0x05, 0x51, 0x08, 0x08, 0x3C,
  0x40, 0x9E, 0x00, 0x78, 0x41, 0x8D, 0x04, 0xB8, 0x7D, 0x8C, 0x1A, 0x14, 0x41, 0x8C, 0x00, 0x0C, 0x41, 0x94, 0x00, 0x30, 0x48, 0x00, 0x00, 0x1C,
  0x40, 0x94, 0x00, 0x10, 0x55, 0x8C, 0x00, 0x3A, 0x81, 0x6C, 0x00, 0x00, 0x48, 0x00, 0x00, 0x1C, 0x55, 0x8C, 0x00, 0x3C, 0xA1, 0x6C, 0x00, 0x00,
  0x7C, 0x89, 0x20, 0xF8, 0x55, 0x29, 0x84, 0x3E, 0x7D, 0x6B, 0x48, 0x38, 0x54, 0x84, 0x04, 0x3E, 0x7F, 0x0B, 0x20, 0x40, 0x70, 0xA9, 0x00, 0x03,
  0x41, 0x82, 0x00, 0x18, 0x2C, 0x09, 0x00, 0x02, 0x41, 0x82, 0x00, 0x18, 0x41, 0x81, 0x00, 0x1C, 0x40, 0x9A, 0x00, 0x20, 0x48, 0x00, 0x00, 0x18,
  0x41, 0x9A, 0x00, 0x18, 0x48, 0x00, 0x00, 0x10, 0x41, 0x99, 0x00, 0x10, 0x48, 0x00, 0x00, 0x08, 0x41, 0x98, 0x00, 0x08, 0x61, 0x08, 0x00, 0x01,
  0x40, 0x8E, 0xFE, 0x40, 0x41, 0x94, 0xFE, 0x3C, 0x81, 0x6F, 0xFF, 0xF8, 0x40, 0x9E, 0x00, 0x20, 0x70, 0x6C, 0x00, 0x08, 0x41, 0x82, 0x00, 0x0C,
  0x71, 0x0C, 0x00, 0x01, 0x41, 0x82, 0x00, 0x10, 0x39, 0x8B, 0x00, 0x10, 0x51, 0x8B, 0x03, 0x36, 0x48, 0x00, 0x00, 0x08, 0x55, 0x6B, 0x07, 0x16,
  0x91, 0x6F, 0xFF, 0xF8, 0x4B, 0xFF, 0xFE, 0x0C, 0x40, 0xBE, 0xFE, 0x08, 0x54, 0x69, 0x16, 0xBA, 0x54, 0x6E, 0x87, 0xFE, 0x2D, 0x8E, 0x00, 0x00,
  0x2E, 0x05, 0x00, 0x04, 0x70, 0xAE, 0x00, 0x03, 0x2E, 0x8E, 0x00, 0x02, 0x41, 0x94, 0x00, 0x14, 0x41, 0x96, 0x00, 0x50, 0x7C, 0x64, 0x07, 0x34,
  0x7C, 0x84, 0x7A, 0x14, 0x48, 0x00, 0x00, 0x68, 0x54, 0x65, 0xA7, 0xFF, 0x41, 0x82, 0x00, 0x0C, 0x7D, 0x27, 0x48, 0x2E, 0x7C, 0x84, 0x4A, 0x14,
  0x41, 0x8E, 0x00, 0x08, 0x7C, 0x8C, 0x22, 0x14, 0x2E, 0x8E, 0x00, 0x01, 0x41, 0x96, 0x00, 0x08, 0x80, 0x84, 0x00, 0x00, 0x54, 0x63, 0x67, 0xFF,
  0x41, 0x82, 0x00, 0x3C, 0x40, 0x90, 0x00, 0x0C, 0x7C, 0x84, 0x32, 0x14, 0x48, 0x00, 0x00, 0x30, 0x7C, 0x84, 0x82, 0x14, 0x48, 0x00, 0x00, 0x28,
  0x54, 0x65, 0xA7, 0xFF, 0x41, 0x82, 0x00, 0x0C, 0x7D, 0x27, 0x48, 0x2E, 0x7C, 0x84, 0x4A, 0x14, 0x40, 0x90, 0x00, 0x0C, 0x7C, 0xCC, 0x21, 0x2E,
  0x4B, 0xFF, 0xFD, 0x80, 0x7E, 0x0C, 0x21, 0x2E, 0x4B, 0xFF, 0xFD, 0x78, 0x40, 0x90, 0x00, 0x0C, 0x7C, 0x86, 0x23, 0x78, 0x4B, 0xFF, 0xFD, 0x6C,
  0x7C, 0x90, 0x23, 0x78, 0x4B, 0xFF, 0xFD, 0x64, 0x54, 0x89, 0x1E, 0x78, 0x39, 0x29, 0x00, 0x40, 0x2C, 0x05, 0x00, 0x02, 0x41, 0x80, 0x00, 0x48,
  0x54, 0x6B, 0x50, 0x03, 0x41, 0x82, 0x00, 0x14, 0x41, 0x81, 0x00, 0x08, 0x48, 0x00, 0x00, 0x10, 0x41, 0xBE, 0xFD, 0x40, 0x48, 0x00, 0x00, 0x08,
  0x40, 0xBE, 0xFD, 0x38, 0x2C, 0x05, 0x00, 0x03, 0x41, 0x81, 0x00, 0x10, 0x41, 0xA2, 0x00, 0x10, 0x7D, 0xE7, 0x48, 0x2E, 0x4B, 0xFF, 0xFD, 0x24,
  0x7D, 0xE7, 0x49, 0x2E, 0x7C, 0x64, 0x07, 0x34, 0x54, 0x84, 0x1A, 0x78, 0x7D, 0xEF, 0x22, 0x14, 0x4B, 0xFF, 0xFD, 0x10, 0x40, 0xBE, 0xFD, 0x0C,
  0x7C, 0xA7, 0x4A, 0x14, 0x40, 0x92, 0x00, 0x14, 0x54, 0x64, 0x04, 0x3E, 0x91, 0xE5, 0x00, 0x00, 0x90, 0x85, 0x00, 0x04, 0x4B, 0xFF, 0xFC, 0xF4,
  0x81, 0x25, 0x00, 0x04, 0x2C, 0x09, 0x00, 0x00, 0x41, 0xA2, 0xFC, 0xE8, 0x39, 0x29, 0xFF, 0xFF, 0x91, 0x25, 0x00, 0x04, 0x81, 0xE5, 0x00, 0x00,
  0x4B, 0xFF, 0xFC, 0xD8, 0x40, 0xBE, 0xFC, 0xD4, 0x54, 0x6B, 0x16, 0xBA, 0x7F, 0x47, 0x5A, 0x14, 0x81, 0x3A, 0x00, 0x00, 0x54, 0x6E, 0x67, 0xBE,
  0x41, 0x92, 0x00, 0x84, 0x2E, 0x05, 0x00, 0x05, 0x40, 0x90, 0x01, 0x74, 0x2E, 0x05, 0x00, 0x03, 0x40, 0x90, 0x00, 0x90, 0x2E, 0x05, 0x00, 0x01,
  0x54, 0x65, 0x87, 0xFF, 0x41, 0x82, 0x00, 0x08, 0x7C, 0x8C, 0x22, 0x14, 0x2F, 0x0E, 0x00, 0x01, 0x40, 0x92, 0x00, 0x24, 0x41, 0xB9, 0x00, 0x18,
  0x41, 0x9A, 0x00, 0x0C, 0x88, 0x84, 0x00, 0x00, 0x48, 0x00, 0x00, 0xF8, 0xA0, 0x84, 0x00, 0x00, 0x48, 0x00, 0x00, 0xF0, 0x80, 0x84, 0x00, 0x00,
  0x48, 0x00, 0x00, 0xE8, 0x54, 0x73, 0xE5, 0x3E, 0x41, 0xB9, 0x00, 0x20, 0x41, 0x9A, 0x00, 0x10, 0x99, 0x24, 0x00, 0x00, 0x38, 0x84, 0x00, 0x01,
  0x48, 0x00, 0x00, 0x18, 0xB1, 0x24, 0x00, 0x00, 0x38, 0x84, 0x00, 0x02, 0x48, 0x00, 0x00, 0x0C, 0x91, 0x24, 0x00, 0x00, 0x38, 0x84, 0x00, 0x04,
  0x36, 0x73, 0xFF, 0xFF, 0x40, 0x80, 0xFF, 0xD4, 0x4B, 0xFF, 0xFC, 0x40, 0x54, 0x65, 0x87, 0xFF, 0x41, 0x82, 0x00, 0x08, 0x7C, 0x84, 0x62, 0x14,
  0x71, 0xC5, 0x00, 0x01, 0x41, 0x82, 0x00, 0x9C, 0x7C, 0x84, 0x4A, 0x14, 0x48, 0x00, 0x00, 0x94, 0x54, 0x6A, 0x87, 0xBE, 0x54, 0x8E, 0x16, 0xBA,
  0x7E, 0x67, 0x72, 0x14, 0x40, 0x92, 0x00, 0x08, 0x3A, 0x6F, 0xFF, 0xFC, 0x80, 0x9A, 0x00, 0x00, 0x81, 0x33, 0x00, 0x00, 0x71, 0x4B, 0x00, 0x01,
  0x41, 0x82, 0x00, 0x08, 0x7C, 0x9A, 0x23, 0x78, 0x71, 0x4B, 0x00, 0x02, 0x41, 0x82, 0x00, 0x10, 0x7D, 0x33, 0x4B, 0x78, 0x40, 0xB2, 0x00, 0x08,
  0x7E, 0x6C, 0x9A, 0x14, 0x54, 0x65, 0x67, 0x3F, 0x2C, 0x05, 0x00, 0x09, 0x40, 0x80, 0x00, 0x54, 0x48, 0x00, 0x00, 0x79, 0x7C, 0x89, 0x22, 0x14,
  0x48, 0x00, 0x00, 0x40, 0x7C, 0x89, 0x21, 0xD6, 0x48, 0x00, 0x00, 0x38, 0x7D, 0x24, 0x23, 0x78, 0x48, 0x00, 0x00, 0x30, 0x7D, 0x24, 0x20, 0x38,
  0x48, 0x00, 0x00, 0x28, 0x7D, 0x24, 0x22, 0x78, 0x48, 0x00, 0x00, 0x20, 0x7D, 0x24, 0x20, 0x30, 0x48, 0x00, 0x00, 0x18, 0x7D, 0x24, 0x24, 0x30,
  0x48, 0x00, 0x00, 0x10, 0x5D, 0x24, 0x20, 0x3E, 0x48, 0x00, 0x00, 0x08, 0x7D, 0x24, 0x26, 0x30, 0x90, 0x9A, 0x00, 0x00, 0x4B, 0xFF, 0xFB, 0x8C,
  0x2C, 0x05, 0x00, 0x0A, 0x41, 0x81, 0xFB, 0x84, 0xC0, 0x5A, 0x00, 0x00, 0xC0, 0x73, 0x00, 0x00, 0x41, 0x82, 0x00, 0x0C, 0xEC, 0x43, 0x10, 0x2A,
  0x48, 0x00, 0x00, 0x08, 0xEC, 0x43, 0x00, 0xB2, 0xD0, 0x5A, 0x00, 0x00, 0x4B, 0xFF, 0xFB, 0x64, 0x7D, 0x48, 0x02, 0xA6, 0x54, 0xA5, 0x1E, 0x78,
  0x7D, 0x4A, 0x2A, 0x14, 0x80, 0x9A, 0x00, 0x00, 0x81, 0x33, 0x00, 0x00, 0x7D, 0x48, 0x03, 0xA6, 0x4E, 0x80, 0x00, 0x20, 0x40, 0xBE, 0xFB, 0x44,
  0x54, 0x69, 0xC0, 0x3E, 0x7D, 0x8E, 0x63, 0x78, 0x48, 0x00, 0x00, 0x35, 0x41, 0x92, 0x00, 0x0C, 0x7E, 0x31, 0x22, 0x14, 0x48, 0x00, 0x00, 0x08,
  0x7D, 0x29, 0x22, 0x14, 0x54, 0x64, 0xC4, 0x3F, 0x38, 0xA0, 0x00, 0x00, 0x41, 0x82, 0xFB, 0x1C, 0x7D, 0x45, 0x88, 0xAE, 0x7D, 0x45, 0x49, 0xAE,
  0x38, 0xA5, 0x00, 0x01, 0x7C, 0x05, 0x20, 0x00, 0x4B, 0xFF, 0xFF, 0xEC, 0x2E, 0x8A, 0x00, 0x04, 0x55, 0x31, 0x36, 0xBA, 0x2C, 0x11, 0x00, 0x3C,
  0x7E, 0x27, 0x88, 0x2E, 0x40, 0x82, 0x00, 0x08, 0x7D, 0xD1, 0x73, 0x78, 0x41, 0x96, 0x00, 0x08, 0xA2, 0x31, 0x00, 0x00, 0x55, 0x29, 0x56, 0xBA,
  0x2C, 0x09, 0x00, 0x3C, 0x7D, 0x27, 0x48, 0x2E, 0x40, 0x82, 0x00, 0x08, 0x7D, 0xC9, 0x73, 0x78, 0x41, 0x96, 0x00, 0x08, 0xA1, 0x29, 0x00, 0x00,
  0x4E, 0x80, 0x00, 0x20, 0x2C, 0x05, 0x00, 0x04, 0x40, 0x80, 0x00, 0x28, 0x7C, 0x89, 0x23, 0x78, 0x7D, 0xC3, 0x62, 0x14, 0x55, 0xCE, 0x00, 0x3C,
  0x4B, 0xFF, 0xFF, 0xAD, 0x7C, 0x84, 0x20, 0xF8, 0x54, 0x84, 0x04, 0x3E, 0x7D, 0x2B, 0x20, 0x38, 0x7E, 0x24, 0x20, 0x38, 0x4B, 0xFF, 0xFB, 0xC4,
  0x54, 0x6B, 0xE4, 0x3E, 0x4B, 0xFF, 0xFB, 0xBC, 0x7C, 0x9A, 0x23, 0x78, 0x54, 0x84, 0x18, 0x38, 0x40, 0x92, 0x00, 0x20, 0x40, 0x9E, 0x00, 0x0C,
  0x7D, 0xE8, 0x03, 0xA6, 0x4E, 0x80, 0x00, 0x21, 0x7D, 0xE4, 0x7A, 0x14, 0x39, 0xEF, 0x00, 0x07, 0x55, 0xEF, 0x00, 0x38, 0x4B, 0xFF, 0xFA, 0x6C,
  0x2E, 0x05, 0x00, 0x03, 0x41, 0x91, 0x00, 0x5C, 0x3C, 0xA0, 0x48, 0x00, 0x7D, 0x83, 0x62, 0x14, 0x55, 0x8C, 0x00, 0x3A, 0x40, 0x92, 0x00, 0x20,
  0x40, 0xBE, 0xFA, 0x50, 0x57, 0x44, 0x00, 0x3A, 0x7C, 0x8C, 0x20, 0x50, 0x50, 0x85, 0x01, 0xBA, 0x50, 0x65, 0x07, 0xFE, 0x90, 0xAC, 0x00, 0x00,
  0x4B, 0xFF, 0xFA, 0x38, 0x40, 0xBE, 0xFF, 0xBC, 0x7D, 0x2C, 0x78, 0x50, 0x51, 0x25, 0x01, 0xBA, 0x90, 0xAC, 0x00, 0x00, 0x39, 0x8C, 0x00, 0x04,
  0x7D, 0x6F, 0x22, 0x14, 0x39, 0x6B, 0xFF, 0xFC, 0x7D, 0x2B, 0x60, 0x50, 0x51, 0x25, 0x01, 0xBA, 0x90, 0xAB, 0x00, 0x00, 0x4B, 0xFF, 0xFF, 0x94,
  0x2E, 0x05, 0x00, 0x06, 0x41, 0x92, 0x00, 0x28, 0x4B, 0xFF, 0xFB, 0x28, 0x55, 0x8C, 0x84, 0x3E, 0x57, 0x44, 0x84, 0x3E, 0x57, 0x5A, 0x04, 0x3E,
  0x7C, 0x0C, 0x20, 0x00, 0x41, 0x80, 0xFB, 0xA8, 0x7C, 0x0C, 0xD0, 0x00, 0x40, 0x80, 0xFB, 0xA0, 0x4B, 0xFF, 0xF9, 0xE0, 0x57, 0x45, 0xFF, 0xFE,
  0x68, 0xA5, 0x00, 0x01, 0x71, 0x03, 0x00, 0x01, 0x7C, 0x05, 0x18, 0x00, 0x41, 0x82, 0x00, 0x1C, 0x51, 0x1A, 0x0F, 0xBC, 0x6B, 0x5A, 0x00, 0x02,
  0x57, 0x45, 0xFF, 0xFF, 0x41, 0x82, 0x00, 0x08, 0x6B, 0x5A, 0x00, 0x01, 0x93, 0x4F, 0xFF, 0xFC, 0x53, 0x48, 0x07, 0xFE, 0x4B, 0xFF, 0xF9, 0xAC,
  0x2C, 0x0B, 0x00, 0x00, 0x41, 0x82, 0x01, 0x38, 0x2C, 0x05, 0x00, 0x01, 0x41, 0x82, 0x00, 0x18, 0x2C, 0x05, 0x00, 0x02, 0x41, 0x82, 0x00, 0x14,
  0x2C, 0x05, 0x00, 0x03, 0x41, 0x82, 0x00, 0x70, 0x4B, 0xFF, 0xF9, 0x80, 0x54, 0xCC, 0x00, 0x0C, 0x54, 0x97, 0x46, 0x3E, 0x54, 0x98, 0xC4, 0x3E,
  0x54, 0x84, 0x06, 0x3E, 0x40, 0x9E, 0x00, 0xFC, 0x56, 0xF9, 0x06, 0x31, 0x7D, 0x9A, 0x63, 0x78, 0x7F, 0x43, 0xD2, 0x14, 0x57, 0x5A, 0x00, 0x3A,
  0x41, 0x82, 0x00, 0x18, 0x7E, 0xF7, 0x07, 0x74, 0x7E, 0xF7, 0x00, 0xD0, 0x1F, 0x37, 0x00, 0x02, 0x3B, 0x39, 0x00, 0x04, 0x7F, 0x59, 0xD0, 0x50,
  0x2C, 0x17, 0x00, 0x00, 0x41, 0x82, 0x00, 0x1C, 0x3B, 0x20, 0x00, 0x00, 0x7E, 0xE9, 0x03, 0xA6, 0xA3, 0x7A, 0x00, 0x04, 0x7F, 0x79, 0xCA, 0x78,
  0x3B, 0x5A, 0x00, 0x02, 0x42, 0x00, 0xFF, 0xF4, 0x7C, 0x18, 0xC8, 0x00, 0x40, 0x82, 0x00, 0xAC, 0x4B, 0xFF, 0xFE, 0x90, 0x51, 0x08, 0x08, 0x3C,
  0x40, 0x9E, 0x00, 0x9C, 0x54, 0x77, 0xB0, 0x03, 0x41, 0x81, 0x00, 0x88, 0x41, 0x80, 0x00, 0x8C, 0x54, 0x7E, 0x06, 0x3E, 0x1F, 0xDE, 0x00, 0x02,
  0x54, 0x97, 0x00, 0x1E, 0x6E, 0xF8, 0x80, 0x00, 0x2C, 0x18, 0x00, 0x00, 0x40, 0x82, 0x00, 0x08, 0x62, 0xF7, 0x30, 0x00, 0x54, 0x98, 0x80, 0x1E,
  0x1F, 0x3E, 0x00, 0x04, 0x7F, 0x19, 0xC0, 0x50, 0x3B, 0x20, 0x00, 0x00, 0x1F, 0x59, 0x00, 0x04, 0x7F, 0x6F, 0xD0, 0x2E, 0x7F, 0x57, 0xD0, 0x2E,
  0x3B, 0x39, 0x00, 0x01, 0x7C, 0x17, 0xC0, 0x40, 0x41, 0x81, 0x00, 0x34, 0x7C, 0x19, 0xF0, 0x00, 0x41, 0x81, 0x00, 0x14, 0x7C, 0x1A, 0xD8, 0x00,
  0x41, 0x82, 0xFF, 0xDC, 0x3A, 0xF7, 0x00, 0x04, 0x4B, 0xFF, 0xFF, 0xD0, 0x80, 0x6F, 0xFF, 0xF8, 0x60, 0x63, 0x03, 0x00, 0x90, 0x6F, 0xFF, 0xF8,
  0x92, 0xEF, 0xFF, 0xFC, 0x7E, 0xF0, 0xBB, 0x78, 0x48, 0x00, 0x00, 0x1C, 0x80, 0x6F, 0xFF, 0xF8, 0x60, 0x63, 0x01, 0x00, 0x90, 0x6F, 0xFF, 0xF8,
  0x61, 0x08, 0x00, 0x01, 0x48, 0x00, 0x00, 0x08, 0x7C, 0x90, 0x23, 0x78, 0x54, 0x64, 0x06, 0x3E, 0x1C, 0x84, 0x00, 0x08, 0x7D, 0xE4, 0x7A, 0x14,
  0x4B, 0xFF, 0xF8, 0x70, 0x40, 0x92, 0x00, 0x0C, 0x39, 0x00, 0x00, 0x00, 0x48, 0x00, 0x00, 0x14, 0x54, 0x69, 0x06, 0xFF, 0x54, 0x65, 0x67, 0xFE,
  0x7D, 0x08, 0x4C, 0x30, 0x55, 0x17, 0xFF, 0xFF, 0x40, 0x82, 0x00, 0x08, 0x7D, 0x08, 0x2A, 0x78, 0x54, 0x85, 0x00, 0x1F, 0x41, 0x82, 0x00, 0x08,
  0x7C, 0xA6, 0x2B, 0x78, 0x54, 0x85, 0x80, 0x1F, 0x41, 0x82, 0x00, 0x08, 0x7C, 0xB0, 0x2B, 0x78, 0x4B, 0xFF, 0xF8, 0x30, 0x00, 0x00, 0x00, 0x00,
  0x00, 0x00, 0x00, 0x00, 0x00, 0x00, 0x00, 0x00, 0x00, 0x00, 0x00, 0x00, 0x00, 0x00, 0x00, 0x00, 0x00, 0x00, 0x00, 0x00, 0x00, 0x00, 0x00, 0x00,
  0x00, 0x00, 0x00, 0x00, 0x00, 0x00, 0x00, 0x00, 0x00, 0x00, 0x00, 0x00, 0x00, 0x00, 0x00, 0x00, 0x00, 0x00, 0x00, 0x00, 0x00, 0x00, 0x00, 0x00,
  0x00, 0x00, 0x00, 0x00, 0x00, 0x00, 0x00, 0x00, 0x00, 0x00, 0x00, 0x00, 0x00, 0x00, 0x00, 0x00, 0x00, 0x00, 0x00, 0x00, 0x00, 0x00, 0x00, 0x00,
  0x00, 0x00, 0x00, 0x00, 0x00, 0x00, 0x00, 0x00, 0x00, 0x00, 0x00, 0x00, 0x00, 0x00, 0x00, 0x00, 0x00, 0x00, 0x00, 0x00, 0x00, 0x00, 0x00, 0x00,
  0x00, 0x00, 0x00, 0x00, 0x00, 0x00, 0x00, 0x00, 0x00, 0x00, 0x00, 0x00, 0x00, 0x00, 0x00, 0x00, 0x00, 0x00, 0x00, 0x00, 0x00, 0x00, 0x00, 0x00,
  0x00, 0x00, 0x00, 0x00, 0x00, 0x00, 0x00, 0x00, 0x00, 0x00, 0x00, 0x00, 0x00, 0x00, 0x00, 0x00, 0x00, 0x00, 0x00, 0x00, 0x00, 0x00, 0x00, 0x00,
  0x00, 0x00, 0x00, 0x00, 0x00, 0x00, 0x00, 0x00, 0x00, 0x00, 0x00, 0x00, 0x00, 0x00, 0x00, 0x00, 0x00, 0x00, 0x00, 0x00, 0x00, 0x00, 0x00, 0x00,
  0x00, 0x00, 0x00, 0x00, 0x00, 0x00, 0x00, 0x00, 0x00, 0x00, 0x00, 0x00, 0x00, 0x00, 0x00, 0x00, 0x00, 0x00, 0x00, 0x00, 0x00, 0x00, 0x00, 0x00,
  0x00, 0x00, 0x00, 0x00, 0x00, 0x00, 0x00, 0x00, 0x00, 0x00, 0x00, 0x00, 0x00, 0x00, 0x00, 0x00, 0x00, 0x00, 0x00, 0x00, 0x00, 0x00, 0x00, 0x00,
  0x00, 0x00, 0x00, 0x00, 0x00, 0x00, 0x00, 0x00, 0x00, 0x00, 0x00, 0x00, 0x00, 0x00, 0x00, 0x00, 0x00, 0x00, 0x00, 0x00, 0x00, 0x00, 0x00, 0x00,
  0x00, 0x00, 0x00, 0x00, 0x00, 0x00, 0x00, 0x00, 0x00, 0x00, 0x00, 0x00, 0x00, 0x00, 0x00, 0x00, 0x00, 0x00, 0x00, 0x00, 0x00, 0x00, 0x00, 0x00,
  0x00, 0x00, 0x00, 0x00, 0x00, 0x00, 0x00, 0x00, 0x00, 0x00, 0x00, 0x00, 0x00, 0x00, 0x00, 0x00, 0x00, 0x00, 0x00, 0x00, 0x00, 0x00, 0x00, 0x00,
  0x00, 0x00, 0x00, 0x00, 0x00, 0x00, 0x00, 0x00, 0x00, 0x00, 0x00, 0x00, 0x00, 0x00, 0x00, 0x00, 0x00, 0x00, 0x00, 0x00, 0x00, 0x00, 0x00, 0x00,
  0x00, 0x00, 0x00, 0x00, 0x00, 0x00, 0x00, 0x00, 0x00, 0x00, 0x00, 0x00, 0x00, 0x00, 0x00, 0x00,
};
const size_t codehandler_bin_size = 4288;
const uint8_t bootloader_gct[1352] = {
  0x00, 0xD0, 0xC0, 0xDE, 0x00, 0xD0, 0xC0, 0xDE, 0x04, 0x15, 0xFF, 0x60, 0x38, 0x80, 0x00, 0x06, 0x04, 0x34, 0x63, 0x14, 0x48, 0x00, 0x00, 0x58,
  0xC2, 0x37, 0x53, 0x80, 0x00, 0x00, 0x00, 0x50, 0x3D, 0x80, 0x80, 0x34, 0x61, 0x8C, 0x44, 0xE0, 0x7D, 0x89, 0x03, 0xA6, 0x4E, 0x80, 0x04, 0x21,
  0x7C, 0x08, 0x02, 0xA6, 0x90, 0x01, 0x00, 0x04, 0x94, 0x21, 0xFF, 0x20, 0xBE, 0x81, 0x00, 0xB0, 0x38, 0x9F, 0x00, 0x40, 0x7F, 0xE3, 0xFB, 0x78,
  0x3D, 0x80, 0x80, 0x34, 0x61, 0x8C, 0x40, 0xE8, 0x7D, 0x89, 0x03, 0xA6, 0x4E, 0x80, 0x04, 0x21, 0x7C, 0x7A, 0x1B, 0x78, 0x7F, 0x43, 0xD3, 0x78,
  0x38, 0x80, 0x00, 0x20, 0x3D, 0x80, 0x80, 0x34, 0x61, 0x8C, 0x3E, 0xF0, 0x7D, 0x89, 0x03, 0xA6, 0x4E, 0x80, 0x04, 0x21, 0x7C, 0x79, 0x1B, 0x78,
  0x38, 0x60, 0x00, 0xD3, 0x98, 0x79, 0x00, 0x00, 0x7F, 0x23, 0xCB, 0x78, 0x38, 0x80, 0x00, 0x01, 0x38, 0xA0, 0x00, 0x01, 0x3D, 0x80, 0x80, 0x00,
  0x61, 0x8C, 0x55, 0xF0, 0x7D, 0x89, 0x03, 0xA6, 0x4E, 0x80, 0x04, 0x21, 0x7F, 0x23, 0xCB, 0x78, 0x38, 0x80, 0x00, 0x04, 0x38, 0xA0, 0x00, 0x00,
  0x3D, 0x80, 0x80, 0x00, 0x61, 0x8C, 0x55, 0xF0, 0x7D, 0x89, 0x03, 0xA6, 0x4E, 0x80, 0x04, 0x21, 0x83, 0x99, 0x00, 0x00, 0x7F, 0x43, 0xD3, 0x78,
  0x3D, 0x80, 0x80, 0x34, 0x61, 0x8C, 0x41, 0x54, 0x7D, 0x89, 0x03, 0xA6, 0x4E, 0x80, 0x04, 0x21, 0x3B, 0x9C, 0x00, 0x1F, 0x57, 0x9C, 0x00, 0x34,
  0x7C, 0x9F, 0xE2, 0x14, 0x38, 0x84, 0x00, 0xC0, 0x7F, 0xE3, 0xFB, 0x78, 0x7C, 0x9F, 0x23, 0x78, 0x3D, 0x80, 0x80, 0x34, 0x61, 0x8C, 0x40, 0xE8,
  0x7D, 0x89, 0x03, 0xA6, 0x4E, 0x80, 0x04, 0x21, 0x7C, 0x7A, 0x1B, 0x78, 0x7F, 0x43, 0xD3, 0x78, 0x7F, 0x84, 0xE3, 0x78, 0x3D, 0x80, 0x80, 0x34,
  0x61, 0x8C, 0x3E, 0xF0, 0x7D, 0x89, 0x03, 0xA6, 0x4E, 0x80, 0x04, 0x21, 0x7C, 0x79, 0x1B, 0x78, 0x38, 0x60, 0x00, 0xD4, 0x98, 0x79, 0x00, 0x00,
  0x93, 0x39, 0x00, 0x01, 0x7F, 0x23, 0xCB, 0x78, 0x38, 0x80, 0x00, 0x05, 0x38, 0xA0, 0x00, 0x01, 0x3D, 0x80, 0x80, 0x00, 0x61, 0x8C, 0x55, 0xF0,
  0x7D, 0x89, 0x03, 0xA6, 0x4E, 0x80, 0x04, 0x21, 0x7F, 0x23, 0xCB, 0x78, 0x7F, 0x84, 0xE3, 0x78, 0x38, 0xA0, 0x00, 0x00, 0x3D, 0x80, 0x80, 0x00,
  0x61, 0x8C, 0x55, 0xF0, 0x7D, 0x89, 0x03, 0xA6, 0x4E, 0x80, 0x04, 0x21, 0x93, 0xED, 0xC0, 0x18, 0x3C, 0x60, 0x80, 0x00, 0x60, 0x63, 0x56, 0x00,
  0x93, 0x23, 0x00, 0x00, 0x38, 0x79, 0x00, 0x08, 0x48, 0x00, 0x00, 0x39, 0x7C, 0x88, 0x02, 0xA6, 0x3D, 0x80, 0x80, 0x00, 0x61, 0x8C, 0x55, 0xFC,
  0x7D, 0x89, 0x03, 0xA6, 0x4E, 0x80, 0x04, 0x21, 0x7F, 0x43, 0xD3, 0x78, 0x38, 0x80, 0x00, 0x80, 0x3D, 0x80, 0x80, 0x34, 0x61, 0x8C, 0x3E, 0xF0,
  0x7D, 0x89, 0x03, 0xA6, 0x4E, 0x80, 0x04, 0x21, 0x90, 0x6D, 0xAF, 0xC4, 0x48, 0x00, 0x00, 0xE0, 0x4E, 0x80, 0x00, 0x21, 0x2C, 0x05, 0x00, 0x00,
  0x41, 0x82, 0x00, 0xD0, 0x7C, 0x08, 0x02, 0xA6, 0x90, 0x01, 0x00, 0x04, 0x94, 0x21, 0xFF, 0x20, 0xBE, 0x81, 0x00, 0xB0, 0x7C, 0x9E, 0x23, 0x78,
  0x7C, 0xBB, 0x2B, 0x78, 0x80, 0xBE, 0x00, 0x00, 0x54, 0xA5, 0x01, 0xFE, 0x64, 0xBD, 0x80, 0x00, 0x2C, 0x03, 0x00, 0x04, 0x41, 0x82, 0x00, 0x14,
  0x2C, 0x03, 0x00, 0x06, 0x41, 0x82, 0x00, 0x14, 0x2C, 0x03, 0x00, 0xC2, 0x41, 0x82, 0x00, 0x14, 0x3B, 0x9E, 0x00, 0x04, 0x48, 0x00, 0x00, 0x48,
  0x3B, 0x9E, 0x00, 0x08, 0x48, 0x00, 0x00, 0x40, 0x38, 0x9E, 0x00, 0x08, 0x7C, 0x7D, 0x20, 0x50, 0x54, 0x63, 0x01, 0xBA, 0x64, 0x63, 0x48, 0x00,
  0x90, 0x61, 0x00, 0x08, 0x3B, 0x81, 0x00, 0x08, 0x80, 0x7E, 0x00, 0x04, 0x1C, 0x63, 0x00, 0x08, 0x7C, 0x83, 0xF2, 0x14, 0x38, 0x7D, 0x00, 0x04,
  0x7C, 0x64, 0x18, 0x50, 0x54, 0x63, 0x01, 0xBA, 0x64, 0x63, 0x48, 0x00, 0x38, 0x63, 0xFF, 0xFC, 0x90, 0x64, 0x00, 0x04, 0x7F, 0xA3, 0xEB, 0x78,
  0x7F, 0x84, 0xE3, 0x78, 0x7F, 0x65, 0xDB, 0x78, 0x3D, 0x80, 0x80, 0x00, 0x61, 0x8C, 0x31, 0xF4, 0x7D, 0x89, 0x03, 0xA6, 0x4E, 0x80, 0x04, 0x21,
  0x7F, 0xA3, 0xEB, 0x78, 0x7F, 0x64, 0xDB, 0x78, 0x3D, 0x80, 0x80, 0x32, 0x61, 0x8C, 0x8F, 0x50, 0x7D, 0x89, 0x03, 0xA6, 0x4E, 0x80, 0x04, 0x21,
  0xBA, 0x81, 0x00, 0xB0, 0x80, 0x01, 0x00, 0xE4, 0x38, 0x21, 0x00, 0xE0, 0x7C, 0x08, 0x03, 0xA6, 0x4E, 0x80, 0x00, 0x20, 0xBA, 0x81, 0x00, 0xB0,
  0x80, 0x01, 0x00, 0xE4, 0x38, 0x21, 0x00, 0xE0, 0x7C, 0x08, 0x03, 0xA6, 0x83, 0xED, 0xC0, 0x18, 0x60, 0x00, 0x00, 0x00, 0x00, 0x00, 0x00, 0x00,
  0xC2, 0x00, 0x55, 0xF0, 0x00, 0x00, 0x00, 0x2C, 0x7C, 0x08, 0x02, 0xA6, 0x90, 0x01, 0x00, 0x04, 0x94, 0x21, 0xFF, 0x20, 0xBE, 0x81, 0x00, 0xB0,
  0x7C, 0x7E, 0x1B, 0x78, 0x7C, 0x9D, 0x23, 0x78, 0x7C, 0xBF, 0x2B, 0x78, 0x3D, 0x80, 0x80, 0x34, 0x61, 0x8C, 0x73, 0x64, 0x7D, 0x89, 0x03, 0xA6,
  0x4E, 0x80, 0x04, 0x21, 0x7C, 0x7C, 0x1B, 0x78, 0x2C, 0x1F, 0x00, 0x00, 0x41, 0x82, 0x00, 0x20, 0x38, 0x60, 0x00, 0x00, 0x7C, 0x1E, 0x18, 0xAC,
  0x38, 0x63, 0x00, 0x20, 0x7C, 0x03, 0xE8, 0x00, 0x41, 0x80, 0xFF, 0xF4, 0x7C, 0x00, 0x04, 0xAC, 0x4C, 0x00, 0x01, 0x2C, 0x38, 0x60, 0x00, 0x01,
  0x38, 0x80, 0x00, 0x00, 0x3D, 0x80, 0x80, 0x34, 0x61, 0x8C, 0x64, 0xC0, 0x7D, 0x89, 0x03, 0xA6, 0x4E, 0x80, 0x04, 0x21, 0x38, 0x60, 0x00, 0x01,
  0x3D, 0x80, 0x80, 0x34, 0x61, 0x8C, 0x6D, 0x80, 0x7D, 0x89, 0x03, 0xA6, 0x4E, 0x80, 0x04, 0x21, 0x38, 0x60, 0x00, 0x01, 0x38, 0x80, 0x00, 0x00,
  0x38, 0xA0, 0x00, 0x05, 0x3D, 0x80, 0x80, 0x34, 0x61, 0x8C, 0x66, 0x88, 0x7D, 0x89, 0x03, 0xA6, 0x4E, 0x80, 0x04, 0x21, 0x38, 0x60, 0x00, 0x01,
  0x7F, 0xC4, 0xF3, 0x78, 0x7F, 0xA5, 0xEB, 0x78, 0x7F, 0xE6, 0xFB, 0x78, 0x38, 0xE0, 0x00, 0x00, 0x3D, 0x80, 0x80, 0x34, 0x61, 0x8C, 0x5E, 0x60,
  0x7D, 0x89, 0x03, 0xA6, 0x4E, 0x80, 0x04, 0x21, 0x38, 0x60, 0x00, 0x01, 0x3D, 0x80, 0x80, 0x34, 0x61, 0x8C, 0x5F, 0x4C, 0x7D, 0x89, 0x03, 0xA6,
  0x4E, 0x80, 0x04, 0x21, 0x38, 0x60, 0x00, 0x01, 0x3D, 0x80, 0x80, 0x34, 0x61, 0x8C, 0x67, 0xB4, 0x7D, 0x89, 0x03, 0xA6, 0x4E, 0x80, 0x04, 0x21,
  0x38, 0x60, 0x00, 0x01, 0x3D, 0x80, 0x80, 0x34, 0x61, 0x8C, 0x6E, 0x74, 0x7D, 0x89, 0x03, 0xA6, 0x4E, 0x80, 0x04, 0x21, 0x38, 0x60, 0x00, 0x01,
  0x3D, 0x80, 0x80, 0x34, 0x61, 0x8C, 0x65, 0xCC, 0x7D, 0x89, 0x03, 0xA6, 0x4E, 0x80, 0x04, 0x21, 0x2C, 0x1F, 0x00, 0x00, 0x40, 0x82, 0x00, 0x20,
  0x38, 0x60, 0x00, 0x00, 0x7C, 0x1E, 0x1B, 0xAC, 0x38, 0x63, 0x00, 0x20, 0x7C, 0x03, 0xE8, 0x00, 0x41, 0x80, 0xFF, 0xF4, 0x7C, 0x00, 0x04, 0xAC,
  0x4C, 0x00, 0x01, 0x2C, 0x7F, 0x83, 0xE3, 0x78, 0x3D, 0x80, 0x80, 0x34, 0x61, 0x8C, 0x73, 0x8C, 0x7D, 0x89, 0x03, 0xA6, 0x4E, 0x80, 0x04, 0x21,
  0xBA, 0x81, 0x00, 0xB0, 0x80, 0x01, 0x00, 0xE4, 0x38, 0x21, 0x00, 0xE0, 0x7C, 0x08, 0x03, 0xA6, 0x4E, 0x80, 0x00, 0x20, 0x00, 0x00, 0x00, 0x00,
  0xC2, 0x00, 0x55, 0xFC, 0x00, 0x00, 0x00, 0x21, 0x7C, 0x08, 0x02, 0xA6, 0x90, 0x01, 0x00, 0x04, 0x94, 0x21, 0xFF, 0x20, 0xBE, 0x81, 0x00, 0xB0,
  0x7C, 0x7D, 0x1B, 0x78, 0x7C, 0x7A, 0x1B, 0x78, 0x7C, 0x9E, 0x23, 0x78, 0x3B, 0x80, 0x00, 0x00, 0x80, 0x7D, 0x00, 0x00, 0x54, 0x63, 0x46, 0x3C,
  0x3B, 0x60, 0x00, 0x08, 0x3B, 0x20, 0x00, 0x00, 0x2C, 0x03, 0x00, 0xC0, 0x41, 0x82, 0x00, 0x44, 0x2C, 0x03, 0x00, 0xC2, 0x41, 0x82, 0x00, 0x4C,
  0x2C, 0x03, 0x00, 0x04, 0x41, 0x82, 0x00, 0x58, 0x2C, 0x03, 0x00, 0x06, 0x41, 0x82, 0x00, 0x58, 0x2C, 0x03, 0x00, 0x08, 0x41, 0x82, 0x00, 0x68,
  0x80, 0x7D, 0x00, 0x00, 0x54, 0x63, 0x21, 0x3E, 0x2C, 0x03, 0x00, 0x0F, 0x40, 0x82, 0x00, 0x10, 0x80, 0x7D, 0x00, 0x04, 0x2C, 0x03, 0x00, 0x00,
  0x41, 0x82, 0x00, 0x7C, 0x48, 0x00, 0x00, 0x4C, 0x80, 0x7D, 0x00, 0x04, 0x1C, 0x63, 0x00, 0x08, 0x3B, 0x63, 0x00, 0x08, 0x48, 0x00, 0x00, 0x3C,
  0x80, 0x7D, 0x00, 0x04, 0x1C, 0x63, 0x00, 0x08, 0x3B, 0x63, 0x00, 0x08, 0x3B, 0x20, 0x00, 0x04, 0x48, 0x00, 0x00, 0x28, 0x3B, 0x20, 0x00, 0x04,
  0x48, 0x00, 0x00, 0x20, 0x80, 0x7D, 0x00, 0x04, 0x38, 0x63, 0x00, 0x07, 0x54, 0x63, 0x00, 0x38, 0x3B, 0x63, 0x00, 0x08, 0x83, 0x3D, 0x00, 0x04,
  0x48, 0x00, 0x00, 0x08, 0x3B, 0x60, 0x00, 0x10, 0x3B, 0x9C, 0x00, 0x01, 0x2C, 0x1E, 0x00, 0x00, 0x41, 0x82, 0x00, 0x1C, 0x80, 0x7D, 0x00, 0x00,
  0x54, 0x63, 0x46, 0x3C, 0x7F, 0xA4, 0xEB, 0x78, 0x7F, 0x25, 0xCB, 0x78, 0x7F, 0xC9, 0x03, 0xA6, 0x4E, 0x80, 0x04, 0x21, 0x7F, 0xBD, 0xDA, 0x14,
  0x4B, 0xFF, 0xFF, 0x38, 0x7C, 0x7A, 0xE8, 0x50, 0xBA, 0x81, 0x00, 0xB0, 0x80, 0x01, 0x00, 0xE4, 0x38, 0x21, 0x00, 0xE0, 0x7C, 0x08, 0x03, 0xA6,
  0x4E, 0x80, 0x00, 0x20, 0x00, 0x00, 0x00, 0x00, 0x04, 0x3D, 0x4A, 0x48, 0x00, 0x34, 0x01, 0x02, 0x04, 0x3D, 0x4A, 0x4C, 0x04, 0x00, 0x0A, 0x00,
  0x04, 0x3D, 0x4A, 0x50, 0x08, 0x01, 0x01, 0x00, 0x04, 0x3D, 0x4A, 0x60, 0xFF, 0x00, 0x00, 0x00, 0x04, 0x3D, 0x4A, 0x78, 0xE7, 0x00, 0x00, 0xB0,
  0xF0, 0x00, 0x00, 0x00, 0x00, 0x00, 0x00, 0x00,
};
const size_t bootloader_gct_size = 1352;
const uint8_t slippi_gct[58256] = {
  0x00, 0xD0, 0xC0, 0xDE, 0x00, 0xD0, 0xC0, 0xDE, 0x04, 0x15, 0xEE, 0x98, 0x38, 0x60, 0x00, 0x01, 0x04, 0x15, 0xED, 0xDC, 0x38, 0x60, 0x00, 0x01,
  0x04, 0x16, 0x4B, 0x14, 0x38, 0x60, 0x00, 0x01, 0x04, 0x16, 0x48, 0xF4, 0x38, 0x60, 0x00, 0x01, 0x04, 0x15, 0xEE, 0x4C, 0x38, 0x60, 0x00, 0x01,
  0x04, 0x15, 0xEE, 0x14, 0x38, 0x60, 0x00, 0x01, 0x04, 0x15, 0xD9, 0x68, 0x38, 0x60, 0x00, 0x01, 0x04, 0x15, 0xD9, 0xD8, 0x38, 0x60, 0x00, 0x01,
  0x04, 0x17, 0x22, 0x9C, 0x38, 0x60, 0x00, 0x00, 0x04, 0x17, 0x37, 0xB0, 0x38, 0x60, 0x00, 0x00, 0x04, 0x16, 0x46, 0x58, 0x38, 0x60, 0x00, 0x01,
  0x04, 0x16, 0x44, 0xE8, 0x38, 0x60, 0x00, 0x01, 0x04, 0x30, 0x49, 0x0C, 0x38, 0x60, 0x00, 0x63, 0x04, 0x30, 0x44, 0xF0, 0x38, 0x60, 0x00, 0x01,
  0x04, 0x3D, 0x4A, 0x48, 0x00, 0x34, 0x01, 0x02, 0x04, 0x3D, 0x4A, 0x4C, 0x04, 0x00, 0x0A, 0x00, 0x04, 0x3D, 0x4A, 0x50, 0x08, 0x01, 0x01, 0x00,
  0x04, 0x3D, 0x4A, 0x60, 0xFF, 0x00, 0x00, 0x00, 0x04, 0x3D, 0x4A, 0x78, 0xE7, 0x00, 0x00, 0xB0, 0xC2, 0x1A, 0xF6, 0xF4, 0x00, 0x00, 0x00, 0x06,
  0x2C, 0x1D, 0x00, 0x0F, 0x41, 0x82, 0x00, 0x10, 0x2C, 0x1D, 0x00, 0x0D, 0x41, 0x82, 0x00, 0x08, 0x48, 0x00, 0x00, 0x14, 0x3D, 0x80, 0x80, 0x1B,
  0x61, 0x8C, 0x01, 0xAC, 0x7D, 0x89, 0x03, 0xA6, 0x4E, 0x80, 0x04, 0x20, 0x2C, 0x1D, 0x00, 0x00, 0x60, 0x00, 0x00, 0x00, 0x00, 0x00, 0x00, 0x00,
  0x04, 0x15, 0xD9, 0x4C, 0x4E, 0x80, 0x00, 0x20, 0x04, 0x15, 0xD9, 0x84, 0x4E, 0x80, 0x00, 0x20, 0xC2, 0x1A, 0x5B, 0x14, 0x00, 0x00, 0x00, 0x0A,
  0x3B, 0xA0, 0x00, 0x00, 0x7F, 0xA3, 0xEB, 0x78, 0x3D, 0x80, 0x80, 0x1A, 0x61, 0x8C, 0x36, 0x80, 0x7D, 0x89, 0x03, 0xA6, 0x4E, 0x80, 0x04, 0x21,
  0x54, 0x80, 0x05, 0xEF, 0x41, 0x82, 0x00, 0x0C, 0x54, 0x80, 0x05, 0xAD, 0x40, 0x82, 0x00, 0x14, 0x3B, 0xBD, 0x00, 0x01, 0x2C, 0x1D, 0x00, 0x04,
  0x41, 0x80, 0xFF, 0xD4, 0x48, 0x00, 0x00, 0x0C, 0x3B, 0x60, 0x00, 0x02, 0x48, 0x00, 0x00, 0x08, 0x3B, 0x60, 0x00, 0x00, 0x3B, 0xA0, 0x00, 0x00,
  0x60, 0x00, 0x00, 0x00, 0x00, 0x00, 0x00, 0x00, 0x04, 0x16, 0xB4, 0x80, 0x60, 0x00, 0x00, 0x00, 0x04, 0x22, 0xD6, 0x38, 0x38, 0x00, 0x00, 0x06,
  0x04, 0x1B, 0x0A, 0x14, 0x38, 0x60, 0x00, 0x02, 0xC2, 0x16, 0xE5, 0x10, 0x00, 0x00, 0x00, 0x98, 0x7C, 0x08, 0x02, 0xA6, 0x90, 0x01, 0x00, 0x04,
  0x94, 0x21, 0xFF, 0x20, 0xBE, 0x81, 0x00, 0xB0, 0x3D, 0x80, 0x80, 0x16, 0x61, 0x8C, 0xB4, 0x1C, 0x7D, 0x89, 0x03, 0xA6, 0x4E, 0x80, 0x04, 0x21,
  0x2C, 0x03, 0x00, 0x00, 0x40, 0x82, 0x04, 0x80, 0x2C, 0x1C, 0x00, 0x05, 0x40, 0x80, 0x04, 0x78, 0x3C, 0x60, 0x80, 0x48, 0x80, 0x63, 0x9D, 0x30,
  0x54, 0x63, 0x44, 0x3E, 0x2C, 0x03, 0x02, 0x1C, 0x41, 0x82, 0x04, 0x64, 0x3C, 0x60, 0x80, 0x48, 0x80, 0x63, 0x9D, 0x30, 0x54, 0x63, 0x44, 0x3E,
  0x2C, 0x03, 0x01, 0x0F, 0x41, 0x82, 0x04, 0x50, 0x88, 0x7F, 0x24, 0xD0, 0x2C, 0x03, 0x00, 0x01, 0x41, 0x82, 0x00, 0x54, 0x3B, 0x20, 0x00, 0x00,
  0x3B, 0x40, 0x00, 0x00, 0x7F, 0x43, 0xD3, 0x78, 0x3D, 0x80, 0x80, 0x03, 0x61, 0x8C, 0x24, 0x1C, 0x7D, 0x89, 0x03, 0xA6, 0x4E, 0x80, 0x04, 0x21,
  0x2C, 0x03, 0x00, 0x03, 0x41, 0x82, 0x00, 0x10, 0x7C, 0x1C, 0xD0, 0x00, 0x41, 0x82, 0x00, 0x14, 0x3B, 0x39, 0x00, 0x01, 0x3B, 0x5A, 0x00, 0x01,
  0x2C, 0x1A, 0x00, 0x04, 0x40, 0x81, 0xFF, 0xD0, 0x7F, 0x83, 0xE3, 0x78, 0x7F, 0x24, 0xCB, 0x78, 0x88, 0xBF, 0x24, 0xD0, 0x48, 0x00, 0x01, 0x15,
  0x48, 0x00, 0x03, 0xF4, 0x3B, 0x40, 0x00, 0x00, 0x3B, 0x00, 0x00, 0x00, 0x3B, 0x20, 0x00, 0x00, 0x7F, 0x23, 0xCB, 0x78, 0x3D, 0x80, 0x80, 0x03,
  0x61, 0x8C, 0x24, 0x1C, 0x7D, 0x89, 0x03, 0xA6, 0x4E, 0x80, 0x04, 0x21, 0x2C, 0x03, 0x00, 0x03, 0x41, 0x82, 0x00, 0x24, 0x7F, 0x23, 0xCB, 0x78,
  0x3D, 0x80, 0x80, 0x03, 0x61, 0x8C, 0x33, 0x70, 0x7D, 0x89, 0x03, 0xA6, 0x4E, 0x80, 0x04, 0x21, 0x7C, 0x03, 0xD0, 0x00, 0x40, 0x82, 0x00, 0x08,
  0x3B, 0x18, 0x00, 0x01, 0x3B, 0x39, 0x00, 0x01, 0x2C, 0x19, 0x00, 0x04, 0x41, 0x80, 0xFF, 0xBC, 0x2C, 0x18, 0x00, 0x01, 0x41, 0x82, 0x03, 0x98,
  0x2C, 0x18, 0x00, 0x02, 0x41, 0x81, 0x03, 0x90, 0x3B, 0x5A, 0x00, 0x01, 0x2C, 0x1A, 0x00, 0x03, 0x41, 0x80, 0xFF, 0x98, 0x3B, 0x20, 0x00, 0x00,
  0x3B, 0x41, 0x00, 0x80, 0x3B, 0x00, 0x00, 0x00, 0x3A, 0xC0, 0x00, 0x00, 0x3A, 0xE0, 0x00, 0x00, 0x7E, 0xE3, 0xBB, 0x78, 0x3D, 0x80, 0x80, 0x03,
  0x61, 0x8C, 0x24, 0x1C, 0x7D, 0x89, 0x03, 0xA6, 0x4E, 0x80, 0x04, 0x21, 0x2C, 0x03, 0x00, 0x03, 0x41, 0x82, 0x00, 0x28, 0x7E, 0xE3, 0xBB, 0x78,
  0x3D, 0x80, 0x80, 0x03, 0x61, 0x8C, 0x33, 0x70, 0x7D, 0x89, 0x03, 0xA6, 0x4E, 0x80, 0x04, 0x21, 0x7C, 0x03, 0xC8, 0x00, 0x40, 0x82, 0x00, 0x0C,
  0x7E, 0xF8, 0xD1, 0xAE, 0x3B, 0x18, 0x00, 0x01, 0x3A, 0xF7, 0x00, 0x01, 0x2C, 0x17, 0x00, 0x04, 0x41, 0x80, 0xFF, 0xB8, 0x3B, 0x39, 0x00, 0x01,
  0x2C, 0x19, 0x00, 0x03, 0x41, 0x80, 0xFF, 0xA4, 0x3B, 0x20, 0x00, 0x00, 0x7C, 0x79, 0xD0, 0xAE, 0x7C, 0x03, 0xE0, 0x00, 0x41, 0x82, 0x00, 0x10,
  0x3B, 0x39, 0x00, 0x01, 0x2C, 0x19, 0x00, 0x04, 0x41, 0x80, 0xFF, 0xEC, 0x7F, 0x83, 0xE3, 0x78, 0x7F, 0x24, 0xCB, 0x78, 0x88, 0xBF, 0x24, 0xD0,
  0x48, 0x00, 0x00, 0x09, 0x48, 0x00, 0x02, 0xE8, 0x7C, 0x08, 0x02, 0xA6, 0x90, 0x01, 0x00, 0x04, 0x94, 0x21, 0xFF, 0x20, 0xBE, 0x81, 0x00, 0xB0,
  0x7C, 0x7F, 0x1B, 0x78, 0x7C, 0x9E, 0x23, 0x78, 0x7C, 0xBD, 0x2B, 0x78, 0x48, 0x00, 0x01, 0x21, 0x7F, 0x88, 0x02, 0xA6, 0x80, 0xCD, 0x93, 0x48,
  0x38, 0xA0, 0x00, 0x00, 0x80, 0x7C, 0x00, 0x00, 0x2C, 0x03, 0xFF, 0xFF, 0x41, 0x82, 0x00, 0x5C, 0x7C, 0x03, 0x30, 0x00, 0x41, 0x82, 0x00, 0x0C,
  0x3B, 0x9C, 0x00, 0x44, 0x4B, 0xFF, 0xFF, 0xE8, 0x3B, 0x9C, 0x00, 0x04, 0x1C, 0x7D, 0x00, 0x20, 0x7F, 0x9C, 0x1A, 0x14, 0x1C, 0x7E, 0x00, 0x08,
  0x7F, 0x9C, 0x1A, 0x14, 0x38, 0x81, 0x00, 0x80, 0xC0, 0x3C, 0x00, 0x00, 0xD0, 0x24, 0x00, 0x00, 0xC0, 0x3C, 0x00, 0x04, 0xD0, 0x24, 0x00, 0x04,
  0x38, 0x60, 0x00, 0x00, 0x90, 0x64, 0x00, 0x08, 0x7F, 0xE3, 0xFB, 0x78, 0x3D, 0x80, 0x80, 0x03, 0x61, 0x8C, 0x27, 0x68, 0x7D, 0x89, 0x03, 0xA6,
  0x4E, 0x80, 0x04, 0x21, 0x48, 0x00, 0x00, 0x54, 0x2C, 0x1D, 0x00, 0x01, 0x41, 0x82, 0x00, 0x0C, 0x7F, 0xC3, 0xF3, 0x78, 0x48, 0x00, 0x00, 0x14,
  0x48, 0x00, 0x02, 0x3D, 0x7C, 0x68, 0x02, 0xA6, 0x7C, 0x63, 0xF0, 0xAE, 0x48, 0x00, 0x00, 0x04, 0x38, 0x81, 0x00, 0x80, 0x3D, 0x80, 0x80, 0x22,
  0x61, 0x8C, 0x4E, 0x64, 0x7D, 0x89, 0x03, 0xA6, 0x4E, 0x80, 0x04, 0x21, 0x7F, 0xE3, 0xFB, 0x78, 0x38, 0x81, 0x00, 0x80, 0x3D, 0x80, 0x80, 0x03,
  0x61, 0x8C, 0x27, 0x68, 0x7D, 0x89, 0x03, 0xA6, 0x4E, 0x80, 0x04, 0x21, 0x48, 0x00, 0x00, 0x04, 0x7F, 0xE3, 0xFB, 0x78, 0x38, 0x81, 0x00, 0x80,
  0x3D, 0x80, 0x80, 0x03, 0x61, 0x8C, 0x26, 0xCC, 0x7D, 0x89, 0x03, 0xA6, 0x4E, 0x80, 0x04, 0x21, 0xC0, 0x21, 0x00, 0x80, 0xC0, 0x02, 0xA8, 0xE8,
  0xFC, 0x01, 0x00, 0x40, 0x40, 0x81, 0x00, 0x0C, 0xC0, 0x22, 0xA8, 0xF8, 0x48, 0x00, 0x00, 0x08, 0xC0, 0x22, 0xA8, 0xCC, 0x7F, 0xE3, 0xFB, 0x78,
  0x3D, 0x80, 0x80, 0x03, 0x61, 0x8C, 0x30, 0x94, 0x7D, 0x89, 0x03, 0xA6, 0x4E, 0x80, 0x04, 0x21, 0xBA, 0x81, 0x00, 0xB0, 0x80, 0x01, 0x00, 0xE4,
  0x38, 0x21, 0x00, 0xE0, 0x7C, 0x08, 0x03, 0xA6, 0x4E, 0x80, 0x00, 0x20, 0x4E, 0x80, 0x00, 0x21, 0x00, 0x00, 0x00, 0x20, 0xC2, 0x70, 0x00, 0x00,
  0x41, 0x20, 0x00, 0x00, 0x42, 0x70, 0x00, 0x00, 0x41, 0x20, 0x00, 0x00, 0xC1, 0xA0, 0x00, 0x00, 0x41, 0x20, 0x00, 0x00, 0x41, 0xA0, 0x00, 0x00,
  0x41, 0x20, 0x00, 0x00, 0xC2, 0x70, 0x00, 0x00, 0x41, 0x20, 0x00, 0x00, 0xC1, 0xA0, 0x00, 0x00, 0x41, 0x20, 0x00, 0x00, 0x42, 0x70, 0x00, 0x00,
  0x41, 0x20, 0x00, 0x00, 0x41, 0xA0, 0x00, 0x00, 0x41, 0x20, 0x00, 0x00, 0x00, 0x00, 0x00, 0x1F, 0xC2, 0x1B, 0x33, 0x33, 0x42, 0x0C, 0xCC, 0xCD,
  0x42, 0x1B, 0x33, 0x33, 0x42, 0x0C, 0xCC, 0xCD, 0x00, 0x00, 0x00, 0x00, 0x41, 0x00, 0x00, 0x00, 0x00, 0x00, 0x00, 0x00, 0x42, 0x79, 0x99, 0x9A,
  0xC2, 0x1B, 0x33, 0x33, 0x42, 0x0C, 0xCC, 0xCD, 0xC2, 0x1B, 0x33, 0x33, 0x40, 0xA0, 0x00, 0x00, 0x42, 0x1B, 0x33, 0x33, 0x42, 0x0C, 0xCC, 0xCD,
  0x42, 0x1B, 0x33, 0x33, 0x40, 0xA0, 0x00, 0x00, 0x00, 0x00, 0x00, 0x08, 0xC2, 0x28, 0x00, 0x00, 0x41, 0xD4, 0xCC, 0xCD, 0x42, 0x28, 0x00, 0x00,
  0x41, 0xE0, 0x00, 0x00, 0x00, 0x00, 0x00, 0x00, 0x42, 0x3B, 0x99, 0x9A, 0x00, 0x00, 0x00, 0x00, 0x40, 0x9C, 0xCC, 0xCD, 0xC2, 0x28, 0x00, 0x00,
  0x41, 0xD4, 0xCC, 0xCD, 0xC2, 0x28, 0x00, 0x00, 0x40, 0xA0, 0x00, 0x00, 0x42, 0x28, 0x00, 0x00, 0x41, 0xE0, 0x00, 0x00, 0x42, 0x28, 0x00, 0x00,
  0x40, 0xA0, 0x00, 0x00, 0x00, 0x00, 0x00, 0x1C, 0xC2, 0x3A, 0x66, 0x66, 0x42, 0x14, 0xCC, 0xCD, 0x42, 0x3D, 0x99, 0x9A, 0x42, 0x15, 0x33, 0x33,
  0x00, 0x00, 0x00, 0x00, 0x40, 0xE0, 0x00, 0x00, 0x00, 0x00, 0x00, 0x00, 0x42, 0x6A, 0x00, 0x00, 0xC2, 0x3A, 0x66, 0x66, 0x42, 0x14, 0xCC, 0xCD,
  0xC2, 0x3A, 0x66, 0x66, 0x40, 0xA0, 0x00, 0x00, 0x42, 0x3D, 0x99, 0x9A, 0x42, 0x15, 0x33, 0x33, 0x42, 0x3D, 0x99, 0x9A, 0x40, 0xA0, 0x00, 0x00,
  0x00, 0x00, 0x00, 0x02, 0xC2, 0x25, 0x00, 0x00, 0x41, 0xA8, 0x00, 0x00, 0x42, 0x25, 0x00, 0x00, 0x41, 0xD8, 0x00, 0x00, 0x00, 0x00, 0x00, 0x00,
  0x40, 0xA8, 0x00, 0x00, 0x00, 0x00, 0x00, 0x00, 0x42, 0x40, 0x00, 0x00, 0xC2, 0x25, 0x00, 0x00, 0x41, 0xA8, 0x00, 0x00, 0xC2, 0x25, 0x00, 0x00,
  0x40, 0xA0, 0x00, 0x00, 0x42, 0x25, 0x00, 0x00, 0x41, 0xD8, 0x00, 0x00, 0x42, 0x25, 0x00, 0x00, 0x40, 0xA0, 0x00, 0x00, 0x00, 0x00, 0x00, 0x03,
  0xC2, 0x20, 0x00, 0x00, 0x42, 0x00, 0x00, 0x00, 0x42, 0x20, 0x00, 0x00, 0x42, 0x00, 0x00, 0x00, 0x42, 0x8C, 0x00, 0x00, 0x40, 0xE0, 0x00, 0x00,
  0xC2, 0x8C, 0x00, 0x00, 0x40, 0xE0, 0x00, 0x00, 0xC2, 0x20, 0x00, 0x00, 0x42, 0x00, 0x00, 0x00, 0xC2, 0x20, 0x00, 0x00, 0x40, 0xA0, 0x00, 0x00,
  0x42, 0x20, 0x00, 0x00, 0x42, 0x00, 0x00, 0x00, 0x42, 0x20, 0x00, 0x00, 0x40, 0xA0, 0x00, 0x00, 0xFF, 0xFF, 0xFF, 0xFF, 0x4E, 0x80, 0x00, 0x21,
  0x00, 0x03, 0x01, 0x02, 0xBA, 0x81, 0x00, 0xB0, 0x80, 0x01, 0x00, 0xE4, 0x38, 0x21, 0x00, 0xE0, 0x7C, 0x08, 0x03, 0xA6, 0x88, 0x1F, 0x24, 0xD0,
  0x60, 0x00, 0x00, 0x00, 0x00, 0x00, 0x00, 0x00, 0x04, 0x26, 0x41, 0xB0, 0x38, 0x00, 0x00, 0x01, 0x04, 0x25, 0xB8, 0xBC, 0x38, 0x60, 0x00, 0x02,
  0x04, 0x45, 0x2F, 0x54, 0x42, 0x00, 0x00, 0x00, 0x04, 0x45, 0x2F, 0x58, 0x42, 0x00, 0x00, 0x00, 0x04, 0x45, 0x2F, 0x5C, 0x42, 0x00, 0x00, 0x00,
  0x04, 0x45, 0x2F, 0x60, 0x40, 0x20, 0x00, 0x00, 0x04, 0x45, 0x2F, 0x64, 0x47, 0x00, 0x00, 0x00, 0xC2, 0x02, 0xCB, 0x34, 0x00, 0x00, 0x00, 0x0C,
  0x7C, 0x04, 0x07, 0x74, 0x3E, 0x00, 0x80, 0x4C, 0x62, 0x10, 0x1F, 0xD4, 0x1D, 0xE0, 0x00, 0x44, 0x7E, 0x10, 0x7A, 0x14, 0xC0, 0x22, 0xC3, 0xD8,
  0xFE, 0x20, 0x08, 0x50, 0xC1, 0xF0, 0x00, 0x00, 0xFC, 0x0F, 0x08, 0x40, 0x40, 0x81, 0x00, 0x0C, 0xFC, 0x0F, 0x88, 0x40, 0x41, 0x80, 0x00, 0x10,
  0xC2, 0x1F, 0x03, 0x14, 0xFE, 0x0F, 0x80, 0x2A, 0xD2, 0x1F, 0x03, 0x14, 0xC1, 0xF0, 0x00, 0x04, 0xFC, 0x0F, 0x08, 0x40, 0x40, 0x81, 0x00, 0x0C,
  0xFC, 0x0F, 0x88, 0x40, 0x41, 0x80, 0x00, 0x10, 0xC2, 0x1F, 0x03, 0x18, 0xFE, 0x0F, 0x80, 0x2A, 0xD2, 0x1F, 0x03, 0x18, 0x00, 0x00, 0x00, 0x00,
  0xC2, 0x0D, 0x65, 0xEC, 0x00, 0x00, 0x00, 0x10, 0x48, 0x00, 0x00, 0x3D, 0x3F, 0x17, 0x0A, 0x3D, 0x42, 0xA0, 0x00, 0x00, 0x38, 0xD1, 0xB7, 0x17,
  0x00, 0x00, 0x00, 0x00, 0x00, 0x00, 0x00, 0x00, 0xFC, 0x20, 0x0A, 0x10, 0xC0, 0x44, 0x00, 0x04, 0xC0, 0x64, 0x00, 0x08, 0xEC, 0x21, 0x18, 0xB8,
  0xFC, 0x20, 0x08, 0x1E, 0xD8, 0x24, 0x00, 0x0C, 0x80, 0xC4, 0x00, 0x10, 0x38, 0xC6, 0x00, 0x02, 0x4E, 0x80, 0x00, 0x20, 0xC0, 0x04, 0x00, 0x94,
  0x7C, 0x88, 0x02, 0xA6, 0x88, 0xC5, 0x06, 0x70, 0x2C, 0x06, 0x00, 0x01, 0x40, 0x80, 0x00, 0x2C, 0xC0, 0x25, 0x06, 0x20, 0x4B, 0xFF, 0xFF, 0xC5,
  0x7C, 0x06, 0x31, 0xD6, 0xC0, 0x25, 0x06, 0x24, 0x4B, 0xFF, 0xFF, 0xB9, 0x7C, 0xC6, 0x31, 0xD6, 0x7C, 0x00, 0x32, 0x14, 0x2C, 0x00, 0x19, 0x00,
  0x40, 0x81, 0x00, 0x08, 0xC0, 0x04, 0x00, 0x00, 0x60, 0x00, 0x00, 0x00, 0x00, 0x00, 0x00, 0x00, 0xC2, 0x0C, 0x9A, 0x44, 0x00, 0x00, 0x00, 0x20,
  0x89, 0x3F, 0x22, 0x1F, 0xD0, 0x1F, 0x00, 0x2C, 0x71, 0x29, 0x00, 0x08, 0x40, 0x82, 0x00, 0xF0, 0x81, 0x5F, 0x08, 0x94, 0x3D, 0x20, 0x40, 0x00,
  0x7C, 0x0A, 0x48, 0x00, 0x40, 0x82, 0x00, 0xE0, 0xC1, 0x9F, 0x06, 0x20, 0x81, 0x2D, 0xAE, 0xB4, 0xEC, 0x00, 0x03, 0x32, 0xC1, 0x89, 0x00, 0x3C,
  0xFC, 0x00, 0x60, 0x00, 0x41, 0x80, 0x00, 0xC8, 0x89, 0x3F, 0x06, 0x70, 0x28, 0x09, 0x00, 0x01, 0x41, 0x81, 0x00, 0xBC, 0x3D, 0x00, 0x80, 0x07,
  0x89, 0x5F, 0x06, 0x18, 0x39, 0x08, 0xAD, 0x10, 0x85, 0x28, 0x07, 0x50, 0x55, 0x29, 0x30, 0x32, 0x7D, 0x29, 0x36, 0x70, 0x39, 0x29, 0x00, 0x04,
  0x7D, 0x29, 0x42, 0x14, 0x1D, 0x0A, 0x00, 0x0C, 0x1D, 0x4A, 0x00, 0x06, 0x7D, 0x09, 0x42, 0x14, 0x89, 0x08, 0x00, 0x08, 0x7C, 0xEA, 0x42, 0x14,
  0x39, 0x08, 0xFF, 0xFE, 0x55, 0x08, 0x07, 0xBE, 0x54, 0xE7, 0x08, 0x3C, 0x7D, 0x4A, 0x42, 0x14, 0x7C, 0xE9, 0x38, 0xAE, 0x55, 0x4A, 0x08, 0x3C,
  0x7D, 0x29, 0x50, 0xAE, 0x7C, 0xE7, 0x07, 0x74, 0x7D, 0x29, 0x07, 0x74, 0x7D, 0x29, 0x38, 0x50, 0x7D, 0x29, 0x49, 0xD6, 0x2C, 0x09, 0x15, 0xF9,
  0x40, 0x81, 0x00, 0x54, 0x94, 0x21, 0xFF, 0xF8, 0x39, 0x20, 0x00, 0x01, 0x38, 0x80, 0x00, 0x01, 0x91, 0x3F, 0x23, 0x40, 0x91, 0x3F, 0x23, 0x58,
  0x3D, 0x20, 0x80, 0x03, 0x39, 0x29, 0x41, 0x8C, 0x88, 0x7F, 0x00, 0x0C, 0x7D, 0x29, 0x03, 0xA6, 0x4E, 0x80, 0x04, 0x21, 0x2C, 0x03, 0x00, 0x00,
  0x41, 0x82, 0x00, 0x20, 0x81, 0x23, 0x00, 0x2C, 0x81, 0x49, 0x1E, 0xCC, 0x81, 0x3F, 0x00, 0x2C, 0x91, 0x2A, 0x00, 0x18, 0x55, 0x29, 0x0F, 0xFE,
  0x39, 0x29, 0x00, 0x7F, 0x99, 0x2A, 0x00, 0x06, 0x38, 0x21, 0x00, 0x08, 0x00, 0x00, 0x00, 0x00, 0xC2, 0x06, 0xB4, 0x60, 0x00, 0x00, 0x00, 0x54,
  0x48, 0x00, 0x00, 0xB1, 0x00, 0x00, 0x00, 0x00, 0x00, 0x00, 0x00, 0x00, 0x00, 0x00, 0x00, 0x00, 0x00, 0x00, 0x00, 0x00, 0x00, 0x00, 0x00, 0x00,
  0x00, 0x00, 0x00, 0x00, 0x00, 0x00, 0x00, 0x00, 0x00, 0x00, 0x00, 0x00, 0x00, 0x00, 0x00, 0x00, 0x00, 0x00, 0x00, 0x00, 0x00, 0x00, 0x00, 0x00,
  0x00, 0x00, 0x00, 0x00, 0xBF, 0x1C, 0x00, 0x00, 0x38, 0xD1, 0xB7, 0x17, 0x42, 0xA0, 0x00, 0x00, 0x39, 0x23, 0x00, 0x4F, 0x55, 0x29, 0x06, 0x3E,
  0x28, 0x09, 0x00, 0x9E, 0x40, 0x81, 0x00, 0x2C, 0x38, 0x84, 0x00, 0x06, 0x54, 0x84, 0x06, 0x3E, 0x28, 0x04, 0x00, 0x0C, 0x4D, 0x81, 0x00, 0x20,
  0x54, 0x63, 0x00, 0x00, 0x39, 0x20, 0x00, 0x00, 0x6C, 0x63, 0x3F, 0x80, 0x91, 0x25, 0x00, 0x04, 0x90, 0x65, 0x00, 0x00, 0x4E, 0x80, 0x00, 0x20,
  0x39, 0x24, 0x00, 0x4F, 0x55, 0x29, 0x06, 0x3E, 0x28, 0x09, 0x00, 0x9E, 0x4C, 0x81, 0x00, 0x20, 0x38, 0x63, 0x00, 0x06, 0x54, 0x63, 0x06, 0x3E,
  0x28, 0x03, 0x00, 0x0C, 0x4D, 0x81, 0x00, 0x20, 0x54, 0x84, 0x00, 0x00, 0x39, 0x20, 0x00, 0x00, 0x6C, 0x84, 0x3F, 0x80, 0x91, 0x25, 0x00, 0x00,
  0x90, 0x85, 0x00, 0x04, 0x4E, 0x80, 0x00, 0x20, 0x94, 0x21, 0xFF, 0xC0, 0xBF, 0x21, 0x00, 0x24, 0x93, 0x81, 0x00, 0x14, 0x7F, 0x88, 0x02, 0xA6,
  0x3D, 0x20, 0x80, 0x0A, 0x7F, 0xE3, 0xFB, 0x78, 0x39, 0x29, 0x20, 0x40, 0x7D, 0x29, 0x03, 0xA6, 0x4E, 0x80, 0x04, 0x21, 0x2C, 0x03, 0x00, 0x00,
  0x40, 0x82, 0x01, 0xA0, 0x3D, 0x20, 0x80, 0x4C, 0x8B, 0xDF, 0x06, 0x18, 0x39, 0x29, 0x1F, 0x78, 0x7F, 0xFA, 0xFB, 0x78, 0x89, 0x09, 0x00, 0x01,
  0x2C, 0x08, 0x00, 0x00, 0x39, 0x48, 0xFF, 0xFF, 0x40, 0xA2, 0x00, 0x08, 0x39, 0x40, 0x00, 0x04, 0x1D, 0x4A, 0x00, 0x30, 0x81, 0x29, 0x00, 0x08,
  0x1F, 0x7E, 0x00, 0x0C, 0x3B, 0xBC, 0x00, 0x00, 0x7D, 0x29, 0x52, 0x14, 0x1F, 0xDE, 0x00, 0x06, 0x7D, 0x09, 0xDA, 0x14, 0x7D, 0x49, 0xD8, 0x2E,
  0x81, 0x28, 0x00, 0x08, 0x80, 0xE8, 0x00, 0x04, 0x7D, 0x1D, 0xDA, 0x14, 0x91, 0x21, 0x00, 0x10, 0x89, 0x28, 0x00, 0x08, 0x91, 0x41, 0x00, 0x08,
  0x39, 0x29, 0x00, 0x01, 0x90, 0xE1, 0x00, 0x0C, 0x55, 0x29, 0x07, 0xBE, 0x99, 0x28, 0x00, 0x08, 0x55, 0x39, 0x06, 0x3E, 0x7D, 0x3E, 0x4A, 0x14,
  0x55, 0x29, 0x08, 0x3C, 0x7D, 0x5D, 0x4B, 0x2E, 0x81, 0x3A, 0x00, 0x04, 0x2C, 0x09, 0x00, 0x13, 0x40, 0xA2, 0x00, 0x10, 0x81, 0x3A, 0x00, 0x10,
  0x2C, 0x09, 0x01, 0x5D, 0x41, 0xA2, 0x00, 0x34, 0x88, 0x81, 0x00, 0x0B, 0x38, 0xBA, 0x06, 0x20, 0x88, 0x61, 0x00, 0x0A, 0x7C, 0x84, 0x07, 0x74,
  0x7C, 0x63, 0x07, 0x74, 0x4B, 0xFF, 0xFE, 0xBD, 0x88, 0x81, 0x00, 0x0D, 0x88, 0x61, 0x00, 0x0C, 0x38, 0xBA, 0x06, 0x38, 0x7C, 0x84, 0x07, 0x74,
  0x7C, 0x63, 0x07, 0x74, 0x4B, 0xFF, 0xFE, 0xA5, 0xC0, 0x1A, 0x06, 0x24, 0x39, 0x40, 0x00, 0x00, 0xC1, 0x9C, 0x00, 0x30, 0xFC, 0x00, 0x60, 0x00,
  0x41, 0x81, 0x00, 0xC0, 0xC1, 0x9A, 0x06, 0x20, 0xFC, 0x00, 0x02, 0x10, 0xC1, 0x5C, 0x00, 0x38, 0x39, 0x21, 0x00, 0x18, 0xFD, 0x80, 0x62, 0x10,
  0xC1, 0x7C, 0x00, 0x34, 0xEC, 0x00, 0x5A, 0xB8, 0xED, 0x8C, 0x5A, 0xB8, 0xFC, 0x00, 0x00, 0x1E, 0xFD, 0x80, 0x60, 0x1E, 0x7D, 0x80, 0x4F, 0xAE,
  0x39, 0x21, 0x00, 0x1C, 0x81, 0x01, 0x00, 0x18, 0x7C, 0x00, 0x4F, 0xAE, 0x39, 0x08, 0x00, 0x02, 0x81, 0x21, 0x00, 0x1C, 0x7D, 0x08, 0x41, 0xD6,
  0x39, 0x29, 0x00, 0x02, 0x7D, 0x29, 0x49, 0xD6, 0x7D, 0x29, 0x42, 0x14, 0x2C, 0x09, 0x19, 0x00, 0x40, 0x81, 0x00, 0x68, 0x7D, 0x3D, 0xDA, 0x14,
  0x89, 0x49, 0x00, 0x09, 0x55, 0x49, 0x06, 0x3E, 0x2C, 0x09, 0x00, 0x00, 0x40, 0x82, 0x00, 0x50, 0x89, 0x3A, 0x06, 0x71, 0x28, 0x09, 0x00, 0x01,
  0x41, 0xA1, 0x00, 0x48, 0x39, 0x39, 0xFF, 0xFE, 0x7D, 0x1E, 0xCA, 0x14, 0x55, 0x29, 0x07, 0xBE, 0x55, 0x08, 0x08, 0x3C, 0x7F, 0xDE, 0x4A, 0x14,
  0x7D, 0x1D, 0x42, 0x14, 0x57, 0xDE, 0x08, 0x3C, 0x89, 0x08, 0x00, 0x01, 0x7F, 0xDD, 0xF2, 0x14, 0x89, 0x3E, 0x00, 0x01, 0x7D, 0x08, 0x07, 0x74,
  0x7D, 0x29, 0x07, 0x74, 0x7D, 0x29, 0x40, 0x50, 0x7D, 0x29, 0x49, 0xD6, 0x2C, 0x09, 0x07, 0x90, 0x40, 0x81, 0x00, 0x08, 0x39, 0x4A, 0x00, 0x01,
  0x7F, 0xBD, 0xDA, 0x14, 0x99, 0x5D, 0x00, 0x09, 0x88, 0x7F, 0x06, 0x78, 0x83, 0x81, 0x00, 0x14, 0x83, 0x21, 0x00, 0x24, 0x83, 0x41, 0x00, 0x28,
  0x83, 0x61, 0x00, 0x2C, 0x83, 0xA1, 0x00, 0x34, 0x83, 0xC1, 0x00, 0x38, 0x38, 0x21, 0x00, 0x40, 0x60, 0x00, 0x00, 0x00, 0x00, 0x00, 0x00, 0x00,
  0xC2, 0x08, 0xE5, 0x4C, 0x00, 0x00, 0x00, 0x1D, 0x7C, 0x00, 0x28, 0x00, 0x41, 0x80, 0x00, 0xDC, 0x89, 0x23, 0x06, 0x73, 0x28, 0x09, 0x00, 0x01,
  0x40, 0x81, 0x00, 0x14, 0x89, 0x23, 0x06, 0x74, 0x3D, 0x40, 0x60, 0x00, 0x28, 0x09, 0x00, 0x01, 0x41, 0x81, 0x00, 0xBC, 0xC1, 0x83, 0x06, 0x2C,
  0x3D, 0x40, 0x60, 0x00, 0xC0, 0x03, 0x06, 0x28, 0xED, 0x8C, 0x03, 0x32, 0xEC, 0x00, 0x60, 0x3A, 0xC1, 0x84, 0x04, 0xB0, 0xED, 0x8C, 0x03, 0x32,
  0xFC, 0x0C, 0x00, 0x00, 0x40, 0x81, 0x00, 0x98, 0x3D, 0x00, 0x80, 0x07, 0x89, 0x43, 0x06, 0x18, 0x39, 0x08, 0xAD, 0x10, 0x85, 0x28, 0x07, 0x50,
  0x55, 0x29, 0x30, 0x32, 0x7D, 0x29, 0x36, 0x70, 0x39, 0x29, 0x00, 0x04, 0x7D, 0x29, 0x42, 0x14, 0x1D, 0x0A, 0x00, 0x0C, 0x1D, 0x4A, 0x00, 0x06,
  0x7D, 0x09, 0x42, 0x14, 0x89, 0x08, 0x00, 0x08, 0x38, 0xE8, 0xFF, 0xFE, 0x7D, 0x0A, 0x42, 0x14, 0x54, 0xE7, 0x07, 0xBE, 0x55, 0x08, 0x08, 0x3C,
  0x7D, 0x4A, 0x3A, 0x14, 0x7C, 0xC9, 0x42, 0x14, 0x55, 0x4A, 0x08, 0x3C, 0x7D, 0x09, 0x40, 0xAE, 0x7C, 0xE9, 0x52, 0x14, 0x7D, 0x29, 0x50, 0xAE,
  0x7D, 0x08, 0x07, 0x74, 0x89, 0x47, 0x00, 0x01, 0x7D, 0x29, 0x07, 0x74, 0x7D, 0x29, 0x40, 0x50, 0x89, 0x06, 0x00, 0x01, 0x7D, 0x4A, 0x07, 0x74,
  0x7D, 0x29, 0x49, 0xD6, 0x7D, 0x08, 0x07, 0x74, 0x7D, 0x4A, 0x40, 0x50, 0x7D, 0x4A, 0x51, 0xD6, 0x7D, 0x29, 0x52, 0x14, 0x3D, 0x40, 0x60, 0x00,
  0x2C, 0x09, 0x0F, 0x04, 0x40, 0x81, 0x00, 0x08, 0x3D, 0x40, 0x80, 0x00, 0x7D, 0x58, 0x01, 0x20, 0x60, 0x00, 0x00, 0x00, 0x00, 0x00, 0x00, 0x00,
  0xC2, 0x09, 0xA0, 0xB8, 0x00, 0x00, 0x00, 0x0A, 0x4C, 0x40, 0x13, 0x82, 0x41, 0x82, 0x00, 0x3C, 0x3D, 0x20, 0x80, 0x07, 0x89, 0x04, 0x06, 0x18,
  0x39, 0x29, 0xAD, 0x10, 0x81, 0x49, 0x07, 0x50, 0x1D, 0x08, 0x00, 0x0C, 0x39, 0x29, 0x07, 0x54, 0x55, 0x4A, 0x30, 0x32, 0x7D, 0x4A, 0x36, 0x70,
  0x7D, 0x29, 0x52, 0x14, 0x7D, 0x29, 0x42, 0x14, 0x89, 0x29, 0x00, 0x09, 0x28, 0x09, 0x00, 0x01, 0x40, 0x81, 0x00, 0x0C, 0x4C, 0x42, 0x12, 0x42,
  0x48, 0x00, 0x00, 0x0C, 0x4C, 0x42, 0x11, 0x82, 0x60, 0x00, 0x00, 0x00, 0x00, 0x00, 0x00, 0x00, 0xC2, 0x09, 0x98, 0xA4, 0x00, 0x00, 0x00, 0x19,
  0x48, 0x00, 0x00, 0x3D, 0xBF, 0x4C, 0xCC, 0xCD, 0x42, 0xA0, 0x00, 0x00, 0x38, 0xD1, 0xB7, 0x17, 0x00, 0x00, 0x00, 0x00, 0x00, 0x00, 0x00, 0x00,
  0xFC, 0x20, 0x0A, 0x10, 0xC0, 0x46, 0x00, 0x04, 0xC0, 0x66, 0x00, 0x08, 0xEC, 0x21, 0x18, 0xB8, 0xFC, 0x20, 0x08, 0x1E, 0xD8, 0x26, 0x00, 0x0C,
  0x80, 0xE6, 0x00, 0x10, 0x38, 0xE7, 0x00, 0x02, 0x4E, 0x80, 0x00, 0x20, 0x80, 0x83, 0x00, 0x2C, 0x7C, 0xC8, 0x02, 0xA6, 0x80, 0xAD, 0xAE, 0xB4,
  0xC0, 0x04, 0x06, 0x3C, 0xC0, 0x25, 0x03, 0x14, 0xFC, 0x00, 0x08, 0x40, 0x40, 0x81, 0x00, 0x70, 0x88, 0x04, 0x06, 0x70, 0x80, 0xE5, 0x03, 0x20,
  0x7C, 0x00, 0x38, 0x00, 0x41, 0x80, 0x00, 0x60, 0xC0, 0x24, 0x06, 0x24, 0xC0, 0x06, 0x00, 0x00, 0xFC, 0x01, 0x00, 0x40, 0x40, 0x81, 0x00, 0x50,
  0x80, 0x04, 0x08, 0x3C, 0x2C, 0x00, 0xFF, 0xFF, 0x41, 0x82, 0x00, 0x44, 0x80, 0x04, 0x08, 0x40, 0x54, 0x00, 0x05, 0xEF, 0x41, 0x82, 0x00, 0x38,
  0x4B, 0xFF, 0xFF, 0x89, 0x7C, 0x07, 0x39, 0xD6, 0xC0, 0x24, 0x06, 0x20, 0x4B, 0xFF, 0xFF, 0x7D, 0x7C, 0xE7, 0x39, 0xD6, 0x7C, 0x00, 0x3A, 0x14,
  0x2C, 0x00, 0x19, 0x00, 0x40, 0x81, 0x00, 0x18, 0x80, 0xE1, 0x00, 0x1C, 0x38, 0x21, 0x00, 0x18, 0x38, 0xE7, 0x00, 0x08, 0x7C, 0xE8, 0x03, 0xA6,
  0x4E, 0x80, 0x00, 0x20, 0x00, 0x00, 0x00, 0x00, 0xC2, 0x09, 0x32, 0x94, 0x00, 0x00, 0x00, 0x14, 0x7C, 0x03, 0x00, 0x00, 0x41, 0x80, 0x00, 0x94,
  0x89, 0x24, 0x06, 0x73, 0x3C, 0xC0, 0x60, 0x00, 0x28, 0x09, 0x00, 0x01, 0x41, 0x81, 0x00, 0x80, 0xC1, 0x84, 0x06, 0x28, 0xC0, 0x05, 0x04, 0xB0,
  0xFC, 0x0C, 0x00, 0x00, 0x40, 0x80, 0x00, 0x70, 0x3D, 0x00, 0x80, 0x07, 0x89, 0x44, 0x06, 0x18, 0x39, 0x08, 0xAD, 0x10, 0x85, 0x28, 0x07, 0x50,
  0x55, 0x29, 0x30, 0x32, 0x7D, 0x29, 0x36, 0x70, 0x39, 0x29, 0x00, 0x04, 0x7D, 0x29, 0x42, 0x14, 0x1D, 0x0A, 0x00, 0x0C, 0x1D, 0x4A, 0x00, 0x06,
  0x7D, 0x09, 0x42, 0x14, 0x89, 0x08, 0x00, 0x08, 0x7C, 0xEA, 0x42, 0x14, 0x39, 0x08, 0xFF, 0xFE, 0x55, 0x08, 0x07, 0xBE, 0x54, 0xE7, 0x08, 0x3C,
  0x7D, 0x4A, 0x42, 0x14, 0x7C, 0xE9, 0x38, 0xAE, 0x55, 0x4A, 0x08, 0x3C, 0x7D, 0x29, 0x50, 0xAE, 0x7C, 0xE7, 0x07, 0x74, 0x7D, 0x29, 0x07, 0x74,
  0x7D, 0x29, 0x38, 0x50, 0x7D, 0x29, 0x49, 0xD6, 0x2C, 0x09, 0x0F, 0x04, 0x40, 0x81, 0x00, 0x08, 0x3C, 0xC0, 0x80, 0x00, 0x7C, 0xD8, 0x01, 0x20,
  0x60, 0x00, 0x00, 0x00, 0x00, 0x00, 0x00, 0x00, 0xC2, 0x09, 0x08, 0xF4, 0x00, 0x00, 0x00, 0x13, 0x2C, 0x03, 0x00, 0x01, 0x40, 0x82, 0x00, 0x8C,
  0xC1, 0x9F, 0x06, 0x28, 0x3D, 0x40, 0x60, 0x00, 0xFD, 0x80, 0x62, 0x10, 0xFC, 0x0C, 0x00, 0x00, 0x40, 0x80, 0x00, 0x74, 0x3D, 0x00, 0x80, 0x07,
  0x89, 0x5F, 0x06, 0x18, 0x39, 0x08, 0xAD, 0x10, 0x85, 0x28, 0x07, 0x50, 0x55, 0x29, 0x30, 0x32, 0x7D, 0x29, 0x36, 0x70, 0x39, 0x29, 0x00, 0x04,
  0x7D, 0x29, 0x42, 0x14, 0x1D, 0x0A, 0x00, 0x0C, 0x1D, 0x4A, 0x00, 0x06, 0x7D, 0x09, 0x42, 0x14, 0x89, 0x08, 0x00, 0x08, 0x7C, 0xEA, 0x42, 0x14,
  0x39, 0x08, 0xFF, 0xFE, 0x55, 0x08, 0x07, 0xBE, 0x54, 0xE7, 0x08, 0x3C, 0x7D, 0x4A, 0x42, 0x14, 0x7C, 0xE9, 0x38, 0xAE, 0x55, 0x4A, 0x08, 0x3C,
  0x7D, 0x29, 0x50, 0xAE, 0x7C, 0xE7, 0x07, 0x74, 0x3D, 0x40, 0x60, 0x00, 0x7D, 0x29, 0x07, 0x74, 0x7D, 0x29, 0x38, 0x50, 0x7D, 0x29, 0x49, 0xD6,
  0x2C, 0x09, 0x15, 0xF9, 0x40, 0x81, 0x00, 0x08, 0x3D, 0x40, 0x80, 0x00, 0x7D, 0x58, 0x01, 0x20, 0x60, 0x00, 0x00, 0x00, 0x00, 0x00, 0x00, 0x00,
  0xC2, 0x26, 0x62, 0xD0, 0x00, 0x00, 0x00, 0x1B, 0x7C, 0x08, 0x02, 0xA6, 0x90, 0x01, 0x00, 0x04, 0x94, 0x21, 0xFF, 0x20, 0xBE, 0x81, 0x00, 0xB0,
  0x48, 0x00, 0x00, 0x89, 0x7F, 0xC8, 0x02, 0xA6, 0x38, 0x60, 0x00, 0x00, 0x38, 0x80, 0x00, 0x00, 0x3D, 0x80, 0x80, 0x3A, 0x61, 0x8C, 0x67, 0x54,
  0x7D, 0x89, 0x03, 0xA6, 0x4E, 0x80, 0x04, 0x21, 0x7C, 0x7F, 0x1B, 0x78, 0x38, 0x80, 0x00, 0x01, 0x98, 0x9F, 0x00, 0x49, 0x38, 0x80, 0x00, 0x01,
  0x98, 0x9F, 0x00, 0x4A, 0xC0, 0x3E, 0x00, 0x0C, 0xD0, 0x3F, 0x00, 0x24, 0xD0, 0x3F, 0x00, 0x28, 0x7F, 0xE3, 0xFB, 0x78, 0x48, 0x00, 0x00, 0x59,
  0x7C, 0x88, 0x02, 0xA6, 0xC0, 0x3E, 0x00, 0x00, 0xC0, 0x5E, 0x00, 0x04, 0x3D, 0x80, 0x80, 0x3A, 0x61, 0x8C, 0x6B, 0x98, 0x7D, 0x89, 0x03, 0xA6,
  0x4E, 0x80, 0x04, 0x21, 0x7C, 0x64, 0x1B, 0x78, 0x7F, 0xE3, 0xFB, 0x78, 0xC0, 0x3E, 0x00, 0x08, 0xC0, 0x5E, 0x00, 0x08, 0x3D, 0x80, 0x80, 0x3A,
  0x61, 0x8C, 0x75, 0x48, 0x7D, 0x89, 0x03, 0xA6, 0x4E, 0x80, 0x04, 0x21, 0x48, 0x00, 0x00, 0x28, 0x4E, 0x80, 0x00, 0x21, 0x42, 0x18, 0x00, 0x00,
  0xC3, 0x89, 0x80, 0x00, 0x3E, 0xE6, 0x66, 0x66, 0x3D, 0xCC, 0xCC, 0xCD, 0x4E, 0x80, 0x00, 0x21, 0x55, 0x43, 0x46, 0x20, 0x30, 0x2E, 0x38, 0x34,
  0x00, 0x00, 0x00, 0x00, 0xBA, 0x81, 0x00, 0xB0, 0x80, 0x01, 0x00, 0xE4, 0x38, 0x21, 0x00, 0xE0, 0x7C, 0x08, 0x03, 0xA6, 0x38, 0x98, 0x00, 0x00,
  0x60, 0x00, 0x00, 0x00, 0x00, 0x00, 0x00, 0x00, 0xC2, 0x26, 0x32, 0x5C, 0x00, 0x00, 0x00, 0x08, 0x3C, 0x80, 0x80, 0x45, 0x60, 0x84, 0xBF, 0x17,
  0x54, 0xE0, 0x07, 0x7B, 0x41, 0x82, 0x00, 0x1C, 0x38, 0x60, 0x00, 0x01, 0x98, 0x64, 0x00, 0x00, 0x3D, 0x80, 0x80, 0x26, 0x61, 0x8C, 0x32, 0x64,
  0x7D, 0x89, 0x03, 0xA6, 0x4E, 0x80, 0x04, 0x20, 0x54, 0xE0, 0x04, 0xE7, 0x41, 0x82, 0x00, 0x0C, 0x38, 0x60, 0x00, 0x00, 0x98, 0x64, 0x00, 0x00,
  0x54, 0xE0, 0x04, 0xE7, 0x00, 0x00, 0x00, 0x00, 0x04, 0x1C, 0x26, 0xB0, 0x38, 0x00, 0x00, 0x32, 0xC2, 0x15, 0xEC, 0xEC, 0x00, 0x00, 0x00, 0x0C,
  0x38, 0x60, 0x00, 0x03, 0x3D, 0xC0, 0x80, 0x38, 0x61, 0xCE, 0x05, 0x80, 0x7D, 0xC9, 0x03, 0xA6, 0x4E, 0x80, 0x04, 0x21, 0x2C, 0x03, 0x00, 0x00,
  0x41, 0x82, 0x00, 0x14, 0x2C, 0x03, 0x00, 0x01, 0x41, 0x82, 0x00, 0x14, 0x2C, 0x03, 0x00, 0x02, 0x41, 0x82, 0x00, 0x14, 0x38, 0x00, 0x00, 0x34,
  0x48, 0x00, 0x00, 0x14, 0x38, 0x00, 0x00, 0x36, 0x48, 0x00, 0x00, 0x0C, 0x38, 0x00, 0x00, 0x35, 0x48, 0x00, 0x00, 0x04, 0x98, 0x1F, 0x00, 0x01,
  0x3D, 0xC0, 0x80, 0x15, 0x61, 0xCE, 0xED, 0x1C, 0x7D, 0xC9, 0x03, 0xA6, 0x4E, 0x80, 0x04, 0x20, 0x60, 0x00, 0x00, 0x00, 0x00, 0x00, 0x00, 0x00,
  0xC2, 0x16, 0xEB, 0xA8, 0x00, 0x00, 0x00, 0x03, 0x3D, 0xC0, 0x80, 0x15, 0x61, 0xCE, 0xEC, 0xBC, 0x7D, 0xC9, 0x03, 0xA6, 0x4E, 0x80, 0x04, 0x21,
  0x80, 0x01, 0x00, 0x1C, 0x00, 0x00, 0x00, 0x00, 0xC2, 0x1A, 0x45, 0xA8, 0x00, 0x00, 0x00, 0x03, 0x3D, 0xC0, 0x80, 0x15, 0x61, 0xCE, 0xEC, 0xBC,
  0x7D, 0xC9, 0x03, 0xA6, 0x4E, 0x80, 0x04, 0x21, 0x38, 0x00, 0x00, 0x2D, 0x00, 0x00, 0x00, 0x00, 0x04, 0x4D, 0xC4, 0x7C, 0xC0, 0x20, 0x00, 0x00,
  0xC2, 0x26, 0x1A, 0x6C, 0x00, 0x00, 0x00, 0x05, 0x88, 0xBF, 0x00, 0x05, 0x2C, 0x05, 0x00, 0x02, 0x40, 0x82, 0x00, 0x14, 0x3D, 0x80, 0x80, 0x26,
  0x61, 0x8C, 0x1B, 0x6C, 0x7D, 0x89, 0x03, 0xA6, 0x4E, 0x80, 0x04, 0x20, 0x1C, 0x13, 0x00, 0x24, 0x60, 0x00, 0x00, 0x00, 0x00, 0x00, 0x00, 0x00,
  0xC2, 0x2F, 0xCC, 0xD8, 0x00, 0x00, 0x00, 0x0D, 0x3C, 0x60, 0x80, 0x46, 0x60, 0x63, 0xB6, 0xA0, 0x88, 0x63, 0x24, 0xD0, 0x2C, 0x03, 0x00, 0x01,
  0x41, 0x82, 0x00, 0x50, 0x88, 0x7F, 0x00, 0x00, 0x3D, 0x80, 0x80, 0x03, 0x61, 0x8C, 0x41, 0x10, 0x7D, 0x89, 0x03, 0xA6, 0x4E, 0x80, 0x04, 0x21,
  0x80, 0x83, 0x00, 0x2C, 0x80, 0x64, 0x00, 0x04, 0x2C, 0x03, 0x00, 0x10, 0x40, 0x82, 0x00, 0x10, 0x80, 0x64, 0x00, 0x10, 0x2C, 0x03, 0x00, 0xEC,
  0x41, 0x82, 0x00, 0x10, 0x88, 0x64, 0x22, 0x1E, 0x54, 0x63, 0x06, 0x31, 0x41, 0x82, 0x00, 0x14, 0x3D, 0x80, 0x80, 0x2F, 0x61, 0x8C, 0xCC, 0xC8,
  0x7D, 0x89, 0x03, 0xA6, 0x4E, 0x80, 0x04, 0x20, 0x28, 0x1E, 0x00, 0x00, 0x00, 0x00, 0x00, 0x00, 0xC2, 0x26, 0x6C, 0xE0, 0x00, 0x00, 0x00, 0x0C,
  0x80, 0xCD, 0x88, 0x40, 0x38, 0xC6, 0x1C, 0xB0, 0x80, 0xA6, 0x00, 0x18, 0x3C, 0x60, 0xE7, 0x00, 0x60, 0x63, 0x00, 0xB0, 0x7C, 0x63, 0x2A, 0x79,
  0x41, 0x82, 0x00, 0x10, 0x2C, 0x03, 0x00, 0x20, 0x41, 0x82, 0x00, 0x08, 0x48, 0x00, 0x00, 0x34, 0x80, 0x6D, 0xB6, 0x10, 0x88, 0x63, 0x00, 0x18,
  0x2C, 0x03, 0x00, 0x01, 0x41, 0x82, 0x00, 0x14, 0x38, 0x60, 0x00, 0x01, 0x50, 0x65, 0x2E, 0xB4, 0x90, 0xA6, 0x00, 0x18, 0x48, 0x00, 0x00, 0x14,
  0x38, 0x60, 0x00, 0x00, 0x50, 0x65, 0x2E, 0xB4, 0x90, 0xA6, 0x00, 0x18, 0x48, 0x00, 0x00, 0x04, 0x38, 0x60, 0x00, 0x01, 0x00, 0x00, 0x00, 0x00,
  0xC2, 0x26, 0x52, 0x20, 0x00, 0x00, 0x00, 0x28, 0x7F, 0xA3, 0xEB, 0x78, 0x48, 0x00, 0x00, 0x39, 0x2C, 0x03, 0x00, 0x00, 0x41, 0x82, 0x01, 0x2C,
  0x80, 0x7B, 0x00, 0x00, 0x38, 0x80, 0x00, 0x00, 0x3C, 0xA0, 0xFF, 0xD7, 0x60, 0xA5, 0x00, 0x00, 0x90, 0xA1, 0x01, 0x00, 0x38, 0xA1, 0x01, 0x00,
  0x3D, 0x80, 0x80, 0x3A, 0x61, 0x8C, 0x74, 0xF0, 0x7D, 0x89, 0x03, 0xA6, 0x4E, 0x80, 0x04, 0x21, 0x48, 0x00, 0x01, 0x00, 0x7C, 0x08, 0x02, 0xA6,
  0x90, 0x01, 0x00, 0x04, 0x94, 0x21, 0xFF, 0x20, 0xBE, 0x81, 0x00, 0xB0, 0x7C, 0x7D, 0x1B, 0x78, 0x3F, 0xE0, 0x80, 0x47, 0x63, 0xFF, 0x9D, 0xA4,
  0x1F, 0xDD, 0x00, 0xA8, 0x7F, 0xDE, 0xFA, 0x14, 0x88, 0x7F, 0x00, 0x04, 0x2C, 0x03, 0x00, 0x00, 0x41, 0x82, 0x00, 0xB0, 0x3C, 0x60, 0x80, 0x46,
  0x60, 0x63, 0xB6, 0xA0, 0x88, 0x63, 0x24, 0xD0, 0x88, 0x9F, 0x00, 0x06, 0x7C, 0x03, 0x20, 0x00, 0x40, 0x82, 0x00, 0x98, 0x88, 0x7E, 0x00, 0x58,
  0x2C, 0x03, 0x00, 0x03, 0x41, 0x82, 0x00, 0x8C, 0x88, 0x7F, 0x00, 0x04, 0x2C, 0x03, 0x00, 0x07, 0x40, 0x82, 0x00, 0x40, 0x88, 0x7F, 0x00, 0x06,
  0x2C, 0x03, 0x00, 0x01, 0x40, 0x82, 0x00, 0x24, 0x88, 0x7F, 0x00, 0x00, 0x1C, 0x63, 0x00, 0xA8, 0x7C, 0x63, 0xFA, 0x14, 0x88, 0x63, 0x00, 0x5F,
  0x88, 0x9E, 0x00, 0x5F, 0x7C, 0x03, 0x20, 0x00, 0x41, 0x82, 0x00, 0x58, 0x48, 0x00, 0x00, 0x5C, 0x88, 0x7F, 0x00, 0x00, 0x7C, 0x03, 0xE8, 0x00,
  0x41, 0x82, 0x00, 0x48, 0x48, 0x00, 0x00, 0x4C, 0x88, 0x7F, 0x00, 0x06, 0x2C, 0x03, 0x00, 0x01, 0x40, 0x82, 0x00, 0x28, 0x7F, 0xE3, 0xFB, 0x78,
  0x3D, 0x80, 0x80, 0x16, 0x61, 0x8C, 0x54, 0xA0, 0x7D, 0x89, 0x03, 0xA6, 0x4E, 0x80, 0x04, 0x21, 0x88, 0x9E, 0x00, 0x5F, 0x7C, 0x03, 0x20, 0x00,
  0x41, 0x82, 0x00, 0x20, 0x48, 0x00, 0x00, 0x14, 0x88, 0x7E, 0x00, 0x5D, 0x2C, 0x03, 0x00, 0x00, 0x41, 0x82, 0x00, 0x10, 0x48, 0x00, 0x00, 0x04,
  0x38, 0x60, 0x00, 0x00, 0x48, 0x00, 0x00, 0x08, 0x38, 0x60, 0x00, 0x01, 0xBA, 0x81, 0x00, 0xB0, 0x80, 0x01, 0x00, 0xE4, 0x38, 0x21, 0x00, 0xE0,
  0x7C, 0x08, 0x03, 0xA6, 0x4E, 0x80, 0x00, 0x20, 0x88, 0x0D, 0xB6, 0x55, 0x00, 0x00, 0x00, 0x00, 0xC2, 0x16, 0xEA, 0x30, 0x00, 0x00, 0x00, 0x04,
  0x98, 0x1E, 0x00, 0x10, 0x2C, 0x00, 0x00, 0x07, 0x40, 0x82, 0x00, 0x14, 0x3C, 0x80, 0x80, 0x46, 0x60, 0x84, 0xB6, 0xA0, 0x88, 0x84, 0x00, 0x01,
  0x98, 0x9E, 0x00, 0x0C, 0x00, 0x00, 0x00, 0x00, 0x04, 0x26, 0x1B, 0x1C, 0x60, 0x00, 0x00, 0x00, 0x04, 0x26, 0x1B, 0x30, 0x60, 0x00, 0x00, 0x00,
  0x04, 0x26, 0x05, 0xFC, 0x38, 0xC0, 0x00, 0x03, 0x04, 0x12, 0x39, 0xA8, 0x60, 0x00, 0x00, 0x00, 0xC2, 0x13, 0xC3, 0x88, 0x00, 0x00, 0x00, 0x0A,
  0x83, 0xDC, 0x00, 0x2C, 0x88, 0x7E, 0x00, 0x0C, 0x3D, 0x80, 0x80, 0x03, 0x61, 0x8C, 0x23, 0x30, 0x7D, 0x89, 0x03, 0xA6, 0x4E, 0x80, 0x04, 0x21,
  0x3D, 0x80, 0x80, 0x16, 0x61, 0x8C, 0x92, 0x38, 0x7D, 0x89, 0x03, 0xA6, 0x4E, 0x80, 0x04, 0x21, 0x88, 0x9E, 0x06, 0x19, 0x7C, 0x04, 0x18, 0x00,
  0x40, 0x80, 0x00, 0x08, 0x48, 0x00, 0x00, 0x14, 0x3D, 0x80, 0x80, 0x13, 0x61, 0x8C, 0xC4, 0x6C, 0x7D, 0x89, 0x03, 0xA6, 0x4E, 0x80, 0x04, 0x20,
  0x80, 0x9C, 0x00, 0x2C, 0x00, 0x00, 0x00, 0x00, 0xC2, 0x16, 0xDE, 0xD4, 0x00, 0x00, 0x00, 0x39, 0x7C, 0x08, 0x02, 0xA6, 0x90, 0x01, 0x00, 0x04,
  0x94, 0x21, 0xFF, 0x20, 0xBE, 0x81, 0x00, 0xB0, 0x3B, 0xE0, 0x00, 0x00, 0x7F, 0xE3, 0xFB, 0x78, 0x3D, 0x80, 0x80, 0x03, 0x61, 0x8C, 0x24, 0x1C,
  0x7D, 0x89, 0x03, 0xA6, 0x4E, 0x80, 0x04, 0x21, 0x2C, 0x03, 0x00, 0x03, 0x41, 0x82, 0x00, 0x60, 0x7F, 0xE3, 0xFB, 0x78, 0x3D, 0x80, 0x80, 0x03,
  0x61, 0x8C, 0x31, 0x98, 0x7D, 0x89, 0x03, 0xA6, 0x4E, 0x80, 0x04, 0x21, 0x7C, 0x7E, 0x1B, 0x78, 0x7F, 0xE3, 0xFB, 0x78, 0x3D, 0x80, 0x80, 0x03,
  0x61, 0x8C, 0x23, 0x30, 0x7D, 0x89, 0x03, 0xA6, 0x4E, 0x80, 0x04, 0x21, 0x3D, 0x80, 0x80, 0x16, 0x61, 0x8C, 0x92, 0x38, 0x7D, 0x89, 0x03, 0xA6,
  0x4E, 0x80, 0x04, 0x21, 0x7C, 0x1E, 0x18, 0x00, 0x41, 0x80, 0x00, 0x1C, 0x7F, 0xE3, 0xFB, 0x78, 0x38, 0x80, 0x00, 0x00, 0x3D, 0x80, 0x80, 0x03,
  0x61, 0x8C, 0x32, 0x08, 0x7D, 0x89, 0x03, 0xA6, 0x4E, 0x80, 0x04, 0x21, 0x3B, 0xFF, 0x00, 0x01, 0x2C, 0x1F, 0x00, 0x06, 0x41, 0x80, 0xFF, 0x80,
  0x3B, 0xE0, 0x00, 0x00, 0x7F, 0xE3, 0xFB, 0x78, 0x3D, 0x80, 0x80, 0x03, 0x61, 0x8C, 0x24, 0x1C, 0x7D, 0x89, 0x03, 0xA6, 0x4E, 0x80, 0x04, 0x21,
  0x2C, 0x03, 0x00, 0x03, 0x41, 0x82, 0x00, 0xEC, 0x7F, 0xE3, 0xFB, 0x78, 0x3D, 0x80, 0x80, 0x03, 0x61, 0x8C, 0x23, 0x30, 0x7D, 0x89, 0x03, 0xA6,
  0x4E, 0x80, 0x04, 0x21, 0x7C, 0x7E, 0x1B, 0x78, 0x7F, 0xE3, 0xFB, 0x78, 0x3D, 0x80, 0x80, 0x03, 0x61, 0x8C, 0x31, 0x98, 0x7D, 0x89, 0x03, 0xA6,
  0x4E, 0x80, 0x04, 0x21, 0x7C, 0x7D, 0x1B, 0x78, 0x7F, 0xE3, 0xFB, 0x78, 0x3D, 0x80, 0x80, 0x03, 0x61, 0x8C, 0x32, 0x84, 0x7D, 0x89, 0x03, 0xA6,
  0x4E, 0x80, 0x04, 0x21, 0x7C, 0x7C, 0x1B, 0x78, 0x3B, 0x60, 0x00, 0x00, 0x7C, 0x1F, 0xD8, 0x00, 0x41, 0x82, 0x00, 0x8C, 0x7F, 0x63, 0xDB, 0x78,
  0x3D, 0x80, 0x80, 0x03, 0x61, 0x8C, 0x24, 0x1C, 0x7D, 0x89, 0x03, 0xA6, 0x4E, 0x80, 0x04, 0x21, 0x2C, 0x03, 0x00, 0x03, 0x41, 0x82, 0x00, 0x70,
  0x7F, 0x63, 0xDB, 0x78, 0x3D, 0x80, 0x80, 0x03, 0x61, 0x8C, 0x23, 0x30, 0x7D, 0x89, 0x03, 0xA6, 0x4E, 0x80, 0x04, 0x21, 0x7C, 0x03, 0xF0, 0x00,
  0x40, 0x82, 0x00, 0x54, 0x7F, 0x63, 0xDB, 0x78, 0x3D, 0x80, 0x80, 0x03, 0x61, 0x8C, 0x31, 0x98, 0x7D, 0x89, 0x03, 0xA6, 0x4E, 0x80, 0x04, 0x21,
  0x7C, 0x03, 0xE8, 0x00, 0x40, 0x82, 0x00, 0x38, 0x7F, 0x63, 0xDB, 0x78, 0x3D, 0x80, 0x80, 0x03, 0x61, 0x8C, 0x32, 0x84, 0x7D, 0x89, 0x03, 0xA6,
  0x4E, 0x80, 0x04, 0x21, 0x7C, 0x03, 0xE0, 0x00, 0x40, 0x82, 0x00, 0x1C, 0x38, 0x83, 0x00, 0x01, 0x7F, 0x63, 0xDB, 0x78, 0x3D, 0x80, 0x80, 0x03,
  0x61, 0x8C, 0x32, 0xF4, 0x7D, 0x89, 0x03, 0xA6, 0x4E, 0x80, 0x04, 0x21, 0x3B, 0x7B, 0x00, 0x01, 0x2C, 0x1B, 0x00, 0x06, 0x41, 0x80, 0xFF, 0x68,
  0x3B, 0xFF, 0x00, 0x01, 0x2C, 0x1F, 0x00, 0x06, 0x41, 0x80, 0xFE, 0xF4, 0xBA, 0x81, 0x00, 0xB0, 0x80, 0x01, 0x00, 0xE4, 0x38, 0x21, 0x00, 0xE0,
  0x7C, 0x08, 0x03, 0xA6, 0x80, 0x01, 0x00, 0x1C, 0x60, 0x00, 0x00, 0x00, 0x00, 0x00, 0x00, 0x00, 0x04, 0x06, 0x79, 0xBC, 0x38, 0x80, 0x26, 0x00,
  0xC2, 0x32, 0x19, 0xEC, 0x00, 0x00, 0x00, 0x1D, 0x7C, 0x08, 0x02, 0xA6, 0x90, 0x01, 0x00, 0x04, 0x94, 0x21, 0xFF, 0x20, 0xBE, 0x81, 0x00, 0xB0,
  0x3D, 0x80, 0x80, 0x00, 0x61, 0x8C, 0x56, 0x04, 0x7D, 0x89, 0x03, 0xA6, 0x4E, 0x80, 0x04, 0x21, 0x2C, 0x03, 0x00, 0x00, 0x41, 0x82, 0x00, 0xA8,
  0x80, 0x6D, 0xB6, 0x4C, 0x83, 0xC3, 0x00, 0x00, 0x83, 0xAD, 0xB6, 0x50, 0x7F, 0x9E, 0xEA, 0x14, 0x2C, 0x1D, 0x00, 0x00, 0x41, 0x82, 0x00, 0x90,
  0x38, 0x60, 0x00, 0x3C, 0x98, 0x7C, 0x00, 0x00, 0x80, 0x6D, 0xB6, 0x54, 0x90, 0x7C, 0x00, 0x01, 0x3C, 0x60, 0x80, 0x48, 0x80, 0x63, 0x9D, 0x30,
  0x54, 0x63, 0x44, 0x3E, 0x2C, 0x03, 0x02, 0x08, 0x80, 0x6D, 0xB6, 0x54, 0x40, 0x82, 0x00, 0x3C, 0x80, 0xAD, 0xB6, 0x1C, 0x88, 0x85, 0x00, 0x10,
  0x2C, 0x04, 0x00, 0x00, 0x40, 0x82, 0x00, 0x2C, 0x88, 0x85, 0x00, 0x0F, 0x2C, 0x04, 0x00, 0x00, 0x40, 0x82, 0x00, 0x20, 0x80, 0x85, 0x0A, 0xC9,
  0x38, 0x84, 0xFF, 0x85, 0x80, 0xE5, 0x0A, 0xD6, 0x7C, 0x87, 0x20, 0x50, 0x7C, 0x04, 0x18, 0x00, 0x40, 0x80, 0x00, 0x08, 0x7C, 0x83, 0x23, 0x78,
  0x90, 0x7C, 0x00, 0x05, 0x3B, 0xBD, 0x00, 0x09, 0x7F, 0xC3, 0xF3, 0x78, 0x7F, 0xA4, 0xEB, 0x78, 0x38, 0xA0, 0x00, 0x01, 0x3D, 0x80, 0x80, 0x00,
  0x61, 0x8C, 0x55, 0xF0, 0x7D, 0x89, 0x03, 0xA6, 0x4E, 0x80, 0x04, 0x21, 0x38, 0x60, 0x00, 0x00, 0x90, 0x6D, 0xB6, 0x50, 0xBA, 0x81, 0x00, 0xB0,
  0x80, 0x01, 0x00, 0xE4, 0x38, 0x21, 0x00, 0xE0, 0x7C, 0x08, 0x03, 0xA6, 0x80, 0x01, 0x00, 0x1C, 0x60, 0x00, 0x00, 0x00, 0x00, 0x00, 0x00, 0x00,
  0xC2, 0x16, 0xD8, 0x84, 0x00, 0x00, 0x00, 0x30, 0x7C, 0x08, 0x02, 0xA6, 0x90, 0x01, 0x00, 0x04, 0x94, 0x21, 0xFF, 0x20, 0xBE, 0x81, 0x00, 0xB0,
  0x3D, 0x80, 0x80, 0x00, 0x61, 0x8C, 0x56, 0x04, 0x7D, 0x89, 0x03, 0xA6, 0x4E, 0x80, 0x04, 0x21, 0x2C, 0x03, 0x00, 0x00, 0x41, 0x82, 0x01, 0x44,
  0x3F, 0x20, 0x80, 0x46, 0x63, 0x39, 0xB6, 0xA0, 0x8B, 0x59, 0x00, 0x08, 0x2C, 0x1A, 0x00, 0x00, 0x41, 0x82, 0x01, 0x30, 0x83, 0x0D, 0xB6, 0x4C,
  0x88, 0x78, 0x00, 0x04, 0x2C, 0x03, 0x00, 0x00, 0x40, 0x82, 0x01, 0x20, 0x3C, 0x60, 0x80, 0x48, 0x80, 0x63, 0x9D, 0x30, 0x54, 0x63, 0x44, 0x3E,
  0x2C, 0x03, 0x02, 0x08, 0x40, 0x82, 0x00, 0x1C, 0x2C, 0x1A, 0x00, 0x02, 0x40, 0x82, 0x00, 0x14, 0x80, 0x6D, 0xB6, 0x1C, 0x88, 0x63, 0x00, 0x0F,
  0x2C, 0x03, 0x00, 0x00, 0x41, 0x82, 0x00, 0xF4, 0x83, 0xB8, 0x00, 0x00, 0x38, 0x60, 0x00, 0x39, 0x98, 0x7D, 0x00, 0x00, 0x9B, 0x5D, 0x00, 0x01,
  0x2C, 0x1A, 0x00, 0x07, 0x40, 0x82, 0x00, 0x0C, 0x88, 0x79, 0x00, 0x01, 0x48, 0x00, 0x00, 0x08, 0x38, 0x60, 0xFF, 0xFF, 0x98, 0x7D, 0x00, 0x02,
  0x3E, 0x80, 0x80, 0x47, 0x62, 0x94, 0x9D, 0xA4, 0x7E, 0x83, 0xA3, 0x78, 0x3C, 0x80, 0x80, 0x46, 0x60, 0x84, 0xB8, 0xEC, 0x38, 0xA0, 0x22, 0x78,
  0x3D, 0x80, 0x80, 0x00, 0x61, 0x8C, 0x31, 0xF4, 0x7D, 0x89, 0x03, 0xA6, 0x4E, 0x80, 0x04, 0x21, 0x3C, 0x80, 0x80, 0x46, 0x60, 0x84, 0xB6, 0xA0,
  0x7E, 0x83, 0xA3, 0x78, 0x88, 0x04, 0x24, 0xD0, 0x98, 0x03, 0x00, 0x06, 0x88, 0x04, 0x00, 0x08, 0x98, 0x03, 0x00, 0x04, 0x3D, 0x80, 0x80, 0x16,
  0x61, 0x8C, 0x63, 0x78, 0x7D, 0x89, 0x03, 0xA6, 0x4E, 0x80, 0x04, 0x21, 0x3A, 0xA0, 0x00, 0x00, 0x7E, 0xA3, 0xAB, 0x78, 0x48, 0x00, 0x00, 0x41,
  0x38, 0x95, 0x00, 0x03, 0x7C, 0x64, 0xE9, 0xAE, 0x3A, 0xB5, 0x00, 0x01, 0x2C, 0x15, 0x00, 0x03, 0x40, 0x81, 0xFF, 0xE8, 0x7F, 0xA3, 0xEB, 0x78,
  0x38, 0x80, 0x00, 0x07, 0x38, 0xA0, 0x00, 0x01, 0x3D, 0x80, 0x80, 0x00, 0x61, 0x8C, 0x55, 0xF0, 0x7D, 0x89, 0x03, 0xA6, 0x4E, 0x80, 0x04, 0x21,
  0x38, 0x60, 0x00, 0x01, 0x98, 0x78, 0x00, 0x04, 0x48, 0x00, 0x00, 0x30, 0x3D, 0x80, 0x80, 0x47, 0x61, 0x8C, 0x9D, 0xA4, 0x1D, 0x63, 0x00, 0xA8,
  0x7D, 0x6B, 0x62, 0x14, 0x88, 0x6B, 0x00, 0x58, 0x2C, 0x03, 0x00, 0x03, 0x41, 0x82, 0x00, 0x0C, 0x88, 0x6B, 0x00, 0x5E, 0x48, 0x00, 0x00, 0x08,
  0x38, 0x60, 0xFF, 0xFF, 0x4E, 0x80, 0x00, 0x20, 0xBA, 0x81, 0x00, 0xB0, 0x80, 0x01, 0x00, 0xE4, 0x38, 0x21, 0x00, 0xE0, 0x7C, 0x08, 0x03, 0xA6,
  0x81, 0x9F, 0x25, 0x14, 0x00, 0x00, 0x00, 0x00, 0xC2, 0x16, 0xE7, 0x4C, 0x00, 0x00, 0x01, 0x19, 0x7C, 0x08, 0x02, 0xA6, 0x90, 0x01, 0x00, 0x04,
  0x94, 0x21, 0xFF, 0x20, 0xBE, 0x81, 0x00, 0xB0, 0x3D, 0x80, 0x80, 0x00, 0x61, 0x8C, 0x56, 0x04, 0x7D, 0x89, 0x03, 0xA6, 0x4E, 0x80, 0x04, 0x21,
  0x2C, 0x03, 0x00, 0x00, 0x41, 0x82, 0x08, 0x88, 0x38, 0x60, 0x00, 0x05, 0x3D, 0x80, 0x80, 0x37, 0x61, 0x8C, 0xF1, 0xE4, 0x7D, 0x89, 0x03, 0xA6,
  0x4E, 0x80, 0x04, 0x21, 0x7C, 0x7B, 0x1B, 0x78, 0x93, 0x6D, 0xB6, 0x4C, 0x38, 0x80, 0x00, 0x05, 0x3D, 0x80, 0x80, 0x00, 0x61, 0x8C, 0xC1, 0x60,
  0x7D, 0x89, 0x03, 0xA6, 0x4E, 0x80, 0x04, 0x21, 0x38, 0x60, 0x07, 0x94, 0x3D, 0x80, 0x80, 0x37, 0x61, 0x8C, 0xF1, 0xE4, 0x7D, 0x89, 0x03, 0xA6,
  0x4E, 0x80, 0x04, 0x21, 0x7C, 0x7E, 0x1B, 0x78, 0x93, 0xDB, 0x00, 0x00, 0x38, 0x60, 0x00, 0x00, 0x90, 0x6D, 0xB6, 0x50, 0x38, 0x60, 0xFF, 0x84,
  0x90, 0x6D, 0xB6, 0x54, 0x3C, 0x60, 0x80, 0x00, 0x60, 0x63, 0x56, 0x00, 0x80, 0x63, 0x00, 0x00, 0x38, 0x63, 0x00, 0x08, 0x38, 0x80, 0x00, 0x00,
  0x3D, 0x80, 0x80, 0x00, 0x61, 0x8C, 0x55, 0xFC, 0x7D, 0x89, 0x03, 0xA6, 0x4E, 0x80, 0x04, 0x21, 0x7C, 0x7C, 0x1B, 0x78, 0x38, 0x60, 0x00, 0x35,
  0x98, 0x7E, 0x00, 0x00, 0x38, 0x60, 0x00, 0x25, 0x98, 0x7E, 0x00, 0x01, 0x38, 0x60, 0x00, 0x36, 0x98, 0x7E, 0x00, 0x02, 0x38, 0x60, 0x02, 0xF8,
  0xB0, 0x7E, 0x00, 0x03, 0x38, 0x60, 0x00, 0x37, 0x98, 0x7E, 0x00, 0x05, 0x38, 0x60, 0x00, 0x42, 0xB0, 0x7E, 0x00, 0x06, 0x38, 0x60, 0x00, 0x38,
  0x98, 0x7E, 0x00, 0x08, 0x38, 0x60, 0x00, 0x54, 0xB0, 0x7E, 0x00, 0x09, 0x38, 0x60, 0x00, 0x39, 0x98, 0x7E, 0x00, 0x0B, 0x38, 0x60, 0x00, 0x06,
  0xB0, 0x7E, 0x00, 0x0C, 0x38, 0x60, 0x00, 0x3A, 0x98, 0x7E, 0x00, 0x0E, 0x38, 0x60, 0x00, 0x0C, 0xB0, 0x7E, 0x00, 0x0F, 0x38, 0x60, 0x00, 0x3B,
  0x98, 0x7E, 0x00, 0x11, 0x38, 0x60, 0x00, 0x2C, 0xB0, 0x7E, 0x00, 0x12, 0x38, 0x60, 0x00, 0x3C, 0x98, 0x7E, 0x00, 0x14, 0x38, 0x60, 0x00, 0x08,
  0xB0, 0x7E, 0x00, 0x15, 0x38, 0x60, 0x00, 0x3D, 0x98, 0x7E, 0x00, 0x17, 0xB3, 0x9E, 0x00, 0x18, 0x38, 0x60, 0x00, 0x10, 0x98, 0x7E, 0x00, 0x1A,
  0x38, 0x60, 0x02, 0x04, 0xB0, 0x7E, 0x00, 0x1B, 0x38, 0x60, 0x00, 0x3F, 0x98, 0x7E, 0x00, 0x1D, 0x38, 0x60, 0x00, 0x09, 0xB0, 0x7E, 0x00, 0x1E,
  0x38, 0x60, 0x00, 0x40, 0x98, 0x7E, 0x00, 0x20, 0x38, 0x60, 0x00, 0x05, 0xB0, 0x7E, 0x00, 0x21, 0x38, 0x60, 0x00, 0x41, 0x98, 0x7E, 0x00, 0x23,
  0x38, 0x60, 0x00, 0x08, 0xB0, 0x7E, 0x00, 0x24, 0x38, 0x60, 0x00, 0x36, 0x98, 0x7E, 0x00, 0x26, 0x3C, 0x60, 0x03, 0x13, 0x60, 0x63, 0x01, 0x00,
  0x90, 0x7E, 0x00, 0x27, 0x38, 0x7E, 0x00, 0x2B, 0x7F, 0xE4, 0xFB, 0x78, 0x38, 0xA0, 0x01, 0x38, 0x3D, 0x80, 0x80, 0x00, 0x61, 0x8C, 0x31, 0xF4,
  0x7D, 0x89, 0x03, 0xA6, 0x4E, 0x80, 0x04, 0x21, 0x38, 0x7E, 0x00, 0x6B, 0x38, 0x80, 0x00, 0x1C, 0x3D, 0x80, 0x80, 0x00, 0x61, 0x8C, 0xC1, 0x60,
  0x7D, 0x89, 0x03, 0xA6, 0x4E, 0x80, 0x04, 0x21, 0x38, 0x7E, 0x00, 0x2B, 0x3A, 0xA3, 0x00, 0x60, 0x3A, 0x80, 0x00, 0x00, 0x1E, 0xD4, 0x00, 0x24,
  0x7E, 0xD6, 0xAA, 0x14, 0x88, 0x76, 0x00, 0x01, 0x2C, 0x03, 0x00, 0x00, 0x40, 0x82, 0x00, 0x34, 0x88, 0x76, 0x00, 0x00, 0x2C, 0x03, 0x00, 0x12,
  0x40, 0x82, 0x00, 0x28, 0x3C, 0x60, 0x80, 0x4C, 0x60, 0x63, 0x20, 0xBC, 0x1C, 0x94, 0x00, 0x44, 0x7C, 0x63, 0x22, 0x14, 0x80, 0x63, 0x00, 0x00,
  0x54, 0x60, 0x05, 0xEF, 0x41, 0x82, 0x00, 0x0C, 0x38, 0x60, 0x00, 0x13, 0x98, 0x76, 0x00, 0x00, 0x3A, 0x94, 0x00, 0x01, 0x2C, 0x14, 0x00, 0x04,
  0x41, 0x80, 0xFF, 0xB4, 0x38, 0x7E, 0x00, 0x2B, 0x3A, 0xA3, 0x00, 0x60, 0x3A, 0x80, 0x00, 0x00, 0x1E, 0xD4, 0x00, 0x24, 0x7E, 0xD6, 0xAA, 0x14,
  0x88, 0x76, 0x00, 0x01, 0x2C, 0x03, 0x00, 0x00, 0x40, 0x82, 0x00, 0x2C, 0x88, 0x76, 0x00, 0x00, 0x3D, 0x80, 0x80, 0x16, 0x61, 0x8C, 0x92, 0x38,
  0x7D, 0x89, 0x03, 0xA6, 0x4E, 0x80, 0x04, 0x21, 0x88, 0x96, 0x00, 0x03, 0x7C, 0x04, 0x18, 0x00, 0x40, 0x81, 0x00, 0x0C, 0x38, 0x60, 0x00, 0x00,
  0x98, 0x76, 0x00, 0x03, 0x3A, 0x94, 0x00, 0x01, 0x2C, 0x14, 0x00, 0x04, 0x41, 0x80, 0xFF, 0xBC, 0x3C, 0x60, 0x80, 0x4D, 0x80, 0x63, 0x5F, 0x90,
  0x90, 0x7E, 0x01, 0x63, 0x3A, 0x82, 0xF2, 0x28, 0x3A, 0xA0, 0x00, 0x00, 0x3A, 0xDE, 0x01, 0x67, 0x1E, 0xF5, 0x00, 0x08, 0x38, 0x60, 0x00, 0x01,
  0x7C, 0x76, 0xB9, 0x2E, 0x3A, 0xF7, 0x00, 0x04, 0x7C, 0x76, 0xB9, 0x2E, 0x3A, 0xB5, 0x00, 0x01, 0x2C, 0x15, 0x00, 0x04, 0x41, 0x80, 0xFF, 0xE4,
  0x3A, 0x80, 0x00, 0x00, 0x3A, 0xBF, 0x00, 0x60, 0x3A, 0xFE, 0x01, 0x87, 0x1F, 0x14, 0x00, 0x10, 0x7F, 0x18, 0xBA, 0x14, 0x1E, 0xD4, 0x00, 0x24,
  0x7E, 0xD6, 0xAA, 0x14, 0x88, 0x76, 0x00, 0x01, 0x2C, 0x03, 0x00, 0x00, 0x40, 0x82, 0x00, 0x40, 0x88, 0x76, 0x00, 0x0A, 0x2C, 0x03, 0x00, 0x78,
  0x41, 0x82, 0x00, 0x34, 0x3D, 0x80, 0x80, 0x23, 0x61, 0x8C, 0x75, 0x4C, 0x7D, 0x89, 0x03, 0xA6, 0x4E, 0x80, 0x04, 0x21, 0x7C, 0x64, 0x1B, 0x78,
  0x7F, 0x03, 0xC3, 0x78, 0x38, 0xA0, 0x00, 0x10, 0x3D, 0x80, 0x80, 0x00, 0x61, 0x8C, 0x31, 0xF4, 0x7D, 0x89, 0x03, 0xA6, 0x4E, 0x80, 0x04, 0x21,
  0x48, 0x00, 0x00, 0x1C, 0x7F, 0x03, 0xC3, 0x78, 0x38, 0x80, 0x00, 0x10, 0x3D, 0x80, 0x80, 0x00, 0x61, 0x8C, 0xC1, 0x60, 0x7D, 0x89, 0x03, 0xA6,
  0x4E, 0x80, 0x04, 0x21, 0x3A, 0x94, 0x00, 0x01, 0x2C, 0x14, 0x00, 0x04, 0x41, 0x80, 0xFF, 0x88, 0x88, 0x62, 0xF2, 0x34, 0x98, 0x7E, 0x01, 0xC7,
  0x3C, 0x60, 0x4B, 0xFB, 0x60, 0x63, 0x3E, 0xA1, 0x3C, 0x80, 0x80, 0x1D, 0x60, 0x84, 0x45, 0x7C, 0x80, 0x84, 0x00, 0x00, 0x7C, 0x03, 0x20, 0x00,
  0x38, 0x60, 0x00, 0x00, 0x41, 0x82, 0x00, 0x24, 0x3C, 0x60, 0x80, 0x1D, 0x60, 0x63, 0x45, 0x7C, 0x80, 0x83, 0x00, 0x00, 0x54, 0x85, 0x30, 0x2E,
  0x38, 0x80, 0x00, 0x40, 0x7C, 0x85, 0x23, 0xD6, 0x7C, 0x63, 0x22, 0x14, 0x88, 0x63, 0x00, 0x08, 0x98, 0x7E, 0x01, 0xC8, 0x3C, 0x60, 0x80, 0x48,
  0x80, 0x63, 0x9D, 0x30, 0x54, 0x63, 0x44, 0x3E, 0xB0, 0x7E, 0x01, 0xC9, 0x3B, 0x20, 0x00, 0x00, 0x3C, 0x60, 0x80, 0x48, 0x80, 0x63, 0x9D, 0x30,
  0x54, 0x63, 0x44, 0x3E, 0x2C, 0x03, 0x02, 0x08, 0x40, 0x82, 0x01, 0x7C, 0x38, 0x60, 0x00, 0x00, 0x3D, 0x80, 0x80, 0x00, 0x61, 0x8C, 0x56, 0x10,
  0x7D, 0x89, 0x03, 0xA6, 0x4E, 0x80, 0x04, 0x21, 0x7C, 0x79, 0x1B, 0x78, 0x3A, 0x80, 0x00, 0x00, 0x3A, 0xBF, 0x00, 0x60, 0x3A, 0xFE, 0x01, 0xCB,
  0x3B, 0x59, 0x00, 0x2E, 0x1C, 0x74, 0x00, 0x1F, 0x7F, 0x03, 0xBA, 0x14, 0x1E, 0xD4, 0x00, 0x24, 0x7E, 0xD6, 0xAA, 0x14, 0x88, 0x76, 0x00, 0x01,
  0x2C, 0x03, 0x00, 0x00, 0x40, 0x82, 0x00, 0x28, 0x1C, 0x74, 0x00, 0x1F, 0x7C, 0x83, 0xD2, 0x14, 0x7F, 0x03, 0xC3, 0x78, 0x38, 0xA0, 0x00, 0x1F,
  0x3D, 0x80, 0x80, 0x00, 0x61, 0x8C, 0x31, 0xF4, 0x7D, 0x89, 0x03, 0xA6, 0x4E, 0x80, 0x04, 0x21, 0x48, 0x00, 0x00, 0x1C, 0x7F, 0x03, 0xC3, 0x78,
  0x38, 0x80, 0x00, 0x1F, 0x3D, 0x80, 0x80, 0x00, 0x61, 0x8C, 0xC1, 0x60, 0x7D, 0x89, 0x03, 0xA6, 0x4E, 0x80, 0x04, 0x21, 0x3A, 0x94, 0x00, 0x01,
  0x2C, 0x14, 0x00, 0x04, 0x41, 0x80, 0xFF, 0xA0, 0x3A, 0x80, 0x00, 0x00, 0x3A, 0xBF, 0x00, 0x60, 0x3A, 0xFE, 0x02, 0x47, 0x3B, 0x59, 0x00, 0xC9,
  0x1C, 0x74, 0x00, 0x0A, 0x7F, 0x03, 0xBA, 0x14, 0x1E, 0xD4, 0x00, 0x24, 0x7E, 0xD6, 0xAA, 0x14, 0x88, 0x76, 0x00, 0x01, 0x2C, 0x03, 0x00, 0x00,
  0x40, 0x82, 0x00, 0x28, 0x1C, 0x74, 0x00, 0x0A, 0x7C, 0x83, 0xD2, 0x14, 0x7F, 0x03, 0xC3, 0x78, 0x38, 0xA0, 0x00, 0x0A, 0x3D, 0x80, 0x80, 0x00,
  0x61, 0x8C, 0x31, 0xF4, 0x7D, 0x89, 0x03, 0xA6, 0x4E, 0x80, 0x04, 0x21, 0x48, 0x00, 0x00, 0x1C, 0x7F, 0x03, 0xC3, 0x78, 0x38, 0x80, 0x00, 0x0A,
  0x3D, 0x80, 0x80, 0x00, 0x61, 0x8C, 0xC1, 0x60, 0x7D, 0x89, 0x03, 0xA6, 0x4E, 0x80, 0x04, 0x21, 0x3A, 0x94, 0x00, 0x01, 0x2C, 0x14, 0x00, 0x04,
  0x41, 0x80, 0xFF, 0xA0, 0x3A, 0x80, 0x00, 0x00, 0x3A, 0xBF, 0x00, 0x60, 0x3A, 0xFE, 0x02, 0x6F, 0x3B, 0x59, 0x00, 0xF1, 0x1C, 0x74, 0x00, 0x1D,
  0x7F, 0x03, 0xBA, 0x14, 0x1E, 0xD4, 0x00, 0x24, 0x7E, 0xD6, 0xAA, 0x14, 0x88, 0x76, 0x00, 0x01, 0x2C, 0x03, 0x00, 0x00, 0x40, 0x82, 0x00, 0x28,
  0x1C, 0x74, 0x00, 0x1D, 0x7C, 0x83, 0xD2, 0x14, 0x7F, 0x03, 0xC3, 0x78, 0x38, 0xA0, 0x00, 0x1D, 0x3D, 0x80, 0x80, 0x00, 0x61, 0x8C, 0x31, 0xF4,
  0x7D, 0x89, 0x03, 0xA6, 0x4E, 0x80, 0x04, 0x21, 0x48, 0x00, 0x00, 0x1C, 0x7F, 0x03, 0xC3, 0x78, 0x38, 0x80, 0x00, 0x1D, 0x3D, 0x80, 0x80, 0x00,
  0x61, 0x8C, 0xC1, 0x60, 0x7D, 0x89, 0x03, 0xA6, 0x4E, 0x80, 0x04, 0x21, 0x3A, 0x94, 0x00, 0x01, 0x2C, 0x14, 0x00, 0x04, 0x41, 0x80, 0xFF, 0xA0,
  0x48, 0x00, 0x00, 0x1C, 0x38, 0x7E, 0x01, 0xCB, 0x38, 0x80, 0x01, 0x18, 0x3D, 0x80, 0x80, 0x00, 0x61, 0x8C, 0xC1, 0x60, 0x7D, 0x89, 0x03, 0xA6,
  0x4E, 0x80, 0x04, 0x21, 0x3D, 0x80, 0x80, 0x00, 0x61, 0x8C, 0xAD, 0xF4, 0x7D, 0x89, 0x03, 0xA6, 0x4E, 0x80, 0x04, 0x21, 0x98, 0x7E, 0x02, 0xE3,
  0x2C, 0x19, 0x00, 0x00, 0x41, 0x82, 0x00, 0x44, 0x38, 0x7E, 0x02, 0xE4, 0x38, 0x99, 0x03, 0x8E, 0x38, 0xA0, 0x00, 0x33, 0x3D, 0x80, 0x80, 0x00,
  0x61, 0x8C, 0x31, 0xF4, 0x7D, 0x89, 0x03, 0xA6, 0x4E, 0x80, 0x04, 0x21, 0x3C, 0x60, 0x80, 0x3D, 0x60, 0x63, 0xAD, 0x40, 0x80, 0x63, 0x00, 0x00,
  0x81, 0x83, 0x00, 0x88, 0xA0, 0x6C, 0x00, 0x01, 0x90, 0x7E, 0x03, 0x17, 0x88, 0x6C, 0x00, 0x06, 0x90, 0x7E, 0x03, 0x1B, 0x48, 0x00, 0x00, 0x1C,
  0x38, 0x7E, 0x02, 0xE4, 0x38, 0x80, 0x00, 0x3B, 0x3D, 0x80, 0x80, 0x00, 0x61, 0x8C, 0xC1, 0x60, 0x7D, 0x89, 0x03, 0xA6, 0x4E, 0x80, 0x04, 0x21,
  0x2C, 0x19, 0x00, 0x00, 0x41, 0x82, 0x00, 0x18, 0x7F, 0x23, 0xCB, 0x78, 0x3D, 0x80, 0x80, 0x37, 0x61, 0x8C, 0xF1, 0xB0, 0x7D, 0x89, 0x03, 0xA6,
  0x4E, 0x80, 0x04, 0x21, 0x7F, 0xC3, 0xF3, 0x78, 0x38, 0x80, 0x03, 0x1F, 0x38, 0xA0, 0x00, 0x01, 0x3D, 0x80, 0x80, 0x00, 0x61, 0x8C, 0x55, 0xF0,
  0x7D, 0x89, 0x03, 0xA6, 0x4E, 0x80, 0x04, 0x21, 0x38, 0x60, 0x02, 0x05, 0x3D, 0x80, 0x80, 0x37, 0x61, 0x8C, 0xF1, 0xE4, 0x7D, 0x89, 0x03, 0xA6,
  0x4E, 0x80, 0x04, 0x21, 0x7C, 0x75, 0x1B, 0x78, 0x3C, 0x60, 0x80, 0x00, 0x60, 0x63, 0x56, 0x00, 0x80, 0x63, 0x00, 0x00, 0x3A, 0xE3, 0x00, 0x08,
  0x38, 0x60, 0x00, 0x10, 0x98, 0x75, 0x00, 0x00, 0x38, 0x60, 0x00, 0x3D, 0x98, 0x75, 0x02, 0x03, 0x38, 0x60, 0x02, 0x00, 0xB0, 0x75, 0x02, 0x01,
  0x38, 0x60, 0x00, 0x00, 0x98, 0x75, 0x02, 0x04, 0x3A, 0xC0, 0x00, 0x00, 0x7C, 0x76, 0xE0, 0x50, 0x2C, 0x03, 0x02, 0x00, 0x41, 0x81, 0x00, 0x10,
  0xB0, 0x75, 0x02, 0x01, 0x38, 0x60, 0x00, 0x01, 0x98, 0x75, 0x02, 0x04, 0x38, 0x75, 0x00, 0x01, 0x7E, 0xE4, 0xBB, 0x78, 0x7C, 0x84, 0xB2, 0x14,
  0xA0, 0xB5, 0x02, 0x01, 0x3D, 0x80, 0x80, 0x00, 0x61, 0x8C, 0x31, 0xF4, 0x7D, 0x89, 0x03, 0xA6, 0x4E, 0x80, 0x04, 0x21, 0x7E, 0xA3, 0xAB, 0x78,
  0x38, 0x80, 0x02, 0x05, 0x38, 0xA0, 0x00, 0x01, 0x3D, 0x80, 0x80, 0x00, 0x61, 0x8C, 0x55, 0xF0, 0x7D, 0x89, 0x03, 0xA6, 0x4E, 0x80, 0x04, 0x21,
  0x3A, 0xD6, 0x02, 0x00, 0x7C, 0x16, 0xE0, 0x00, 0x41, 0x80, 0xFF, 0xA4, 0x7E, 0xA3, 0xAB, 0x78, 0x3D, 0x80, 0x80, 0x37, 0x61, 0x8C, 0xF1, 0xB0,
  0x7D, 0x89, 0x03, 0xA6, 0x4E, 0x80, 0x04, 0x21, 0x38, 0x60, 0x00, 0x04, 0x38, 0x80, 0x00, 0x07, 0x38, 0xA0, 0x00, 0x00, 0x3D, 0x80, 0x80, 0x39,
  0x61, 0x8C, 0x01, 0xF0, 0x7D, 0x89, 0x03, 0xA6, 0x4E, 0x80, 0x04, 0x21, 0x48, 0x00, 0x00, 0x21, 0x7C, 0x88, 0x02, 0xA6, 0x38, 0xA0, 0x00, 0x00,
  0x3D, 0x80, 0x80, 0x38, 0x61, 0x8C, 0xFD, 0x54, 0x7D, 0x89, 0x03, 0xA6, 0x4E, 0x80, 0x04, 0x21, 0x48, 0x00, 0x00, 0x70, 0x4E, 0x80, 0x00, 0x21,
  0x7C, 0x08, 0x02, 0xA6, 0x90, 0x01, 0x00, 0x04, 0x94, 0x21, 0xFF, 0x20, 0xBE, 0x81, 0x00, 0xB0, 0x80, 0x6D, 0xB6, 0x4C, 0x83, 0xA3, 0x00, 0x00,
  0x83, 0x8D, 0xB6, 0x50, 0x7F, 0xBD, 0xE2, 0x14, 0x38, 0x60, 0x00, 0x3A, 0x98, 0x7D, 0x00, 0x00, 0x80, 0x6D, 0xB6, 0x54, 0x90, 0x7D, 0x00, 0x01,
  0x3C, 0x60, 0x80, 0x4D, 0x80, 0x63, 0x5F, 0x90, 0x90, 0x7D, 0x00, 0x05, 0x3C, 0x60, 0x80, 0x48, 0x80, 0x63, 0x9D, 0x60, 0x90, 0x7D, 0x00, 0x09,
  0x83, 0x8D, 0xB6, 0x50, 0x3B, 0x9C, 0x00, 0x0D, 0x93, 0x8D, 0xB6, 0x50, 0xBA, 0x81, 0x00, 0xB0, 0x80, 0x01, 0x00, 0xE4, 0x38, 0x21, 0x00, 0xE0,
  0x7C, 0x08, 0x03, 0xA6, 0x4E, 0x80, 0x00, 0x20, 0x38, 0x60, 0x00, 0x04, 0x38, 0x80, 0x00, 0x07, 0x38, 0xA0, 0x00, 0x00, 0x3D, 0x80, 0x80, 0x39,
  0x61, 0x8C, 0x01, 0xF0, 0x7D, 0x89, 0x03, 0xA6, 0x4E, 0x80, 0x04, 0x21, 0x48, 0x00, 0x00, 0x21, 0x7C, 0x88, 0x02, 0xA6, 0x38, 0xA0, 0x00, 0x0F,
  0x3D, 0x80, 0x80, 0x38, 0x61, 0x8C, 0xFD, 0x54, 0x7D, 0x89, 0x03, 0xA6, 0x4E, 0x80, 0x04, 0x21, 0x48, 0x00, 0x01, 0x2C, 0x4E, 0x80, 0x00, 0x21,
  0x7C, 0x08, 0x02, 0xA6, 0x90, 0x01, 0x00, 0x04, 0x94, 0x21, 0xFF, 0x20, 0xBE, 0x81, 0x00, 0xB0, 0x80, 0x6D, 0xB6, 0x4C, 0x83, 0xE3, 0x00, 0x00,
  0x83, 0xCD, 0xB6, 0x50, 0x7F, 0xFF, 0xF2, 0x14, 0x3B, 0x60, 0x00, 0x00, 0x80, 0x6D, 0xC1, 0x8C, 0x83, 0xA3, 0x00, 0x24, 0x2C, 0x1D, 0x00, 0x00,
  0x41, 0x82, 0x00, 0xE0, 0x3B, 0x7B, 0x00, 0x01, 0x2C, 0x1B, 0x00, 0x0F, 0x41, 0x81, 0x00, 0xD4, 0x83, 0x9D, 0x00, 0x2C, 0x38, 0x60, 0x00, 0x3B,
  0x98, 0x7F, 0x00, 0x00, 0x80, 0x6D, 0xB6, 0x54, 0x90, 0x7F, 0x00, 0x01, 0x80, 0x7C, 0x00, 0x10, 0xB0, 0x7F, 0x00, 0x05, 0x80, 0x7C, 0x00, 0x24,
  0x98, 0x7F, 0x00, 0x07, 0x80, 0x7C, 0x00, 0x2C, 0x90, 0x7F, 0x00, 0x08, 0x80, 0x7C, 0x00, 0x40, 0x90, 0x7F, 0x00, 0x0C, 0x80, 0x7C, 0x00, 0x44,
  0x90, 0x7F, 0x00, 0x10, 0x80, 0x7C, 0x00, 0x4C, 0x90, 0x7F, 0x00, 0x14, 0x80, 0x7C, 0x00, 0x50, 0x90, 0x7F, 0x00, 0x18, 0x80, 0x7C, 0x0C, 0x9C,
  0xB0, 0x7F, 0x00, 0x1C, 0x80, 0x7C, 0x0D, 0x44, 0x90, 0x7F, 0x00, 0x1E, 0x80, 0x7C, 0x00, 0x1C, 0x90, 0x7F, 0x00, 0x22, 0x88, 0x7C, 0x0D, 0xD7,
  0x98, 0x7F, 0x00, 0x26, 0x88, 0x7C, 0x0D, 0xDB, 0x98, 0x7F, 0x00, 0x27, 0x88, 0x7C, 0x0D, 0xEB, 0x98, 0x7F, 0x00, 0x28, 0x88, 0x7C, 0x0D, 0xEF,
  0x98, 0x7F, 0x00, 0x29, 0x80, 0x7C, 0x05, 0x18, 0x2C, 0x03, 0x00, 0x00, 0x41, 0x82, 0x00, 0x18, 0x80, 0x63, 0x00, 0x2C, 0x2C, 0x03, 0x00, 0x00,
  0x41, 0x82, 0x00, 0x0C, 0x88, 0x63, 0x00, 0x0C, 0x48, 0x00, 0x00, 0x08, 0x38, 0x60, 0xFF, 0xFF, 0x98, 0x7F, 0x00, 0x2A, 0xA0, 0x7C, 0x0D, 0xA8,
  0xB0, 0x7F, 0x00, 0x2B, 0x83, 0xCD, 0xB6, 0x50, 0x3B, 0xDE, 0x00, 0x2D, 0x93, 0xCD, 0xB6, 0x50, 0x3B, 0xFF, 0x00, 0x2D, 0x83, 0xBD, 0x00, 0x08,
  0x2C, 0x1D, 0x00, 0x00, 0x40, 0x82, 0xFF, 0x28, 0xBA, 0x81, 0x00, 0xB0, 0x80, 0x01, 0x00, 0xE4, 0x38, 0x21, 0x00, 0xE0, 0x7C, 0x08, 0x03, 0xA6,
  0x4E, 0x80, 0x00, 0x20, 0xBA, 0x81, 0x00, 0xB0, 0x80, 0x01, 0x00, 0xE4, 0x38, 0x21, 0x00, 0xE0, 0x7C, 0x08, 0x03, 0xA6, 0x3C, 0x60, 0x80, 0x17,
  0x60, 0x00, 0x00, 0x00, 0x00, 0x00, 0x00, 0x00, 0xC2, 0x06, 0xDA, 0x34, 0x00, 0x00, 0x00, 0x38, 0x7C, 0x08, 0x02, 0xA6, 0x90, 0x01, 0x00, 0x04,
  0x94, 0x21, 0xFF, 0x20, 0xBE, 0x81, 0x00, 0xB0, 0x3D, 0x80, 0x80, 0x00, 0x61, 0x8C, 0x56, 0x04, 0x7D, 0x89, 0x03, 0xA6, 0x4E, 0x80, 0x04, 0x21,
  0x2C, 0x03, 0x00, 0x00, 0x41, 0x82, 0x01, 0x80, 0x88, 0x7F, 0x22, 0x1F, 0x54, 0x63, 0x06, 0xF7, 0x40, 0x82, 0x01, 0x74, 0x8B, 0x7F, 0x00, 0x0C,
  0x80, 0x6D, 0xB6, 0x4C, 0x83, 0xA3, 0x00, 0x00, 0x83, 0x8D, 0xB6, 0x50, 0x7F, 0xBD, 0xE2, 0x14, 0x38, 0x60, 0x00, 0x38, 0x98, 0x7D, 0x00, 0x00,
  0x80, 0x6D, 0xB6, 0x54, 0x90, 0x7D, 0x00, 0x01, 0x9B, 0x7D, 0x00, 0x05, 0x7F, 0xE3, 0xFB, 0x78, 0x3D, 0x80, 0x80, 0x00, 0x61, 0x8C, 0x55, 0xF8,
  0x7D, 0x89, 0x03, 0xA6, 0x4E, 0x80, 0x04, 0x21, 0x98, 0x7D, 0x00, 0x06, 0x80, 0x7F, 0x00, 0x04, 0x98, 0x7D, 0x00, 0x07, 0x80, 0x7F, 0x00, 0x10,
  0xB0, 0x7D, 0x00, 0x08, 0x80, 0x7F, 0x00, 0xB0, 0x90, 0x7D, 0x00, 0x0A, 0x80, 0x7F, 0x00, 0xB4, 0x90, 0x7D, 0x00, 0x0E, 0x80, 0x7F, 0x00, 0x2C,
  0x90, 0x7D, 0x00, 0x12, 0x80, 0x7F, 0x18, 0x30, 0x90, 0x7D, 0x00, 0x16, 0x80, 0x7F, 0x19, 0x98, 0x90, 0x7D, 0x00, 0x1A, 0x80, 0x7F, 0x20, 0x8C,
  0x98, 0x7D, 0x00, 0x1E, 0xA0, 0x7F, 0x20, 0x90, 0x98, 0x7D, 0x00, 0x1F, 0x80, 0x7F, 0x18, 0xC4, 0x98, 0x7D, 0x00, 0x20, 0x7F, 0x63, 0xDB, 0x78,
  0x3D, 0x80, 0x80, 0x03, 0x61, 0x8C, 0x3B, 0xD8, 0x7D, 0x89, 0x03, 0xA6, 0x4E, 0x80, 0x04, 0x21, 0x98, 0x7D, 0x00, 0x21, 0x80, 0x7F, 0x08, 0x94,
  0x90, 0x7D, 0x00, 0x22, 0x88, 0x7F, 0x22, 0x18, 0x98, 0x7D, 0x00, 0x26, 0x88, 0x7F, 0x22, 0x1A, 0x98, 0x7D, 0x00, 0x27, 0x88, 0x7F, 0x22, 0x1B,
  0x98, 0x7D, 0x00, 0x28, 0x88, 0x7F, 0x22, 0x1C, 0x98, 0x7D, 0x00, 0x29, 0x88, 0x7F, 0x22, 0x1F, 0x98, 0x7D, 0x00, 0x2A, 0x80, 0x7F, 0x23, 0x40,
  0x90, 0x7D, 0x00, 0x2B, 0x80, 0x7F, 0x00, 0xE0, 0x98, 0x7D, 0x00, 0x2F, 0x80, 0x7F, 0x08, 0x3C, 0xB0, 0x7D, 0x00, 0x30, 0x88, 0x7F, 0x19, 0x68,
  0x80, 0x9F, 0x01, 0x68, 0x7C, 0x63, 0x20, 0x50, 0x98, 0x7D, 0x00, 0x32, 0x88, 0x7F, 0x25, 0xFF, 0x98, 0x7D, 0x00, 0x33, 0x80, 0x7F, 0x19, 0x88,
  0x2C, 0x03, 0x00, 0x00, 0x40, 0x82, 0x00, 0x08, 0x80, 0x7F, 0x19, 0x8C, 0x98, 0x7D, 0x00, 0x34, 0x80, 0x7F, 0x00, 0x80, 0x90, 0x7D, 0x00, 0x35,
  0x80, 0x7F, 0x00, 0x84, 0x90, 0x7D, 0x00, 0x39, 0x80, 0x7F, 0x00, 0x8C, 0x90, 0x7D, 0x00, 0x3D, 0x80, 0x7F, 0x00, 0x90, 0x90, 0x7D, 0x00, 0x41,
  0x80, 0x7F, 0x00, 0xEC, 0x90, 0x7D, 0x00, 0x45, 0x80, 0x7F, 0x19, 0x5C, 0x90, 0x7D, 0x00, 0x49, 0x80, 0x7F, 0x00, 0x14, 0x90, 0x7D, 0x00, 0x4D,
  0xA0, 0x7F, 0x18, 0xEC, 0xB0, 0x7D, 0x00, 0x51, 0xA0, 0x7F, 0x20, 0x88, 0xB0, 0x7D, 0x00, 0x53, 0x83, 0x8D, 0xB6, 0x50, 0x3B, 0x9C, 0x00, 0x55,
  0x93, 0x8D, 0xB6, 0x50, 0xBA, 0x81, 0x00, 0xB0, 0x80, 0x01, 0x00, 0xE4, 0x38, 0x21, 0x00, 0xE0, 0x7C, 0x08, 0x03, 0xA6, 0x80, 0x01, 0x00, 0x1C,
  0x60, 0x00, 0x00, 0x00, 0x00, 0x00, 0x00, 0x00, 0xC2, 0x06, 0xB0, 0xE0, 0x00, 0x00, 0x00, 0x2E, 0x7C, 0x08, 0x02, 0xA6, 0x90, 0x01, 0x00, 0x04,
  0x94, 0x21, 0xFF, 0x20, 0xBE, 0x81, 0x00, 0xB0, 0x3D, 0x80, 0x80, 0x00, 0x61, 0x8C, 0x56, 0x04, 0x7D, 0x89, 0x03, 0xA6, 0x4E, 0x80, 0x04, 0x21,
  0x2C, 0x03, 0x00, 0x00, 0x41, 0x82, 0x01, 0x30, 0x8B, 0x7F, 0x00, 0x0C, 0x80, 0x6D, 0xB6, 0x4C, 0x83, 0xA3, 0x00, 0x00, 0x83, 0x8D, 0xB6, 0x50,
  0x7F, 0xBD, 0xE2, 0x14, 0x38, 0x60, 0x00, 0x37, 0x98, 0x7D, 0x00, 0x00, 0x80, 0x6D, 0xB6, 0x54, 0x90, 0x7D, 0x00, 0x01, 0x9B, 0x7D, 0x00, 0x05,
  0x7F, 0xE3, 0xFB, 0x78, 0x3D, 0x80, 0x80, 0x00, 0x61, 0x8C, 0x55, 0xF8, 0x7D, 0x89, 0x03, 0xA6, 0x4E, 0x80, 0x04, 0x21, 0x98, 0x7D, 0x00, 0x06,
  0x3C, 0x60, 0x80, 0x4D, 0x80, 0x63, 0x5F, 0x90, 0x90, 0x7D, 0x00, 0x07, 0x80, 0x7F, 0x00, 0x10, 0xB0, 0x7D, 0x00, 0x0B, 0x80, 0x7F, 0x00, 0xB0,
  0x90, 0x7D, 0x00, 0x0D, 0x80, 0x7F, 0x00, 0xB4, 0x90, 0x7D, 0x00, 0x11, 0x80, 0x7F, 0x00, 0x2C, 0x90, 0x7D, 0x00, 0x15, 0x80, 0x7F, 0x06, 0x20,
  0x90, 0x7D, 0x00, 0x19, 0x80, 0x7F, 0x06, 0x24, 0x90, 0x7D, 0x00, 0x1D, 0x80, 0x7F, 0x06, 0x38, 0x90, 0x7D, 0x00, 0x21, 0x80, 0x7F, 0x06, 0x3C,
  0x90, 0x7D, 0x00, 0x25, 0x80, 0x7F, 0x06, 0x50, 0x90, 0x7D, 0x00, 0x29, 0x80, 0x7F, 0x06, 0x5C, 0x90, 0x7D, 0x00, 0x2D, 0x3C, 0x60, 0x80, 0x4C,
  0x60, 0x63, 0x1F, 0xAC, 0x1C, 0x9B, 0x00, 0x44, 0x7C, 0x83, 0x22, 0x14, 0xA0, 0x64, 0x00, 0x02, 0xB0, 0x7D, 0x00, 0x31, 0x80, 0x64, 0x00, 0x30,
  0x90, 0x7D, 0x00, 0x33, 0x80, 0x64, 0x00, 0x34, 0x90, 0x7D, 0x00, 0x37, 0x3C, 0x60, 0x80, 0x46, 0x60, 0x63, 0xB1, 0x08, 0x3C, 0x80, 0x80, 0x4C,
  0x60, 0x84, 0x1F, 0x78, 0x88, 0x84, 0x00, 0x01, 0x38, 0x84, 0xFF, 0xFF, 0x2C, 0x04, 0x00, 0x00, 0x40, 0xA0, 0x00, 0x08, 0x38, 0x84, 0x00, 0x05,
  0x1C, 0x84, 0x00, 0x30, 0x7C, 0x63, 0x22, 0x14, 0x1C, 0x9B, 0x00, 0x0C, 0x7C, 0x83, 0x22, 0x14, 0x88, 0x64, 0x00, 0x02, 0x98, 0x7D, 0x00, 0x3B,
  0x88, 0x64, 0x00, 0x03, 0x98, 0x7D, 0x00, 0x40, 0x88, 0x64, 0x00, 0x04, 0x98, 0x7D, 0x00, 0x41, 0x88, 0x64, 0x00, 0x05, 0x98, 0x7D, 0x00, 0x42,
  0x80, 0x7F, 0x18, 0x30, 0x90, 0x7D, 0x00, 0x3C, 0x83, 0x8D, 0xB6, 0x50, 0x3B, 0x9C, 0x00, 0x43, 0x93, 0x8D, 0xB6, 0x50, 0xBA, 0x81, 0x00, 0xB0,
  0x80, 0x01, 0x00, 0xE4, 0x38, 0x21, 0x00, 0xE0, 0x7C, 0x08, 0x03, 0xA6, 0x88, 0x1F, 0x22, 0x19, 0x80, 0x7F, 0x06, 0x5C, 0x00, 0x00, 0x00, 0x00,
  0xC2, 0x00, 0x56, 0x04, 0x00, 0x00, 0x00, 0x0B, 0x3C, 0x60, 0x80, 0x48, 0x80, 0x63, 0x9D, 0x30, 0x54, 0x63, 0x44, 0x3E, 0x2C, 0x03, 0x02, 0x02,
  0x41, 0x82, 0x00, 0x34, 0x2C, 0x03, 0x03, 0x02, 0x41, 0x82, 0x00, 0x2C, 0x2C, 0x03, 0x02, 0x08, 0x41, 0x82, 0x00, 0x24, 0x2C, 0x03, 0x01, 0x0F,
  0x41, 0x82, 0x00, 0x1C, 0x2C, 0x03, 0x01, 0x20, 0x41, 0x82, 0x00, 0x14, 0x2C, 0x03, 0x01, 0x0E, 0x41, 0x82, 0x00, 0x0C, 0x38, 0x60, 0x00, 0x00,
  0x48, 0x00, 0x00, 0x0C, 0x38, 0x60, 0x00, 0x01, 0x48, 0x00, 0x00, 0x04, 0x4E, 0x80, 0x00, 0x20, 0x60, 0x00, 0x00, 0x00, 0x00, 0x00, 0x00, 0x00,
  0xC2, 0x08, 0xD6, 0x98, 0x00, 0x00, 0x00, 0x05, 0x7C, 0x05, 0x00, 0x00, 0x40, 0x80, 0x00, 0x0C, 0x38, 0xE0, 0x00, 0x01, 0x48, 0x00, 0x00, 0x08,
  0x38, 0xE0, 0x00, 0x02, 0x81, 0x03, 0x00, 0x2C, 0x98, 0xE8, 0x25, 0xFF, 0x7C, 0x05, 0x00, 0x00, 0x60, 0x00, 0x00, 0x00, 0x00, 0x00, 0x00, 0x00,
  0xC2, 0x06, 0xC3, 0x24, 0x00, 0x00, 0x00, 0x02, 0x38, 0x60, 0x00, 0x00, 0x98, 0x7E, 0x25, 0xFF, 0x80, 0x7E, 0x00, 0xB0, 0x00, 0x00, 0x00, 0x00,
  0xC2, 0x21, 0x1B, 0xF8, 0x00, 0x00, 0x00, 0x12, 0x48, 0x00, 0x00, 0x0C, 0x4E, 0x80, 0x00, 0x21, 0x00, 0x00, 0x00, 0x00, 0x3D, 0x80, 0x80, 0x00,
  0x61, 0x8C, 0x56, 0x04, 0x7D, 0x89, 0x03, 0xA6, 0x4E, 0x80, 0x04, 0x21, 0x2C, 0x03, 0x00, 0x00, 0x41, 0x82, 0x00, 0x64, 0x4B, 0xFF, 0xFF, 0xE1,
  0x7C, 0x68, 0x02, 0xA6, 0x80, 0x8D, 0xB6, 0x54, 0x2C, 0x04, 0xFF, 0x85, 0x40, 0x82, 0x00, 0x0C, 0x38, 0x80, 0x00, 0x00, 0x90, 0x83, 0x00, 0x00,
  0x80, 0x83, 0x00, 0x00, 0x80, 0xBF, 0x00, 0xDC, 0x7C, 0x04, 0x28, 0x00, 0x41, 0x82, 0x00, 0x38, 0x90, 0xA3, 0x00, 0x00, 0x80, 0x6D, 0xB6, 0x4C,
  0x81, 0x63, 0x00, 0x00, 0x81, 0x8D, 0xB6, 0x50, 0x7D, 0x6B, 0x62, 0x14, 0x38, 0x60, 0x00, 0x40, 0x98, 0x6B, 0x00, 0x00, 0x80, 0x6D, 0xB6, 0x54,
  0x90, 0x6B, 0x00, 0x01, 0x98, 0xAB, 0x00, 0x05, 0x81, 0x8D, 0xB6, 0x50, 0x39, 0x8C, 0x00, 0x06, 0x91, 0x8D, 0xB6, 0x50, 0xBB, 0x41, 0x00, 0xE8,
  0x60, 0x00, 0x00, 0x00, 0x00, 0x00, 0x00, 0x00, 0xC2, 0x1C, 0xC9, 0x98, 0x00, 0x00, 0x00, 0x0E, 0x3D, 0x80, 0x80, 0x00, 0x61, 0x8C, 0x56, 0x04,
  0x7D, 0x89, 0x03, 0xA6, 0x4E, 0x80, 0x04, 0x21, 0x2C, 0x03, 0x00, 0x00, 0x41, 0x82, 0x00, 0x50, 0x80, 0x6D, 0xB6, 0x54, 0x2C, 0x03, 0xFF, 0x84,
  0x41, 0x82, 0x00, 0x44, 0x80, 0x6D, 0xB6, 0x4C, 0x81, 0x63, 0x00, 0x00, 0x81, 0x8D, 0xB6, 0x50, 0x7D, 0x6B, 0x62, 0x14, 0x38, 0x60, 0x00, 0x3F,
  0x98, 0x6B, 0x00, 0x00, 0x80, 0x6D, 0xB6, 0x54, 0x90, 0x6B, 0x00, 0x01, 0x80, 0x7B, 0x00, 0x38, 0x54, 0x63, 0x0F, 0xFE, 0x98, 0x6B, 0x00, 0x05,
  0x80, 0x7F, 0x00, 0xD0, 0x90, 0x6B, 0x00, 0x06, 0x81, 0x8D, 0xB6, 0x50, 0x39, 0x8C, 0x00, 0x0A, 0x91, 0x8D, 0xB6, 0x50, 0xD3, 0xFB, 0x00, 0x3C,
  0x60, 0x00, 0x00, 0x00, 0x00, 0x00, 0x00, 0x00, 0xC2, 0x1D, 0x4F, 0xD8, 0x00, 0x00, 0x00, 0x12, 0x48, 0x00, 0x00, 0x0C, 0x4E, 0x80, 0x00, 0x21,
  0x00, 0x00, 0x00, 0x05, 0x3D, 0x80, 0x80, 0x00, 0x61, 0x8C, 0x56, 0x04, 0x7D, 0x89, 0x03, 0xA6, 0x4E, 0x80, 0x04, 0x21, 0x2C, 0x03, 0x00, 0x00,
  0x41, 0x82, 0x00, 0x64, 0x4B, 0xFF, 0xFF, 0xE1, 0x7C, 0x68, 0x02, 0xA6, 0x80, 0x8D, 0xB6, 0x54, 0x2C, 0x04, 0xFF, 0xD9, 0x40, 0x82, 0x00, 0x0C,
  0x38, 0x80, 0x00, 0x05, 0x90, 0x83, 0x00, 0x00, 0x80, 0x83, 0x00, 0x00, 0x80, 0xBF, 0x00, 0xDC, 0x7C, 0x04, 0x28, 0x00, 0x41, 0x82, 0x00, 0x38,
  0x90, 0xA3, 0x00, 0x00, 0x80, 0x6D, 0xB6, 0x4C, 0x81, 0x63, 0x00, 0x00, 0x81, 0x8D, 0xB6, 0x50, 0x7D, 0x6B, 0x62, 0x14, 0x38, 0x60, 0x00, 0x41,
  0x98, 0x6B, 0x00, 0x00, 0x80, 0x6D, 0xB6, 0x54, 0x90, 0x6B, 0x00, 0x01, 0x90, 0xAB, 0x00, 0x05, 0x81, 0x8D, 0xB6, 0x50, 0x39, 0x8C, 0x00, 0x09,
  0x91, 0x8D, 0xB6, 0x50, 0xBB, 0x61, 0x00, 0x84, 0x60, 0x00, 0x00, 0x00, 0x00, 0x00, 0x00, 0x00, 0xC2, 0x1A, 0x4C, 0xB4, 0x00, 0x00, 0x00, 0x0D,
  0x48, 0x00, 0x00, 0x0C, 0x4E, 0x80, 0x00, 0x21, 0x00, 0x00, 0x00, 0x00, 0x4B, 0xFF, 0xFF, 0xF9, 0x7C, 0x88, 0x02, 0xA6, 0x88, 0x64, 0x00, 0x00,
  0x2C, 0x03, 0x00, 0x00, 0x40, 0x82, 0x00, 0x28, 0x38, 0x60, 0x00, 0x01, 0x98, 0x64, 0x00, 0x00, 0x80, 0x6D, 0xAF, 0xC4, 0x2C, 0x03, 0x00, 0x00,
  0x41, 0x82, 0x00, 0x14, 0x3D, 0x80, 0x80, 0x37, 0x61, 0x8C, 0xF1, 0xB0, 0x7D, 0x89, 0x03, 0xA6, 0x4E, 0x80, 0x04, 0x21, 0x38, 0x60, 0x00, 0x80,
  0x3D, 0x80, 0x80, 0x37, 0x61, 0x8C, 0xF1, 0xE4, 0x7D, 0x89, 0x03, 0xA6, 0x4E, 0x80, 0x04, 0x21, 0x90, 0x6D, 0xAF, 0xC4, 0x38, 0x00, 0x00, 0x00,
  0x60, 0x00, 0x00, 0x00, 0x00, 0x00, 0x00, 0x00, 0xC2, 0x00, 0x55, 0xF8, 0x00, 0x00, 0x00, 0x0F, 0x7C, 0x08, 0x02, 0xA6, 0x90, 0x01, 0x00, 0x04,
  0x94, 0x21, 0xFF, 0x20, 0xBE, 0x81, 0x00, 0xB0, 0x7C, 0x7E, 0x1B, 0x78, 0x3B, 0xE0, 0x00, 0x00, 0x88, 0x7E, 0x22, 0x1F, 0x54, 0x60, 0xEF, 0xFF,
  0x41, 0x82, 0x00, 0x38, 0x88, 0x7E, 0x00, 0x0C, 0x3D, 0x80, 0x80, 0x03, 0x61, 0x8C, 0x23, 0x30, 0x7D, 0x89, 0x03, 0xA6, 0x4E, 0x80, 0x04, 0x21,
  0x3C, 0x80, 0x80, 0x3B, 0x60, 0x84, 0xCD, 0xE0, 0x1C, 0x03, 0x00, 0x03, 0x7C, 0x64, 0x02, 0x14, 0x88, 0x03, 0x00, 0x02, 0x2C, 0x00, 0x00, 0x00,
  0x40, 0x82, 0x00, 0x08, 0x3B, 0xE0, 0x00, 0x01, 0x7F, 0xE3, 0xFB, 0x78, 0xBA, 0x81, 0x00, 0xB0, 0x80, 0x01, 0x00, 0xE4, 0x38, 0x21, 0x00, 0xE0,
  0x7C, 0x08, 0x03, 0xA6, 0x4E, 0x80, 0x00, 0x20, 0x60, 0x00, 0x00, 0x00, 0x00, 0x00, 0x00, 0x00, 0xC2, 0x16, 0xD2, 0x94, 0x00, 0x00, 0x00, 0x06,
  0x98, 0x7F, 0x00, 0x08, 0x3C, 0x60, 0x80, 0x48, 0x80, 0x63, 0x9D, 0x58, 0x2C, 0x03, 0x00, 0x00, 0x40, 0x82, 0x00, 0x10, 0x38, 0x60, 0xFF, 0x85,
  0x90, 0x6D, 0xB6, 0x54, 0x48, 0x00, 0x00, 0x10, 0x80, 0x6D, 0xB6, 0x54, 0x38, 0x63, 0x00, 0x01, 0x90, 0x6D, 0xB6, 0x54, 0x00, 0x00, 0x00, 0x00,
  0xC2, 0x1C, 0x15, 0x4C, 0x00, 0x00, 0x00, 0x04, 0x38, 0x80, 0x02, 0x04, 0x3D, 0x80, 0x80, 0x00, 0x61, 0x8C, 0xC1, 0x60, 0x7D, 0x89, 0x03, 0xA6,
  0x4E, 0x80, 0x04, 0x21, 0x28, 0x1A, 0x00, 0x00, 0x60, 0x00, 0x00, 0x00, 0x00, 0x00, 0x00, 0x00, 0xC2, 0x06, 0x8E, 0xEC, 0x00, 0x00, 0x00, 0x06,
  0x3B, 0xC3, 0x00, 0x00, 0x3C, 0x80, 0x80, 0x45, 0x60, 0x84, 0x8F, 0xD0, 0x80, 0x84, 0x00, 0x20, 0x3D, 0x80, 0x80, 0x00, 0x61, 0x8C, 0xC1, 0x60,
  0x7D, 0x89, 0x03, 0xA6, 0x4E, 0x80, 0x04, 0x21, 0x7F, 0xC3, 0xF3, 0x78, 0x3C, 0x80, 0x80, 0x46, 0x60, 0x00, 0x00, 0x00, 0x00, 0x00, 0x00, 0x00,
  0xC2, 0x16, 0xEB, 0xAC, 0x00, 0x00, 0x00, 0x0C, 0x3C, 0x60, 0x80, 0x47, 0x60, 0x63, 0x9D, 0x30, 0x88, 0x63, 0x00, 0x00, 0x2C, 0x03, 0x00, 0x02,
  0x40, 0x82, 0x00, 0x40, 0x3C, 0x60, 0x80, 0x3D, 0x60, 0x63, 0xDA, 0x00, 0x3D, 0x80, 0x80, 0x1A, 0x61, 0x8C, 0x5F, 0x00, 0x7D, 0x89, 0x03, 0xA6,
  0x4E, 0x80, 0x04, 0x21, 0x3C, 0x60, 0x80, 0x3D, 0x60, 0x63, 0xDA, 0x00, 0x80, 0x8D, 0x88, 0x40, 0x38, 0x84, 0x05, 0x90, 0x38, 0xA0, 0x00, 0x01,
  0x3D, 0x80, 0x80, 0x1A, 0x61, 0x8C, 0x5F, 0x64, 0x7D, 0x89, 0x03, 0xA6, 0x4E, 0x80, 0x04, 0x21, 0x80, 0x01, 0x00, 0x1C, 0x83, 0xE1, 0x00, 0x14,
  0x60, 0x00, 0x00, 0x00, 0x00, 0x00, 0x00, 0x00, 0xC2, 0x06, 0xA8, 0x80, 0x00, 0x00, 0x00, 0x1B, 0x7C, 0x08, 0x02, 0xA6, 0x90, 0x01, 0x00, 0x04,
  0x94, 0x21, 0xFF, 0x20, 0xBE, 0x81, 0x00, 0xB0, 0x3C, 0x60, 0x80, 0x48, 0x80, 0x63, 0x9D, 0x30, 0x54, 0x63, 0x44, 0x3E, 0x2C, 0x03, 0x01, 0x20,
  0x41, 0x82, 0x00, 0x94, 0x88, 0x7F, 0x22, 0x1F, 0x54, 0x63, 0x06, 0x73, 0x40, 0x82, 0x00, 0x88, 0x80, 0x7F, 0x00, 0x10, 0x2C, 0x03, 0x00, 0x04,
  0x41, 0x82, 0x00, 0x7C, 0x2C, 0x03, 0x00, 0x06, 0x41, 0x82, 0x00, 0x74, 0x3D, 0x80, 0x80, 0x22, 0x61, 0x8C, 0x4A, 0x54, 0x7D, 0x89, 0x03, 0xA6,
  0x4E, 0x80, 0x04, 0x21, 0xC0, 0x5F, 0x00, 0xB0, 0xFC, 0x02, 0x08, 0x40, 0x41, 0x80, 0x00, 0x60, 0x3D, 0x80, 0x80, 0x22, 0x61, 0x8C, 0x4A, 0x68,
  0x7D, 0x89, 0x03, 0xA6, 0x4E, 0x80, 0x04, 0x21, 0xC0, 0x5F, 0x00, 0xB0, 0xFC, 0x02, 0x08, 0x40, 0x41, 0x81, 0x00, 0x44, 0x3D, 0x80, 0x80, 0x22,
  0x61, 0x8C, 0x4A, 0x80, 0x7D, 0x89, 0x03, 0xA6, 0x4E, 0x80, 0x04, 0x21, 0xC0, 0x5F, 0x00, 0xB4, 0xFC, 0x02, 0x08, 0x40, 0x41, 0x81, 0x00, 0x28,
  0x3D, 0x80, 0x80, 0x22, 0x61, 0x8C, 0x4A, 0x98, 0x7D, 0x89, 0x03, 0xA6, 0x4E, 0x80, 0x04, 0x21, 0xC0, 0x5F, 0x00, 0xB4, 0xFC, 0x02, 0x08, 0x40,
  0x41, 0x80, 0x00, 0x0C, 0x38, 0x60, 0x00, 0x00, 0x48, 0x00, 0x00, 0x08, 0x38, 0x60, 0x00, 0x01, 0xBA, 0x81, 0x00, 0xB0, 0x80, 0x01, 0x00, 0xE4,
  0x38, 0x21, 0x00, 0xE0, 0x7C, 0x08, 0x03, 0xA6, 0x60, 0x00, 0x00, 0x00, 0x00, 0x00, 0x00, 0x00, 0xC2, 0x2F, 0x70, 0x94, 0x00, 0x00, 0x00, 0x0F,
  0x3C, 0xE0, 0x80, 0x48, 0x80, 0xE7, 0x9D, 0x30, 0x54, 0xE7, 0x44, 0x3E, 0x2C, 0x07, 0x02, 0x08, 0x40, 0x82, 0x00, 0x5C, 0x88, 0xE3, 0x00, 0x08,
  0x2C, 0x07, 0x00, 0x07, 0x40, 0x82, 0x00, 0x50, 0x89, 0x43, 0x00, 0x01, 0x88, 0x6D, 0xAF, 0xA0, 0x2C, 0x03, 0x00, 0x00, 0x40, 0x82, 0x00, 0x0C,
  0x38, 0x60, 0x00, 0x03, 0x48, 0x00, 0x00, 0x18, 0x81, 0x6D, 0xB6, 0x1C, 0x88, 0x6B, 0x00, 0x00, 0x7C, 0x03, 0x50, 0x00, 0x41, 0x82, 0x00, 0x18,
  0x38, 0x60, 0x00, 0x05, 0x3D, 0x80, 0x80, 0x02, 0x61, 0x8C, 0x40, 0x30, 0x7D, 0x89, 0x03, 0xA6, 0x4E, 0x80, 0x04, 0x21, 0x3D, 0x80, 0x80, 0x2F,
  0x61, 0x8C, 0x71, 0x20, 0x7D, 0x89, 0x03, 0xA6, 0x4E, 0x80, 0x04, 0x20, 0x89, 0x03, 0x00, 0x0B, 0x60, 0x00, 0x00, 0x00, 0x00, 0x00, 0x00, 0x00,
  0xC2, 0x1A, 0x4D, 0xB4, 0x00, 0x00, 0x00, 0x1A, 0x3C, 0x60, 0x80, 0x48, 0x80, 0x63, 0x9D, 0x30, 0x54, 0x63, 0x44, 0x3E, 0x2C, 0x03, 0x02, 0x08,
  0x40, 0x82, 0x00, 0xA4, 0x3C, 0x60, 0x80, 0x47, 0x60, 0x63, 0x9D, 0x64, 0x80, 0x63, 0x00, 0x00, 0x2C, 0x03, 0x00, 0x00, 0x40, 0x82, 0x00, 0x90,
  0x3D, 0x80, 0x80, 0x34, 0x61, 0x8C, 0x73, 0x64, 0x7D, 0x89, 0x03, 0xA6, 0x4E, 0x80, 0x04, 0x21, 0x7C, 0x7A, 0x1B, 0x78, 0x80, 0xAD, 0xB6, 0x1C,
  0x2C, 0x1B, 0x00, 0x00, 0x41, 0x81, 0x00, 0x14, 0x88, 0x85, 0x00, 0xDF, 0x2C, 0x04, 0x00, 0x00, 0x41, 0x82, 0x00, 0x2C, 0x3B, 0x60, 0x00, 0x01,
  0x88, 0x85, 0x00, 0xDF, 0x98, 0x85, 0x0A, 0xBF, 0x80, 0x85, 0x00, 0xE1, 0x90, 0x85, 0x0A, 0xC0, 0x88, 0x85, 0x00, 0xE0, 0x98, 0x85, 0x0A, 0xC4,
  0x80, 0x85, 0x03, 0x8D, 0x90, 0x85, 0x0A, 0xC5, 0x48, 0x00, 0x00, 0x28, 0x88, 0x85, 0x0A, 0xCD, 0x2C, 0x04, 0x00, 0x00, 0x41, 0x82, 0x00, 0x1C,
  0x38, 0x80, 0x00, 0x00, 0x98, 0x85, 0x0A, 0xCD, 0x3D, 0x80, 0x80, 0x01, 0x61, 0x8C, 0x95, 0xFC, 0x7D, 0x89, 0x03, 0xA6, 0x4E, 0x80, 0x04, 0x21,
  0x7F, 0x43, 0xD3, 0x78, 0x3D, 0x80, 0x80, 0x34, 0x61, 0x8C, 0x73, 0x8C, 0x7D, 0x89, 0x03, 0xA6, 0x4E, 0x80, 0x04, 0x21, 0x2C, 0x1B, 0x00, 0x00,
  0x40, 0x82, 0x00, 0x14, 0x3D, 0x80, 0x80, 0x1A, 0x61, 0x8C, 0x4D, 0xA8, 0x7D, 0x89, 0x03, 0xA6, 0x4E, 0x80, 0x04, 0x20, 0x00, 0x00, 0x00, 0x00,
  0xC2, 0x01, 0x96, 0x14, 0x00, 0x00, 0x00, 0x0C, 0x3D, 0x80, 0x80, 0x01, 0x61, 0x8C, 0xD2, 0xBC, 0x7D, 0x89, 0x03, 0xA6, 0x4E, 0x80, 0x04, 0x21,
  0x3C, 0x60, 0x80, 0x48, 0x80, 0x63, 0x9D, 0x30, 0x54, 0x63, 0x44, 0x3E, 0x2C, 0x03, 0x02, 0x08, 0x40, 0x82, 0x00, 0x38, 0x3C, 0x60, 0x80, 0x47,
  0x60, 0x63, 0x9D, 0x64, 0x80, 0x63, 0x00, 0x00, 0x2C, 0x03, 0x00, 0x00, 0x40, 0x82, 0x00, 0x24, 0x80, 0xAD, 0xB6, 0x1C, 0x88, 0x65, 0x00, 0x14,
  0x2C, 0x03, 0x00, 0x00, 0x41, 0x82, 0x00, 0x14, 0x3D, 0x80, 0x80, 0x01, 0x61, 0x8C, 0x95, 0xFC, 0x7D, 0x89, 0x03, 0xA6, 0x4E, 0x80, 0x04, 0x21,
  0x60, 0x00, 0x00, 0x00, 0x00, 0x00, 0x00, 0x00, 0xC2, 0x34, 0xDE, 0xD8, 0x00, 0x00, 0x00, 0x0F, 0x3B, 0xA3, 0x00, 0x00, 0x3C, 0x60, 0x80, 0x48,
  0x80, 0x63, 0x9D, 0x30, 0x54, 0x63, 0x44, 0x3E, 0x2C, 0x03, 0x02, 0x08, 0x40, 0x82, 0x00, 0x5C, 0x7C, 0x08, 0x02, 0xA6, 0x90, 0x01, 0x00, 0x04,
  0x94, 0x21, 0xFF, 0x20, 0xBE, 0x81, 0x00, 0xB0, 0x83, 0xED, 0xB6, 0x1C, 0x88, 0x7F, 0x00, 0x00, 0x7C, 0x03, 0xE8, 0x00, 0x41, 0x82, 0x00, 0x24,
  0xBA, 0x81, 0x00, 0xB0, 0x80, 0x01, 0x00, 0xE4, 0x38, 0x21, 0x00, 0xE0, 0x7C, 0x08, 0x03, 0xA6, 0x3D, 0x80, 0x80, 0x34, 0x61, 0x8C, 0xDF, 0x44,
  0x7D, 0x89, 0x03, 0xA6, 0x4E, 0x80, 0x04, 0x20, 0x88, 0x7F, 0x00, 0x02, 0xBA, 0x81, 0x00, 0xB0, 0x80, 0x01, 0x00, 0xE4, 0x38, 0x21, 0x00, 0xE0,
  0x7C, 0x08, 0x03, 0xA6, 0x7C, 0x7D, 0x1B, 0x78, 0x60, 0x00, 0x00, 0x00, 0x00, 0x00, 0x00, 0x00, 0xC2, 0x16, 0xE7, 0x48, 0x00, 0x00, 0x00, 0xB1,
  0x3D, 0x80, 0x80, 0x22, 0x61, 0x8C, 0x54, 0xB8, 0x7D, 0x89, 0x03, 0xA6, 0x4E, 0x80, 0x04, 0x21, 0x7C, 0x08, 0x02, 0xA6, 0x90, 0x01, 0x00, 0x04,
  0x94, 0x21, 0xFF, 0x20, 0xBE, 0x81, 0x00, 0xB0, 0x3C, 0x60, 0x80, 0x48, 0x80, 0x63, 0x9D, 0x30, 0x54, 0x63, 0x44, 0x3E, 0x2C, 0x03, 0x02, 0x08,
  0x40, 0x82, 0x05, 0x40, 0x38, 0x60, 0x0C, 0xEF, 0x3D, 0x80, 0x80, 0x37, 0x61, 0x8C, 0xF1, 0xE4, 0x7D, 0x89, 0x03, 0xA6, 0x4E, 0x80, 0x04, 0x21,
  0x7C, 0x7B, 0x1B, 0x78, 0x38, 0x80, 0x0C, 0xEF, 0x3D, 0x80, 0x80, 0x00, 0x61, 0x8C, 0xC1, 0x60, 0x7D, 0x89, 0x03, 0xA6, 0x4E, 0x80, 0x04, 0x21,
  0x93, 0x6D, 0xB6, 0x1C, 0x3C, 0x60, 0x80, 0x3D, 0x60, 0x63, 0xAD, 0x40, 0x80, 0x63, 0x00, 0x00, 0x81, 0x83, 0x00, 0x88, 0x88, 0x6D, 0xAF, 0xA0,
  0x2C, 0x03, 0x00, 0x00, 0x41, 0x82, 0x00, 0x10, 0xA0, 0x6C, 0x00, 0x01, 0x38, 0x63, 0x00, 0x01, 0xB0, 0x6C, 0x00, 0x01, 0x38, 0x60, 0x00, 0x01,
  0x90, 0x7B, 0x00, 0x03, 0x48, 0x00, 0x02, 0xFD, 0x7C, 0x68, 0x02, 0xA6, 0x90, 0x7B, 0x0A, 0xBB, 0x38, 0x60, 0x00, 0x1A, 0x3D, 0x80, 0x80, 0x37,
  0x61, 0x8C, 0xF1, 0xE4, 0x7D, 0x89, 0x03, 0xA6, 0x4E, 0x80, 0x04, 0x21, 0x90, 0x7B, 0x00, 0xD7, 0x38, 0x60, 0x01, 0x29, 0x3D, 0x80, 0x80, 0x37,
  0x61, 0x8C, 0xF1, 0xE4, 0x7D, 0x89, 0x03, 0xA6, 0x4E, 0x80, 0x04, 0x21, 0x90, 0x7B, 0x00, 0xDB, 0x7C, 0x7A, 0x1B, 0x78, 0x38, 0x80, 0x01, 0x29,
  0x3D, 0x80, 0x80, 0x00, 0x61, 0x8C, 0xC1, 0x60, 0x7D, 0x89, 0x03, 0xA6, 0x4E, 0x80, 0x04, 0x21, 0x38, 0x60, 0x00, 0x21, 0x3D, 0x80, 0x80, 0x37,
  0x61, 0x8C, 0xF1, 0xE4, 0x7D, 0x89, 0x03, 0xA6, 0x4E, 0x80, 0x04, 0x21, 0x7C, 0x79, 0x1B, 0x78, 0x93, 0x3B, 0x03, 0xA0, 0x38, 0x60, 0x00, 0x9E,
  0x3D, 0x80, 0x80, 0x37, 0x61, 0x8C, 0xF1, 0xE4, 0x7D, 0x89, 0x03, 0xA6, 0x4E, 0x80, 0x04, 0x21, 0x90, 0x7B, 0x03, 0xA4, 0x38, 0x80, 0x00, 0x9E,
  0x3D, 0x80, 0x80, 0x00, 0x61, 0x8C, 0xC1, 0x60, 0x7D, 0x89, 0x03, 0xA6, 0x4E, 0x80, 0x04, 0x21, 0x38, 0x80, 0x00, 0x00, 0x98, 0x83, 0x00, 0x00,
  0x38, 0x80, 0x00, 0x07, 0x98, 0x83, 0x00, 0x01, 0x93, 0x79, 0x00, 0x05, 0x38, 0x60, 0x0C, 0xEF, 0x90, 0x79, 0x00, 0x09, 0x93, 0x59, 0x00, 0x0D,
  0x38, 0x60, 0x01, 0x29, 0x90, 0x79, 0x00, 0x11, 0x80, 0x7B, 0x03, 0xA4, 0x90, 0x79, 0x00, 0x15, 0x38, 0x60, 0x00, 0x9E, 0x90, 0x79, 0x00, 0x19,
  0x38, 0x60, 0x00, 0x00, 0x90, 0x79, 0x00, 0x1D, 0x38, 0x60, 0x00, 0x00, 0x3D, 0x80, 0x80, 0x00, 0x61, 0x8C, 0x56, 0x10, 0x7D, 0x89, 0x03, 0xA6,
  0x4E, 0x80, 0x04, 0x21, 0x7C, 0x78, 0x1B, 0x78, 0x3D, 0x80, 0x80, 0x00, 0x61, 0x8C, 0x56, 0x8C, 0x7D, 0x89, 0x03, 0xA6, 0x4E, 0x80, 0x04, 0x21,
  0x7D, 0x88, 0x02, 0xA6, 0x88, 0x6D, 0xAE, 0xF8, 0x98, 0x7B, 0x00, 0x02, 0x88, 0x78, 0x00, 0x03, 0x98, 0x7B, 0x00, 0x00, 0x98, 0x6C, 0x00, 0x00,
  0x88, 0x78, 0x00, 0x04, 0x98, 0x7B, 0x00, 0x01, 0x80, 0x78, 0x00, 0x05, 0x90, 0x7B, 0x00, 0x07, 0x3C, 0x80, 0x80, 0x4D, 0x90, 0x64, 0x5F, 0x90,
  0x7F, 0xE3, 0xFB, 0x78, 0x38, 0x98, 0x02, 0x56, 0x38, 0xA0, 0x01, 0x38, 0x3D, 0x80, 0x80, 0x00, 0x61, 0x8C, 0x31, 0xF4, 0x7D, 0x89, 0x03, 0xA6,
  0x4E, 0x80, 0x04, 0x21, 0x3C, 0x60, 0x80, 0x1D, 0x60, 0x63, 0x45, 0x7C, 0x80, 0x83, 0x00, 0x00, 0x54, 0x85, 0x30, 0x2E, 0x38, 0x80, 0x00, 0x40,
  0x7C, 0x85, 0x23, 0xD6, 0x7C, 0x83, 0x22, 0x14, 0x88, 0x78, 0x03, 0xC1, 0x98, 0x64, 0x00, 0x08, 0x88, 0x6D, 0xAF, 0xA0, 0x2C, 0x03, 0x00, 0x00,
  0x40, 0x82, 0x00, 0x7C, 0x3C, 0xA0, 0x80, 0x3D, 0x60, 0xA5, 0xAD, 0x40, 0x80, 0xA5, 0x00, 0x00, 0x80, 0xA5, 0x00, 0x88, 0x88, 0x65, 0x00, 0x06,
  0x2C, 0x03, 0x00, 0x00, 0x41, 0x82, 0x00, 0x30, 0x88, 0x65, 0x00, 0x17, 0x2C, 0x03, 0x00, 0x07, 0x41, 0x82, 0x00, 0x54, 0x38, 0x60, 0x00, 0xB4,
  0x90, 0x7F, 0x00, 0x10, 0x38, 0x60, 0x00, 0x01, 0x98, 0x7F, 0x00, 0x62, 0x98, 0x7F, 0x00, 0x86, 0x98, 0x7F, 0x00, 0xAA, 0x98, 0x7F, 0x00, 0xCE,
  0x48, 0x00, 0x00, 0x34, 0x80, 0x6D, 0xAF, 0xC4, 0x38, 0x80, 0x00, 0xC4, 0x98, 0x83, 0x00, 0x00, 0xA0, 0x85, 0x00, 0x01, 0x38, 0x84, 0x00, 0x13,
  0x98, 0x83, 0x00, 0x01, 0x38, 0x80, 0x00, 0x02, 0x38, 0xA0, 0x00, 0x01, 0x3D, 0x80, 0x80, 0x00, 0x61, 0x8C, 0x55, 0xF0, 0x7D, 0x89, 0x03, 0xA6,
  0x4E, 0x80, 0x04, 0x21, 0x88, 0x6D, 0xAF, 0xA0, 0x2C, 0x03, 0x00, 0x03, 0x40, 0x82, 0x00, 0x48, 0x3A, 0xE0, 0x00, 0x00, 0x1C, 0xB7, 0x00, 0x24,
  0x38, 0x65, 0x00, 0x69, 0x7C, 0x7F, 0x18, 0xAE, 0x38, 0x63, 0x00, 0x01, 0x38, 0x85, 0x00, 0x60, 0x7C, 0x9F, 0x20, 0xAE, 0x3D, 0x80, 0x80, 0x00,
  0x61, 0x8C, 0x56, 0xB0, 0x7D, 0x89, 0x03, 0xA6, 0x4E, 0x80, 0x04, 0x21, 0x1C, 0x97, 0x00, 0x24, 0x38, 0x84, 0x00, 0x63, 0x7C, 0x7F, 0x21, 0xAE,
  0x3A, 0xF7, 0x00, 0x01, 0x2C, 0x17, 0x00, 0x04, 0x41, 0x80, 0xFF, 0xC4, 0x88, 0x78, 0x00, 0x09, 0x2C, 0x03, 0x00, 0x01, 0x41, 0x80, 0x00, 0x10,
  0x2C, 0x03, 0x00, 0x0F, 0x41, 0x81, 0x00, 0x10, 0x48, 0x00, 0x00, 0x10, 0x38, 0x60, 0x00, 0x01, 0x48, 0x00, 0x00, 0x08, 0x38, 0x60, 0x00, 0x0F,
  0x98, 0x7B, 0x00, 0x21, 0x38, 0xA0, 0x00, 0x00, 0x3C, 0x60, 0x80, 0x4C, 0x60, 0x63, 0x20, 0xBC, 0x1C, 0x85, 0x00, 0x44, 0x7C, 0x63, 0x22, 0x14,
  0x38, 0x80, 0x00, 0x00, 0x90, 0x83, 0x00, 0x00, 0x38, 0xA5, 0x00, 0x01, 0x2C, 0x05, 0x00, 0x04, 0x41, 0x80, 0xFF, 0xE0, 0x38, 0x60, 0x00, 0x04,
  0x38, 0x80, 0x00, 0x07, 0x38, 0xA0, 0x00, 0x00, 0x3D, 0x80, 0x80, 0x39, 0x61, 0x8C, 0x01, 0xF0, 0x7D, 0x89, 0x03, 0xA6, 0x4E, 0x80, 0x04, 0x21,
  0x48, 0x00, 0x00, 0x21, 0x7C, 0x88, 0x02, 0xA6, 0x38, 0xA0, 0x00, 0x00, 0x3D, 0x80, 0x80, 0x38, 0x61, 0x8C, 0xFD, 0x54, 0x7D, 0x89, 0x03, 0xA6,
  0x4E, 0x80, 0x04, 0x21, 0x48, 0x00, 0x02, 0x0C, 0x4E, 0x80, 0x00, 0x21, 0x3C, 0x60, 0x80, 0x48, 0x80, 0x63, 0x9D, 0x60, 0x54, 0x64, 0x80, 0x3E,
  0x80, 0x6D, 0xB6, 0x1C, 0x80, 0x63, 0x00, 0x07, 0x7C, 0x84, 0x1A, 0x14, 0x3C, 0x60, 0x80, 0x4D, 0x90, 0x83, 0x5F, 0x90, 0x4E, 0x80, 0x00, 0x20,
  0x4E, 0x80, 0x00, 0x21, 0x7C, 0x08, 0x02, 0xA6, 0x90, 0x01, 0x00, 0x04, 0x94, 0x21, 0xFF, 0x20, 0xBE, 0x81, 0x00, 0xB0, 0x83, 0x8D, 0xB6, 0x1C,
  0x3C, 0xA0, 0x80, 0x3D, 0x60, 0xA5, 0xAD, 0x40, 0x80, 0xA5, 0x00, 0x00, 0x83, 0x65, 0x00, 0x88, 0x3F, 0x40, 0x80, 0x47, 0x63, 0x5A, 0x9D, 0xA4,
  0x7F, 0x43, 0xD3, 0x78, 0x3C, 0x80, 0x80, 0x46, 0x60, 0x84, 0xB8, 0xEC, 0x38, 0xA0, 0x22, 0x78, 0x3D, 0x80, 0x80, 0x00, 0x61, 0x8C, 0x31, 0xF4,
  0x7D, 0x89, 0x03, 0xA6, 0x4E, 0x80, 0x04, 0x21, 0x3C, 0x80, 0x80, 0x46, 0x60, 0x84, 0xB6, 0xA0, 0x7F, 0x43, 0xD3, 0x78, 0x88, 0x04, 0x24, 0xD0,
  0x98, 0x03, 0x00, 0x06, 0x88, 0x04, 0x00, 0x08, 0x98, 0x03, 0x00, 0x04, 0x3D, 0x80, 0x80, 0x16, 0x61, 0x8C, 0x63, 0x78, 0x7D, 0x89, 0x03, 0xA6,
  0x4E, 0x80, 0x04, 0x21, 0x38, 0x60, 0x01, 0x71, 0x3D, 0x80, 0x80, 0x37, 0x61, 0x8C, 0xF1, 0xE4, 0x7D, 0x89, 0x03, 0xA6, 0x4E, 0x80, 0x04, 0x21,
  0x7C, 0x7E, 0x1B, 0x78, 0x38, 0x60, 0x00, 0xBD, 0x98, 0x7E, 0x00, 0x00, 0x88, 0x6D, 0xAF, 0xA0, 0x98, 0x7E, 0x00, 0x01, 0x3D, 0x80, 0x80, 0x1A,
  0x61, 0x8C, 0x4B, 0xA8, 0x7D, 0x89, 0x03, 0xA6, 0x4E, 0x80, 0x04, 0x21, 0x90, 0x7E, 0x00, 0x02, 0xA0, 0x7B, 0x00, 0x01, 0x90, 0x7E, 0x00, 0x06,
  0x88, 0x7B, 0x00, 0x06, 0x90, 0x7E, 0x00, 0x0A, 0x80, 0x7B, 0x00, 0x18, 0x7C, 0x69, 0x03, 0xA6, 0x4E, 0x80, 0x04, 0x21, 0x98, 0x7E, 0x00, 0x0E,
  0x88, 0x7C, 0x00, 0x11, 0x2C, 0x03, 0x00, 0x00, 0x38, 0x80, 0xFF, 0xFD, 0x40, 0x82, 0x00, 0x18, 0x88, 0x7C, 0x00, 0x12, 0x2C, 0x03, 0x00, 0x00,
  0x38, 0x80, 0xFF, 0xFE, 0x40, 0x82, 0x00, 0x08, 0x48, 0x00, 0x00, 0x08, 0x98, 0x9E, 0x00, 0x0E, 0x3C, 0x80, 0x80, 0x46, 0x60, 0x84, 0xB6, 0xA0,
  0x88, 0x64, 0x00, 0x08, 0x98, 0x7E, 0x00, 0x0F, 0x2C, 0x03, 0x00, 0x07, 0x40, 0x82, 0x00, 0x0C, 0x88, 0x64, 0x00, 0x01, 0x48, 0x00, 0x00, 0x08,
  0x38, 0x60, 0xFF, 0xFF, 0x98, 0x7E, 0x00, 0x10, 0x80, 0x9C, 0x0C, 0xDF, 0x90, 0x9E, 0x00, 0x11, 0x3B, 0xE0, 0x00, 0x00, 0x3B, 0xBE, 0x00, 0x15,
  0x7F, 0xE3, 0xFB, 0x78, 0x3D, 0x80, 0x80, 0x03, 0x61, 0x8C, 0x17, 0x24, 0x7D, 0x89, 0x03, 0xA6, 0x4E, 0x80, 0x04, 0x21, 0x80, 0x83, 0x00, 0x08,
  0x98, 0x9D, 0x00, 0x00, 0x88, 0x83, 0x00, 0x8E, 0x98, 0x9D, 0x00, 0x01, 0x80, 0x83, 0x0D, 0x28, 0x90, 0x9D, 0x00, 0x02, 0x1C, 0xBF, 0x00, 0x03,
  0x38, 0x85, 0x0C, 0xE3, 0x7C, 0x9C, 0x20, 0xAE, 0x98, 0x9D, 0x00, 0x06, 0x38, 0x85, 0x0C, 0xE4, 0x7C, 0x9C, 0x22, 0x2E, 0xB0, 0x9D, 0x00, 0x07,
  0x3B, 0xFF, 0x00, 0x01, 0x3B, 0xBD, 0x00, 0x09, 0x2C, 0x1F, 0x00, 0x04, 0x41, 0x80, 0xFF, 0xAC, 0x38, 0x7E, 0x00, 0x39, 0x3C, 0x80, 0x80, 0x48,
  0x60, 0x84, 0x05, 0x30, 0x38, 0xA0, 0x01, 0x38, 0x3D, 0x80, 0x80, 0x00, 0x61, 0x8C, 0x31, 0xF4, 0x7D, 0x89, 0x03, 0xA6, 0x4E, 0x80, 0x04, 0x21,
  0x7F, 0xC3, 0xF3, 0x78, 0x38, 0x80, 0x01, 0x71, 0x38, 0xA0, 0x00, 0x01, 0x3D, 0x80, 0x80, 0x00, 0x61, 0x8C, 0x55, 0xF0, 0x7D, 0x89, 0x03, 0xA6,
  0x4E, 0x80, 0x04, 0x21, 0xBA, 0x81, 0x00, 0xB0, 0x80, 0x01, 0x00, 0xE4, 0x38, 0x21, 0x00, 0xE0, 0x7C, 0x08, 0x03, 0xA6, 0x4E, 0x80, 0x00, 0x20,
  0xBA, 0x81, 0x00, 0xB0, 0x80, 0x01, 0x00, 0xE4, 0x38, 0x21, 0x00, 0xE0, 0x7C, 0x08, 0x03, 0xA6, 0x60, 0x00, 0x00, 0x00, 0x00, 0x00, 0x00, 0x00,
  0xC2, 0x16, 0xE9, 0x04, 0x00, 0x00, 0x00, 0x4D, 0x3C, 0x60, 0x80, 0x48, 0x80, 0x63, 0x9D, 0x30, 0x54, 0x63, 0x44, 0x3E, 0x2C, 0x03, 0x02, 0x08,
  0x40, 0x82, 0x02, 0x50, 0x88, 0x6D, 0xAF, 0xA0, 0x2C, 0x03, 0x00, 0x00, 0x41, 0x82, 0x02, 0x44, 0x2C, 0x03, 0x00, 0x04, 0x41, 0x82, 0x02, 0x3C,
  0x3D, 0x80, 0x80, 0x46, 0x61, 0x8C, 0xDB, 0x68, 0x88, 0x6C, 0x00, 0x02, 0x54, 0x63, 0x07, 0x39, 0x41, 0x82, 0x00, 0x28, 0x48, 0x00, 0x00, 0x29,
  0x7C, 0x68, 0x02, 0xA6, 0x90, 0x6C, 0x00, 0x40, 0x38, 0x60, 0x00, 0x00, 0x98, 0x6D, 0xAF, 0xC8, 0x88, 0x6C, 0x00, 0x02, 0x38, 0x80, 0x00, 0x00,
  0x50, 0x83, 0x1F, 0x38, 0x98, 0x6C, 0x00, 0x02, 0x48, 0x00, 0x02, 0x00, 0x4E, 0x80, 0x00, 0x21, 0x7C, 0x08, 0x02, 0xA6, 0x90, 0x01, 0x00, 0x04,
  0x94, 0x21, 0xFF, 0x20, 0xBE, 0x81, 0x00, 0xB0, 0x83, 0xAD, 0xB6, 0x1C, 0x3B, 0xC0, 0x00, 0x00, 0x7F, 0xC3, 0xF3, 0x78, 0x3D, 0x80, 0x80, 0x03,
  0x61, 0x8C, 0x24, 0x1C, 0x7D, 0x89, 0x03, 0xA6, 0x4E, 0x80, 0x04, 0x21, 0x2C, 0x03, 0x00, 0x00, 0x40, 0x82, 0x00, 0x60, 0x88, 0x7D, 0x00, 0x10,
  0x2C, 0x03, 0x00, 0x00, 0x40, 0x82, 0x00, 0x20, 0x7F, 0xC3, 0xF3, 0x78, 0x3D, 0x80, 0x80, 0x03, 0x61, 0x8C, 0x3B, 0xD8, 0x7D, 0x89, 0x03, 0xA6,
  0x4E, 0x80, 0x04, 0x21, 0x2C, 0x03, 0x00, 0x00, 0x41, 0x82, 0x00, 0x38, 0x3C, 0x80, 0x80, 0x4C, 0x60, 0x84, 0x1F, 0xAC, 0x1C, 0x7E, 0x00, 0x44,
  0x7C, 0x63, 0x22, 0x14, 0x80, 0x63, 0x00, 0x00, 0x54, 0x60, 0x06, 0x73, 0x41, 0x82, 0x00, 0x1C, 0x54, 0x60, 0x06, 0xB5, 0x41, 0x82, 0x00, 0x14,
  0x54, 0x60, 0x05, 0xEF, 0x41, 0x82, 0x00, 0x0C, 0x54, 0x60, 0x04, 0xE7, 0x40, 0x82, 0x00, 0x68, 0x3B, 0xDE, 0x00, 0x01, 0x2C, 0x1E, 0x00, 0x04,
  0x41, 0x80, 0xFF, 0x80, 0x8B, 0xDD, 0x00, 0x00, 0x3C, 0x80, 0x80, 0x4C, 0x60, 0x84, 0x1F, 0xAC, 0x1C, 0x7E, 0x00, 0x44, 0x7F, 0xE3, 0x22, 0x14,
  0x88, 0x6D, 0xAF, 0xC8, 0x2C, 0x03, 0x00, 0x00, 0x41, 0x82, 0x00, 0xAC, 0x88, 0x7D, 0x00, 0x10, 0x2C, 0x03, 0x00, 0x00, 0x40, 0x82, 0x00, 0x20,
  0x7F, 0xC3, 0xF3, 0x78, 0x3D, 0x80, 0x80, 0x03, 0x61, 0x8C, 0x3B, 0xD8, 0x7D, 0x89, 0x03, 0xA6, 0x4E, 0x80, 0x04, 0x21, 0x2C, 0x03, 0x00, 0x00,
  0x41, 0x82, 0x00, 0x54, 0x80, 0x7F, 0x00, 0x08, 0x54, 0x60, 0x04, 0xE7, 0x40, 0x82, 0x00, 0x48, 0x48, 0x00, 0x00, 0xF0, 0x3C, 0x60, 0x80, 0x46,
  0x60, 0x63, 0xB6, 0xA0, 0x9B, 0xC3, 0x00, 0x01, 0x38, 0x80, 0x00, 0x07, 0x98, 0x83, 0x00, 0x08, 0x38, 0x80, 0x00, 0x1E, 0x98, 0x83, 0x24, 0xD5,
  0x3D, 0x80, 0x80, 0x2F, 0x61, 0x8C, 0x33, 0x94, 0x7D, 0x89, 0x03, 0xA6, 0x4E, 0x80, 0x04, 0x21, 0x3D, 0x80, 0x80, 0x1A, 0x61, 0x8C, 0x10, 0xFC,
  0x7D, 0x89, 0x03, 0xA6, 0x4E, 0x80, 0x04, 0x21, 0x48, 0x00, 0x00, 0xB0, 0x38, 0x60, 0x00, 0x00, 0x98, 0x6D, 0xAF, 0xC8, 0x3D, 0x80, 0x80, 0x2F,
  0x61, 0x8C, 0x33, 0xCC, 0x7D, 0x89, 0x03, 0xA6, 0x4E, 0x80, 0x04, 0x21, 0x7F, 0xC3, 0xF3, 0x78, 0x3D, 0x80, 0x80, 0x1A, 0x61, 0x8C, 0x10, 0xFC,
  0x7D, 0x89, 0x03, 0xA6, 0x4E, 0x80, 0x04, 0x21, 0x48, 0x00, 0x00, 0x80, 0x88, 0x7D, 0x00, 0x10, 0x2C, 0x03, 0x00, 0x00, 0x40, 0x82, 0x00, 0x20,
  0x7F, 0xC3, 0xF3, 0x78, 0x3D, 0x80, 0x80, 0x03, 0x61, 0x8C, 0x3B, 0xD8, 0x7D, 0x89, 0x03, 0xA6, 0x4E, 0x80, 0x04, 0x21, 0x2C, 0x03, 0x00, 0x00,
  0x41, 0x82, 0x00, 0x58, 0x80, 0x7F, 0x00, 0x08, 0x54, 0x60, 0x04, 0xE7, 0x41, 0x82, 0x00, 0x4C, 0x38, 0x60, 0x00, 0x01, 0x98, 0x6D, 0xAF, 0xC8,
  0x3D, 0x80, 0x80, 0x2F, 0x61, 0x8C, 0x33, 0x94, 0x7D, 0x89, 0x03, 0xA6, 0x4E, 0x80, 0x04, 0x21, 0x7F, 0xC3, 0xF3, 0x78, 0x38, 0x80, 0x00, 0x05,
  0x3D, 0x80, 0x80, 0x1A, 0x61, 0x8C, 0x0F, 0xEC, 0x7D, 0x89, 0x03, 0xA6, 0x4E, 0x80, 0x04, 0x21, 0x38, 0x60, 0x00, 0x05, 0x3D, 0x80, 0x80, 0x02,
  0x61, 0x8C, 0x40, 0x30, 0x7D, 0x89, 0x03, 0xA6, 0x4E, 0x80, 0x04, 0x21, 0x48, 0x00, 0x00, 0x04, 0x38, 0x60, 0xFF, 0xFF, 0xBA, 0x81, 0x00, 0xB0,
  0x80, 0x01, 0x00, 0xE4, 0x38, 0x21, 0x00, 0xE0, 0x7C, 0x08, 0x03, 0xA6, 0x4E, 0x80, 0x00, 0x20, 0x88, 0x1F, 0x00, 0x01, 0x00, 0x00, 0x00, 0x00,
  0xC2, 0x2F, 0x70, 0xC4, 0x00, 0x00, 0x00, 0x35, 0x48, 0x00, 0x00, 0x58, 0x4E, 0x80, 0x00, 0x21, 0x3F, 0x33, 0x33, 0x33, 0x00, 0x00, 0x00, 0x00,
  0x42, 0x8C, 0x00, 0x00, 0x42, 0x70, 0x00, 0x00, 0x3F, 0x80, 0x00, 0x00, 0x00, 0x00, 0x00, 0xFF, 0xD7, 0xA5, 0xFF, 0xFF, 0xFA, 0xFA, 0x78, 0xFF,
  0x59, 0x6F, 0x75, 0x00, 0x4F, 0x70, 0x70, 0x6F, 0x6E, 0x65, 0x6E, 0x74, 0x00, 0x25, 0x73, 0x20, 0x45, 0x78, 0x63, 0x65, 0x65, 0x64, 0x65, 0x64,
  0x20, 0x4C, 0x65, 0x64, 0x67, 0x65, 0x20, 0x47, 0x72, 0x61, 0x62, 0x20, 0x4C, 0x69, 0x6D, 0x69, 0x74, 0x20, 0x6F, 0x66, 0x20, 0x25, 0x64, 0x00,
  0x7C, 0x08, 0x02, 0xA6, 0x90, 0x01, 0x00, 0x04, 0x94, 0x21, 0xFF, 0x20, 0xBE, 0x81, 0x00, 0xB0, 0x7C, 0x9F, 0x23, 0x78, 0x7C, 0xBE, 0x2B, 0x78,
  0x7C, 0xDD, 0x33, 0x78, 0x3B, 0x20, 0x00, 0x00, 0x4B, 0xFF, 0xFF, 0x8D, 0x7F, 0x08, 0x02, 0xA6, 0x3C, 0x60, 0x80, 0x48, 0x80, 0x63, 0x9D, 0x30,
  0x54, 0x63, 0x44, 0x3E, 0x2C, 0x03, 0x02, 0x08, 0x40, 0x82, 0x00, 0xF0, 0x88, 0x6D, 0xAF, 0xA0, 0x2C, 0x03, 0x00, 0x03, 0x41, 0x82, 0x00, 0xE4,
  0x2C, 0x03, 0x00, 0x04, 0x41, 0x82, 0x00, 0xDC, 0x38, 0x60, 0x00, 0x00, 0x3D, 0x80, 0x80, 0x04, 0x61, 0x8C, 0x0A, 0xF0, 0x7D, 0x89, 0x03, 0xA6,
  0x4E, 0x80, 0x04, 0x21, 0x7C, 0x7C, 0x1B, 0x78, 0x38, 0x60, 0x00, 0x01, 0x3D, 0x80, 0x80, 0x04, 0x61, 0x8C, 0x0A, 0xF0, 0x7D, 0x89, 0x03, 0xA6,
  0x4E, 0x80, 0x04, 0x21, 0x7C, 0x7B, 0x1B, 0x78, 0x2C, 0x1C, 0x00, 0x2D, 0x40, 0x81, 0x00, 0x0C, 0x2C, 0x1B, 0x00, 0x2D, 0x41, 0x81, 0x00, 0x9C,
  0x2C, 0x1C, 0x00, 0x2D, 0x3B, 0x40, 0x00, 0x00, 0x41, 0x81, 0x00, 0x14, 0x2C, 0x1B, 0x00, 0x2D, 0x3B, 0x40, 0x00, 0x01, 0x41, 0x81, 0x00, 0x08,
  0x48, 0x00, 0x00, 0x80, 0x80, 0x6D, 0xB6, 0x1C, 0x88, 0x63, 0x00, 0x00, 0x7C, 0x03, 0xD0, 0x00, 0x3B, 0x20, 0x00, 0x02, 0x3A, 0xF8, 0x00, 0x1C,
  0x3A, 0xD8, 0x00, 0x24, 0xC0, 0x78, 0x00, 0x08, 0x40, 0x82, 0x00, 0x14, 0x3B, 0x20, 0x00, 0x06, 0x3A, 0xF8, 0x00, 0x18, 0x3A, 0xD8, 0x00, 0x20,
  0xC0, 0x78, 0x00, 0x0C, 0x3C, 0x60, 0x80, 0x46, 0x60, 0x63, 0xB6, 0xA0, 0x38, 0x80, 0x00, 0xFD, 0x98, 0x83, 0x24, 0xD5, 0x80, 0x6D, 0xB6, 0x1C,
  0x80, 0x63, 0x0A, 0xD2, 0x7E, 0xE4, 0xBB, 0x78, 0x38, 0xA0, 0x00, 0x01, 0x38, 0xD8, 0x00, 0x14, 0x38, 0xF8, 0x00, 0x2D, 0x7E, 0xC8, 0xB3, 0x78,
  0x39, 0x20, 0x00, 0x2D, 0xC0, 0x38, 0x00, 0x00, 0xC0, 0x58, 0x00, 0x04, 0xC0, 0xD8, 0x00, 0x10, 0x3D, 0x80, 0x80, 0x00, 0x61, 0x8C, 0x56, 0xB4,
  0x7D, 0x89, 0x03, 0xA6, 0x4E, 0x80, 0x04, 0x21, 0x7F, 0xE4, 0xFB, 0x78, 0x7F, 0xC5, 0xF3, 0x78, 0x7F, 0xA6, 0xEB, 0x78, 0x7F, 0x23, 0xCB, 0x78,
  0xBA, 0x81, 0x00, 0xB0, 0x80, 0x01, 0x00, 0xE4, 0x38, 0x21, 0x00, 0xE0, 0x7C, 0x08, 0x03, 0xA6, 0x38, 0xFF, 0x00, 0x00, 0x00, 0x00, 0x00, 0x00,
  0xC2, 0x1A, 0x50, 0x14, 0x00, 0x00, 0x00, 0x5C, 0x41, 0xA2, 0x00, 0x14, 0x3D, 0x80, 0x80, 0x1A, 0x61, 0x8C, 0x50, 0x24, 0x7D, 0x89, 0x03, 0xA6,
  0x4E, 0x80, 0x04, 0x20, 0x3C, 0x60, 0x80, 0x48, 0x80, 0x63, 0x9D, 0x30, 0x54, 0x63, 0x44, 0x3E, 0x2C, 0x03, 0x02, 0x08, 0x40, 0x82, 0x02, 0xB8,
  0x3C, 0x60, 0x80, 0x47, 0x60, 0x63, 0x9D, 0x64, 0x80, 0x63, 0x00, 0x00, 0x2C, 0x03, 0x00, 0x00, 0x40, 0x82, 0x02, 0xA4, 0x7C, 0x08, 0x02, 0xA6,
  0x90, 0x01, 0x00, 0x04, 0x94, 0x21, 0xFF, 0x20, 0xBE, 0x81, 0x00, 0xB0, 0x3D, 0x80, 0x80, 0x34, 0x61, 0x8C, 0x73, 0x64, 0x7D, 0x89, 0x03, 0xA6,
  0x4E, 0x80, 0x04, 0x21, 0x7C, 0x7D, 0x1B, 0x78, 0x83, 0xED, 0xB6, 0x1C, 0x3B, 0xDF, 0x03, 0xA8, 0x8B, 0x9E, 0x00, 0x00, 0x3F, 0x00, 0x80, 0x48,
  0x83, 0x18, 0x9D, 0x60, 0x3B, 0x18, 0xFF, 0xFF, 0x82, 0xFF, 0x0A, 0xB7, 0x7C, 0x18, 0xB8, 0x00, 0x41, 0x81, 0x00, 0x9C, 0x7C, 0x78, 0xB8, 0x50,
  0x38, 0x63, 0x00, 0x01, 0x8B, 0x9E, 0x00, 0x00, 0x7F, 0x83, 0xE0, 0x51, 0x40, 0x80, 0x00, 0x08, 0x3B, 0x9C, 0x00, 0x07, 0x38, 0x7E, 0x00, 0x01,
  0x1C, 0x9C, 0x01, 0x02, 0x7F, 0x43, 0x22, 0x14, 0x3B, 0x20, 0x00, 0x00, 0x48, 0x00, 0x00, 0x60, 0x38, 0xDA, 0x00, 0x00, 0x38, 0xE0, 0x00, 0x00,
  0x48, 0x00, 0x00, 0x28, 0x1C, 0x79, 0x00, 0x08, 0x7C, 0x65, 0x1A, 0x14, 0x80, 0x63, 0x00, 0x01, 0x1C, 0x87, 0x00, 0x08, 0x7C, 0x86, 0x22, 0x14,
  0x80, 0x84, 0x00, 0x01, 0x7C, 0x03, 0x20, 0x00, 0x41, 0x82, 0x00, 0x30, 0x38, 0xE7, 0x00, 0x01, 0x88, 0x66, 0x00, 0x00, 0x7C, 0x07, 0x18, 0x00,
  0x41, 0x80, 0xFF, 0xD4, 0x1C, 0x79, 0x00, 0x08, 0x7C, 0x65, 0x1A, 0x14, 0x80, 0x63, 0x00, 0x05, 0x3D, 0x80, 0x80, 0x02, 0x61, 0x8C, 0x36, 0xB8,
  0x7D, 0x89, 0x03, 0xA6, 0x4E, 0x80, 0x04, 0x21, 0x3B, 0x39, 0x00, 0x01, 0x38, 0xBA, 0x00, 0x81, 0x88, 0x65, 0x00, 0x00, 0x7C, 0x19, 0x18, 0x00,
  0x41, 0x80, 0xFF, 0x98, 0x38, 0x7E, 0x00, 0x01, 0x1C, 0x9C, 0x01, 0x02, 0x7F, 0x43, 0x22, 0x14, 0x38, 0x7A, 0x00, 0x81, 0x38, 0x9A, 0x00, 0x00,
  0x38, 0xA0, 0x00, 0x81, 0x3D, 0x80, 0x80, 0x00, 0x61, 0x8C, 0x31, 0xF4, 0x7D, 0x89, 0x03, 0xA6, 0x4E, 0x80, 0x04, 0x21, 0x38, 0x7A, 0x00, 0x00,
  0x38, 0x80, 0x00, 0x81, 0x3D, 0x80, 0x80, 0x00, 0x61, 0x8C, 0xC1, 0x60, 0x7D, 0x89, 0x03, 0xA6, 0x4E, 0x80, 0x04, 0x21, 0x7C, 0x18, 0xB8, 0x00,
  0x40, 0x81, 0x00, 0x1C, 0x93, 0x1F, 0x0A, 0xB7, 0x3B, 0x9C, 0x00, 0x01, 0x2C, 0x1C, 0x00, 0x07, 0x41, 0x80, 0x00, 0x08, 0x3B, 0x9C, 0xFF, 0xF9,
  0x9B, 0x9E, 0x00, 0x00, 0x8B, 0x7F, 0x0A, 0xBF, 0x2C, 0x1B, 0x00, 0x01, 0x40, 0x82, 0x01, 0x34, 0x80, 0x7F, 0x0A, 0xC0, 0x7C, 0x18, 0x18, 0x00,
  0x41, 0x80, 0x00, 0x48, 0x38, 0x60, 0x00, 0x00, 0x98, 0x7F, 0x00, 0xDF, 0x98, 0x7F, 0x0A, 0xBF, 0x7F, 0xA3, 0xEB, 0x78, 0x3D, 0x80, 0x80, 0x34,
  0x61, 0x8C, 0x73, 0x8C, 0x7D, 0x89, 0x03, 0xA6, 0x4E, 0x80, 0x04, 0x21, 0xBA, 0x81, 0x00, 0xB0, 0x80, 0x01, 0x00, 0xE4, 0x38, 0x21, 0x00, 0xE0,
  0x7C, 0x08, 0x03, 0xA6, 0x3B, 0x5A, 0x00, 0x01, 0x3D, 0x80, 0x80, 0x1A, 0x61, 0x8C, 0x50, 0x24, 0x7D, 0x89, 0x03, 0xA6, 0x4E, 0x80, 0x04, 0x20,
  0x7F, 0xA3, 0xEB, 0x78, 0x3D, 0x80, 0x80, 0x34, 0x61, 0x8C, 0x73, 0x8C, 0x7D, 0x89, 0x03, 0xA6, 0x4E, 0x80, 0x04, 0x21, 0x48, 0x00, 0x00, 0x29,
  0xBA, 0x81, 0x00, 0xB0, 0x80, 0x01, 0x00, 0xE4, 0x38, 0x21, 0x00, 0xE0, 0x7C, 0x08, 0x03, 0xA6, 0x3B, 0x5A, 0x00, 0x01, 0x3D, 0x80, 0x80, 0x1A,
  0x61, 0x8C, 0x4D, 0xE4, 0x7D, 0x89, 0x03, 0xA6, 0x4E, 0x80, 0x04, 0x20, 0x7C, 0x08, 0x02, 0xA6, 0x90, 0x01, 0x00, 0x04, 0x94, 0x21, 0xFF, 0x20,
  0xBE, 0x81, 0x00, 0xB0, 0x3D, 0x80, 0x80, 0x03, 0x61, 0x8C, 0x0A, 0x50, 0x7D, 0x89, 0x03, 0xA6, 0x4E, 0x80, 0x04, 0x21, 0x3D, 0x80, 0x80, 0x02,
  0x61, 0x8C, 0xA4, 0xAC, 0x7D, 0x89, 0x03, 0xA6, 0x4E, 0x80, 0x04, 0x21, 0x3D, 0x80, 0x80, 0x03, 0x61, 0x8C, 0x0A, 0x50, 0x7D, 0x89, 0x03, 0xA6,
  0x4E, 0x80, 0x04, 0x21, 0x80, 0x63, 0x00, 0x28, 0x3D, 0x80, 0x80, 0x36, 0x61, 0x8C, 0x84, 0x58, 0x7D, 0x89, 0x03, 0xA6, 0x4E, 0x80, 0x04, 0x21,
  0x80, 0x6D, 0xC1, 0x8C, 0x82, 0x83, 0x00, 0x20, 0x48, 0x00, 0x00, 0x2C, 0x82, 0xB4, 0x00, 0x2C, 0x88, 0x75, 0x22, 0x1F, 0x54, 0x60, 0x06, 0xF7,
  0x40, 0x82, 0x00, 0x18, 0x7E, 0x83, 0xA3, 0x78, 0x3D, 0x80, 0x80, 0x08, 0x61, 0x8C, 0x6A, 0x8C, 0x7D, 0x89, 0x03, 0xA6, 0x4E, 0x80, 0x04, 0x21,
  0x82, 0x94, 0x00, 0x08, 0x2C, 0x14, 0x00, 0x00, 0x40, 0x82, 0xFF, 0xD4, 0xBA, 0x81, 0x00, 0xB0, 0x80, 0x01, 0x00, 0xE4, 0x38, 0x21, 0x00, 0xE0,
  0x7C, 0x08, 0x03, 0xA6, 0x4E, 0x80, 0x00, 0x20, 0x7F, 0xA3, 0xEB, 0x78, 0x3D, 0x80, 0x80, 0x34, 0x61, 0x8C, 0x73, 0x8C, 0x7D, 0x89, 0x03, 0xA6,
  0x4E, 0x80, 0x04, 0x21, 0xBA, 0x81, 0x00, 0xB0, 0x80, 0x01, 0x00, 0xE4, 0x38, 0x21, 0x00, 0xE0, 0x7C, 0x08, 0x03, 0xA6, 0x00, 0x00, 0x00, 0x00,
  0xC2, 0x16, 0xD2, 0x6C, 0x00, 0x00, 0x00, 0x03, 0x80, 0x8D, 0xB6, 0x1C, 0x80, 0x64, 0x0A, 0xD6, 0x38, 0x63, 0x00, 0x01, 0x90, 0x64, 0x0A, 0xD6,
  0x38, 0x7F, 0x00, 0x00, 0x00, 0x00, 0x00, 0x00, 0xC2, 0x16, 0xCD, 0x08, 0x00, 0x00, 0x00, 0x0A, 0x3C, 0x60, 0x80, 0x48, 0x80, 0x63, 0x9D, 0x30,
  0x54, 0x63, 0x44, 0x3E, 0x2C, 0x03, 0x02, 0x08, 0x40, 0x82, 0x00, 0x38, 0x83, 0xAD, 0xB6, 0x1C, 0x88, 0x7D, 0x00, 0x10, 0x2C, 0x03, 0x00, 0x01,
  0x40, 0x82, 0x00, 0x28, 0x88, 0x9D, 0x00, 0x00, 0x88, 0x7E, 0x00, 0x01, 0x7C, 0x63, 0x07, 0x74, 0x7C, 0x03, 0x20, 0x00, 0x41, 0x82, 0x00, 0x14,
  0x3C, 0x60, 0x80, 0x16, 0x60, 0x63, 0xCD, 0x28, 0x7C, 0x69, 0x03, 0xA6, 0x4E, 0x80, 0x04, 0x20, 0x38, 0x80, 0xFF, 0xFF, 0x00, 0x00, 0x00, 0x00,
  0xC2, 0x16, 0xEA, 0x30, 0x00, 0x00, 0x00, 0x04, 0x98, 0x1E, 0x00, 0x10, 0x2C, 0x00, 0x00, 0x07, 0x40, 0x82, 0x00, 0x14, 0x3C, 0x80, 0x80, 0x46,
  0x60, 0x84, 0xB6, 0xA0, 0x88, 0x84, 0x00, 0x01, 0x98, 0x9E, 0x00, 0x0C, 0x00, 0x00, 0x00, 0x00, 0xC2, 0x16, 0xE9, 0xE8, 0x00, 0x00, 0x00, 0x08,
  0x3C, 0x60, 0x80, 0x48, 0x80, 0x63, 0x9D, 0x30, 0x54, 0x63, 0x44, 0x3E, 0x2C, 0x03, 0x02, 0x08, 0x40, 0x82, 0x00, 0x28, 0x81, 0x8D, 0xB6, 0x1C,
  0x88, 0x6C, 0x00, 0x0F, 0x2C, 0x03, 0x00, 0x00, 0x40, 0x82, 0x00, 0x18, 0x38, 0x60, 0x00, 0x01, 0x98, 0x6C, 0x00, 0x0F, 0x80, 0x6C, 0x0A, 0xBB,
  0x7C, 0x69, 0x03, 0xA6, 0x4E, 0x80, 0x04, 0x21, 0x88, 0x1F, 0x00, 0x0E, 0x00, 0x00, 0x00, 0x00, 0xC2, 0x37, 0x6A, 0x20, 0x00, 0x00, 0x00, 0x0C,
  0x3C, 0x60, 0x80, 0x48, 0x80, 0x63, 0x9D, 0x30, 0x54, 0x63, 0x44, 0x3E, 0x2C, 0x03, 0x02, 0x08, 0x40, 0x82, 0x00, 0x44, 0x3C, 0x60, 0x80, 0x47,
  0x60, 0x63, 0x9D, 0x64, 0x80, 0x63, 0x00, 0x00, 0x2C, 0x03, 0x00, 0x00, 0x40, 0x82, 0x00, 0x30, 0x80, 0x8D, 0xB6, 0x1C, 0x88, 0x64, 0x00, 0xDF,
  0x2C, 0x03, 0x00, 0x00, 0x41, 0x82, 0x00, 0x20, 0x88, 0x64, 0x00, 0xE0, 0x2C, 0x03, 0x00, 0x00, 0x40, 0x82, 0x00, 0x14, 0x3D, 0x80, 0x80, 0x37,
  0x61, 0x8C, 0x6A, 0x28, 0x7D, 0x89, 0x03, 0xA6, 0x4E, 0x80, 0x04, 0x20, 0x38, 0x61, 0x00, 0x2C, 0x60, 0x00, 0x00, 0x00, 0x00, 0x00, 0x00, 0x00,
  0xC2, 0x1A, 0x4D, 0xE4, 0x00, 0x00, 0x00, 0xDB, 0x3D, 0x80, 0x80, 0x37, 0x61, 0x8C, 0xE2, 0x14, 0x7D, 0x89, 0x03, 0xA6, 0x4E, 0x80, 0x04, 0x21,
  0x48, 0x00, 0x02, 0x20, 0x4E, 0x80, 0x00, 0x21, 0x41, 0x10, 0x00, 0x00, 0xC3, 0x22, 0x00, 0x00, 0x3F, 0x33, 0x33, 0x33, 0xFF, 0x00, 0x00, 0xFF,
  0x44, 0x49, 0x53, 0x43, 0x4F, 0x4E, 0x4E, 0x45, 0x43, 0x54, 0x45, 0x44, 0x00, 0x41, 0x10, 0x00, 0x00, 0xC3, 0x0C, 0x00, 0x00, 0x3F, 0x00, 0x00,
  0x00, 0xFF, 0xB8, 0x00, 0xFF, 0x44, 0x45, 0x53, 0x59, 0x4E, 0x43, 0x20, 0x44, 0x45, 0x54, 0x45, 0x43, 0x54, 0x45, 0x44, 0x00, 0x43, 0x64, 0x00,
  0x00, 0x43, 0x42, 0x00, 0x00, 0x3E, 0xC2, 0x8F, 0x5C, 0xFF, 0xB8, 0x00, 0xFF, 0x44, 0x65, 0x73, 0x79, 0x6E, 0x63, 0x20, 0x52, 0x69, 0x73, 0x6B,
  0x00, 0x00, 0x00, 0x00, 0x7C, 0x08, 0x02, 0xA6, 0x90, 0x01, 0x00, 0x04, 0x94, 0x21, 0xFF, 0xB0, 0xBE, 0x81, 0x00, 0x20, 0x3F, 0xE0, 0x80, 0x45,
  0x63, 0xFF, 0x30, 0x80, 0x3F, 0xA0, 0x80, 0x45, 0x63, 0xBD, 0x5C, 0x30, 0x38, 0x60, 0x00, 0x00, 0x90, 0x61, 0x00, 0x08, 0x90, 0x61, 0x00, 0x0C,
  0x38, 0x61, 0x00, 0x08, 0x80, 0x9F, 0x00, 0xB0, 0x48, 0x00, 0x00, 0x65, 0x38, 0x61, 0x00, 0x08, 0x80, 0x9F, 0x00, 0xB4, 0x48, 0x00, 0x00, 0x59,
  0x83, 0xC1, 0x00, 0x08, 0x88, 0x9F, 0x00, 0x8E, 0x7F, 0xDE, 0x22, 0x78, 0x93, 0xC1, 0x00, 0x08, 0x3B, 0xFF, 0x0E, 0x90, 0x7C, 0x1F, 0xE8, 0x00,
  0x40, 0x81, 0xFF, 0xD0, 0xA0, 0x61, 0x00, 0x08, 0xA0, 0x81, 0x00, 0x0A, 0x7C, 0x63, 0x22, 0x78, 0x54, 0x63, 0x80, 0x3E, 0xC0, 0x21, 0x00, 0x0C,
  0xFC, 0x20, 0x08, 0x1E, 0xD8, 0x21, 0x00, 0x10, 0xA0, 0x81, 0x00, 0x16, 0x7C, 0x63, 0x23, 0x78, 0xBA, 0x81, 0x00, 0x20, 0x80, 0x01, 0x00, 0x54,
  0x38, 0x21, 0x00, 0x50, 0x7C, 0x08, 0x03, 0xA6, 0x4E, 0x80, 0x00, 0x20, 0x2C, 0x04, 0x00, 0x00, 0x41, 0x82, 0x00, 0x5C, 0x81, 0x84, 0x00, 0x2C,
  0x7C, 0x6B, 0x1B, 0x78, 0x81, 0x4B, 0x00, 0x00, 0x80, 0x8C, 0x00, 0x10, 0x7D, 0x4A, 0x22, 0x78, 0x80, 0x8C, 0x00, 0xB0, 0x7D, 0x4A, 0x22, 0x78,
  0x80, 0x8C, 0x00, 0xB4, 0x7D, 0x4A, 0x22, 0x78, 0x80, 0x8C, 0x18, 0x30, 0x7D, 0x4A, 0x22, 0x78, 0x80, 0x8C, 0x00, 0x08, 0x7D, 0x4A, 0x22, 0x78,
  0x91, 0x4B, 0x00, 0x00, 0xC1, 0x8B, 0x00, 0x04, 0xC0, 0x2C, 0x00, 0xB0, 0xED, 0x8C, 0x08, 0x2A, 0xC0, 0x2C, 0x00, 0xB4, 0xED, 0x8C, 0x08, 0x2A,
  0xC0, 0x2C, 0x18, 0x30, 0xED, 0x8C, 0x08, 0x2A, 0xD1, 0x8B, 0x00, 0x04, 0x4E, 0x80, 0x00, 0x20, 0x7C, 0x08, 0x02, 0xA6, 0x90, 0x01, 0x00, 0x04,
  0x94, 0x21, 0xFF, 0x20, 0xBE, 0x81, 0x00, 0xB0, 0x7C, 0x7D, 0x1B, 0x78, 0x4B, 0xFF, 0xFE, 0x91, 0x7F, 0xE8, 0x02, 0xA6, 0x7F, 0xFF, 0x22, 0x14,
  0xC0, 0x3F, 0x00, 0x00, 0xC0, 0x5F, 0x00, 0x04, 0x7F, 0xA3, 0xEB, 0x78, 0x38, 0x9F, 0x00, 0x10, 0x3D, 0x80, 0x80, 0x3A, 0x61, 0x8C, 0x6B, 0x98,
  0x7D, 0x89, 0x03, 0xA6, 0x4E, 0x80, 0x04, 0x21, 0x7C, 0x7E, 0x1B, 0x78, 0x7F, 0xA3, 0xEB, 0x78, 0x7F, 0xC4, 0xF3, 0x78, 0xC0, 0x3F, 0x00, 0x08,
  0xC0, 0x5F, 0x00, 0x08, 0x3D, 0x80, 0x80, 0x3A, 0x61, 0x8C, 0x75, 0x48, 0x7D, 0x89, 0x03, 0xA6, 0x4E, 0x80, 0x04, 0x21, 0x7F, 0xA3, 0xEB, 0x78,
  0x7F, 0xC4, 0xF3, 0x78, 0x38, 0xBF, 0x00, 0x0C, 0x3D, 0x80, 0x80, 0x3A, 0x61, 0x8C, 0x74, 0xF0, 0x7D, 0x89, 0x03, 0xA6, 0x4E, 0x80, 0x04, 0x21,
  0x7F, 0xC3, 0xF3, 0x78, 0xBA, 0x81, 0x00, 0xB0, 0x80, 0x01, 0x00, 0xE4, 0x38, 0x21, 0x00, 0xE0, 0x7C, 0x08, 0x03, 0xA6, 0x4E, 0x80, 0x00, 0x20,
  0x81, 0x8D, 0xB6, 0x1C, 0x3C, 0x60, 0x80, 0x46, 0x60, 0x63, 0xB6, 0xA0, 0x88, 0x8C, 0x00, 0x01, 0x98, 0x83, 0x00, 0x01, 0x38, 0x80, 0x00, 0x07,
  0x98, 0x83, 0x00, 0x08, 0x38, 0x80, 0x00, 0x5A, 0x98, 0x83, 0x24, 0xD5, 0x4E, 0x80, 0x00, 0x20, 0x7C, 0x08, 0x02, 0xA6, 0x90, 0x01, 0x00, 0x04,
  0x94, 0x21, 0xFF, 0x20, 0xBE, 0x81, 0x00, 0xB0, 0x3C, 0x60, 0x80, 0x48, 0x80, 0x63, 0x9D, 0x30, 0x54, 0x63, 0x44, 0x3E, 0x2C, 0x03, 0x02, 0x08,
  0x40, 0x82, 0x04, 0x70, 0x3C, 0x60, 0x80, 0x47, 0x60, 0x63, 0x9D, 0x64, 0x80, 0x63, 0x00, 0x00, 0x2C, 0x03, 0x00, 0x00, 0x40, 0x82, 0x04, 0x5C,
  0x83, 0xCD, 0xB6, 0x1C, 0x3F, 0xE0, 0x80, 0x48, 0x83, 0xFF, 0x9D, 0x60, 0x83, 0x9E, 0x00, 0xDB, 0x3D, 0x80, 0x80, 0x34, 0x61, 0x8C, 0x73, 0x64,
  0x7D, 0x89, 0x03, 0xA6, 0x4E, 0x80, 0x04, 0x21, 0x7C, 0x79, 0x1B, 0x78, 0x88, 0x7E, 0x00, 0x11, 0x2C, 0x03, 0x00, 0x00, 0x40, 0x82, 0x00, 0x48,
  0x88, 0x7E, 0x00, 0x10, 0x2C, 0x03, 0x00, 0x00, 0x41, 0x82, 0x00, 0x3C, 0x88, 0x7E, 0x00, 0x0F, 0x2C, 0x03, 0x00, 0x00, 0x40, 0x82, 0x00, 0x30,
  0x38, 0x60, 0x00, 0x03, 0x3D, 0x80, 0x80, 0x02, 0x61, 0x8C, 0x40, 0x30, 0x7D, 0x89, 0x03, 0xA6, 0x4E, 0x80, 0x04, 0x21, 0x80, 0x7E, 0x0A, 0xD2,
  0x38, 0x80, 0x00, 0x00, 0x4B, 0xFF, 0xFE, 0xA5, 0x38, 0x60, 0x00, 0x01, 0x98, 0x7E, 0x00, 0x11, 0x4B, 0xFF, 0xFF, 0x31, 0x88, 0x7E, 0x0A, 0xBF,
  0x2C, 0x03, 0x00, 0x00, 0x41, 0x82, 0x00, 0xB0, 0x88, 0x7E, 0x0A, 0xC4, 0x2C, 0x03, 0x00, 0x00, 0x41, 0x82, 0x00, 0x94, 0x80, 0x7E, 0x0A, 0xC5,
  0x7C, 0x1F, 0x18, 0x00, 0x41, 0x82, 0x00, 0x24, 0x41, 0x80, 0x00, 0x94, 0x80, 0x7E, 0x03, 0xA0, 0x80, 0x9E, 0x0A, 0xC5, 0x80, 0xBE, 0x03, 0xA4,
  0x3D, 0x80, 0x80, 0x00, 0x61, 0x8C, 0x56, 0x0C, 0x7D, 0x89, 0x03, 0xA6, 0x4E, 0x80, 0x04, 0x21, 0x3D, 0x80, 0x80, 0x01, 0x61, 0x8C, 0x98, 0x94,
  0x7D, 0x89, 0x03, 0xA6, 0x4E, 0x80, 0x04, 0x21, 0x3C, 0xA0, 0x80, 0x4C, 0x60, 0xA5, 0x1F, 0x78, 0x88, 0x85, 0x00, 0x02, 0x7C, 0x83, 0x20, 0x51,
  0x40, 0x80, 0x00, 0x0C, 0x88, 0x65, 0x00, 0x00, 0x7C, 0x84, 0x1A, 0x14, 0x98, 0x85, 0x00, 0x02, 0x38, 0x60, 0x00, 0x00, 0x98, 0x65, 0x00, 0x03,
  0x3F, 0xE0, 0x80, 0x48, 0x83, 0xFF, 0x9D, 0x60, 0x80, 0x7E, 0x03, 0x8D, 0x90, 0x7E, 0x00, 0x03, 0x38, 0x60, 0x00, 0x00, 0x98, 0x7E, 0x03, 0x8C,
  0x98, 0x7E, 0x03, 0x9D, 0x98, 0x7E, 0x03, 0x9E, 0x98, 0x7E, 0x03, 0x9F, 0x98, 0x7E, 0x00, 0xE0, 0x98, 0x7E, 0x0A, 0xC4, 0x3D, 0x80, 0x80, 0x01,
  0x61, 0x8C, 0x95, 0xFC, 0x7D, 0x89, 0x03, 0xA6, 0x4E, 0x80, 0x04, 0x21, 0x80, 0x7E, 0x0A, 0xDA, 0x7C, 0x1F, 0x18, 0x00, 0x41, 0x81, 0x00, 0x0C,
  0x7F, 0xE3, 0xFB, 0x78, 0x48, 0x00, 0x00, 0x04, 0x80, 0x9E, 0x0A, 0xC9, 0x7C, 0x03, 0x20, 0x00, 0x40, 0x81, 0x00, 0x08, 0x90, 0x7E, 0x0A, 0xC9,
  0x80, 0x7E, 0x0A, 0xE2, 0x38, 0x63, 0x00, 0x01, 0x7C, 0x63, 0xF8, 0x51, 0x88, 0x9E, 0x0A, 0xE6, 0x41, 0x80, 0x00, 0x20, 0x88, 0xDE, 0x0A, 0xE6,
  0x38, 0xC6, 0x00, 0x01, 0x2C, 0x06, 0x00, 0x15, 0x41, 0x80, 0x00, 0x08, 0x38, 0xC0, 0x00, 0x00, 0x98, 0xDE, 0x0A, 0xE6, 0x93, 0xFE, 0x0A, 0xE2,
  0x38, 0xA0, 0x00, 0x15, 0x7C, 0x84, 0x1A, 0x14, 0x7C, 0xC4, 0x2B, 0xD6, 0x7C, 0xC6, 0x29, 0xD6, 0x7C, 0xC6, 0x20, 0x50, 0x7C, 0x85, 0x32, 0x14,
  0x7C, 0xC4, 0x2B, 0xD6, 0x7C, 0xC6, 0x29, 0xD6, 0x7C, 0x86, 0x20, 0x50, 0x1C, 0x84, 0x00, 0x18, 0x38, 0x64, 0x0A, 0xE7, 0x7F, 0xBE, 0x1A, 0x14,
  0x93, 0xFD, 0x00, 0x00, 0x4B, 0xFF, 0xFC, 0x59, 0x90, 0x7D, 0x00, 0x04, 0x3C, 0x60, 0x80, 0x46, 0x60, 0x63, 0xB6, 0xC8, 0x80, 0x63, 0x00, 0x00,
  0x90, 0x7D, 0x00, 0x08, 0x3B, 0x00, 0x00, 0x00, 0x7F, 0x03, 0xC3, 0x78, 0x3D, 0x80, 0x80, 0x03, 0x61, 0x8C, 0x42, 0xB4, 0x7D, 0x89, 0x03, 0xA6,
  0x4E, 0x80, 0x04, 0x21, 0x1C, 0x98, 0x00, 0x03, 0x38, 0x84, 0x00, 0x0D, 0x7C, 0x7D, 0x23, 0x2E, 0x7F, 0x03, 0xC3, 0x78, 0x3D, 0x80, 0x80, 0x03,
  0x61, 0x8C, 0x3B, 0xD8, 0x7D, 0x89, 0x03, 0xA6, 0x4E, 0x80, 0x04, 0x21, 0x1C, 0x98, 0x00, 0x03, 0x38, 0x84, 0x00, 0x0C, 0x7C, 0x7D, 0x21, 0xAE,
  0x3B, 0x18, 0x00, 0x01, 0x2C, 0x18, 0x00, 0x04, 0x41, 0x80, 0xFF, 0xB8, 0x2C, 0x1F, 0x00, 0x00, 0x41, 0x82, 0x01, 0x18, 0x3B, 0xA0, 0x00, 0x00,
  0x88, 0x7E, 0x00, 0x12, 0x2C, 0x03, 0x00, 0x00, 0x40, 0x82, 0x01, 0x34, 0x3B, 0x00, 0x00, 0x00, 0x1C, 0x78, 0x00, 0x08, 0x38, 0x63, 0x00, 0x02,
  0x7E, 0xFC, 0x1A, 0x14, 0x82, 0xD7, 0x00, 0x00, 0x80, 0x7E, 0x0A, 0xC9, 0x7C, 0x16, 0x18, 0x00, 0x41, 0x81, 0x00, 0xD8, 0x2C, 0x16, 0x00, 0x54,
  0x40, 0x81, 0x00, 0xD0, 0x3A, 0xA0, 0x00, 0x00, 0x1C, 0x75, 0x00, 0x18, 0x38, 0x63, 0x0A, 0xE7, 0x7E, 0x9E, 0x1A, 0x14, 0x80, 0x74, 0x00, 0x00,
  0x7C, 0x16, 0x18, 0x00, 0x40, 0x82, 0x00, 0xA8, 0x2C, 0x1D, 0x00, 0x00, 0x41, 0x82, 0x00, 0x10, 0x80, 0x74, 0x00, 0x00, 0x7C, 0x16, 0x18, 0x00,
  0x40, 0x80, 0x00, 0x08, 0x7E, 0x9D, 0xA3, 0x78, 0xA0, 0x74, 0x00, 0x06, 0xA0, 0x97, 0x00, 0x06, 0x7C, 0x63, 0x07, 0x34, 0x7C, 0x84, 0x07, 0x34,
  0x7C, 0x64, 0x18, 0x50, 0x2C, 0x03, 0xFF, 0xFF, 0x41, 0x80, 0x00, 0x10, 0x2C, 0x03, 0x00, 0x01, 0x41, 0x81, 0x00, 0x08, 0x48, 0x00, 0x00, 0x34,
  0x38, 0x60, 0x00, 0x03, 0x3D, 0x80, 0x80, 0x02, 0x61, 0x8C, 0x40, 0x30, 0x7D, 0x89, 0x03, 0xA6, 0x4E, 0x80, 0x04, 0x21, 0x80, 0x7E, 0x0A, 0xD2,
  0x38, 0x80, 0x00, 0x1D, 0x4B, 0xFF, 0xFC, 0x35, 0x38, 0x60, 0x00, 0x01, 0x98, 0x7E, 0x00, 0x12, 0x4B, 0xFF, 0xFC, 0xC1, 0x48, 0x00, 0x00, 0x80,
  0x88, 0x7E, 0x00, 0x13, 0x2C, 0x03, 0x00, 0x00, 0x40, 0x82, 0x00, 0x28, 0xA0, 0x74, 0x00, 0x04, 0xA0, 0x97, 0x00, 0x04, 0x7C, 0x03, 0x20, 0x00,
  0x41, 0x82, 0x00, 0x18, 0x80, 0x7E, 0x0A, 0xD2, 0x38, 0x80, 0x00, 0x3D, 0x4B, 0xFF, 0xFB, 0xFD, 0x38, 0x60, 0x00, 0x01, 0x98, 0x7E, 0x00, 0x13,
  0x48, 0x00, 0x00, 0x10, 0x3A, 0xB5, 0x00, 0x01, 0x2C, 0x15, 0x00, 0x15, 0x41, 0x80, 0xFF, 0x3C, 0x3B, 0x18, 0x00, 0x01, 0x88, 0x7C, 0x00, 0x01,
  0x7C, 0x18, 0x18, 0x00, 0x41, 0x80, 0xFF, 0x04, 0x2C, 0x1D, 0x00, 0x00, 0x41, 0x82, 0x00, 0x28, 0x80, 0x7D, 0x00, 0x08, 0x90, 0x7E, 0x0C, 0xDF,
  0x38, 0x7E, 0x0C, 0xE3, 0x38, 0x9D, 0x00, 0x0C, 0x38, 0xA0, 0x00, 0x0C, 0x3D, 0x80, 0x80, 0x00, 0x61, 0x8C, 0x31, 0xF4, 0x7D, 0x89, 0x03, 0xA6,
  0x4E, 0x80, 0x04, 0x21, 0x88, 0x7E, 0x03, 0x8C, 0x2C, 0x03, 0x00, 0x00, 0x41, 0x82, 0x00, 0x2C, 0x80, 0x7E, 0x0A, 0xC9, 0x7C, 0x1F, 0x18, 0x00,
  0x40, 0x81, 0x00, 0x20, 0x80, 0x7E, 0x03, 0xA0, 0x7F, 0xE4, 0xFB, 0x78, 0x80, 0xBE, 0x03, 0xA4, 0x3D, 0x80, 0x80, 0x00, 0x61, 0x8C, 0x56, 0x08,
  0x7D, 0x89, 0x03, 0xA6, 0x4E, 0x80, 0x04, 0x21, 0x3B, 0x00, 0x00, 0x00, 0x3A, 0xA0, 0x00, 0x00, 0x88, 0x7E, 0x00, 0x00, 0x7C, 0x15, 0x18, 0x00,
  0x40, 0x82, 0x00, 0x08, 0x3A, 0xB5, 0x00, 0x01, 0x38, 0x78, 0x01, 0x26, 0x7C, 0x63, 0xE0, 0xAE, 0x2C, 0x03, 0x00, 0x00, 0x41, 0x82, 0x00, 0x18,
  0x7E, 0xA3, 0xAB, 0x78, 0x3D, 0x80, 0x80, 0x16, 0x61, 0x8C, 0xEF, 0x98, 0x7D, 0x89, 0x03, 0xA6, 0x4E, 0x80, 0x04, 0x21, 0x3B, 0x18, 0x00, 0x01,
  0x3A, 0xB5, 0x00, 0x01, 0x2C, 0x18, 0x00, 0x03, 0x41, 0x80, 0xFF, 0xC0, 0x88, 0x7E, 0x00, 0x0F, 0x2C, 0x03, 0x00, 0x01, 0x41, 0x82, 0x00, 0x58,
  0x3C, 0x60, 0x80, 0x46, 0x60, 0x63, 0xB6, 0xA0, 0x88, 0x63, 0x00, 0x08, 0x2C, 0x03, 0x00, 0x00, 0x40, 0x82, 0x00, 0x10, 0x38, 0x60, 0x00, 0x00,
  0x90, 0x7E, 0x00, 0x0B, 0x48, 0x00, 0x00, 0x38, 0x80, 0x7E, 0x00, 0x0B, 0x2C, 0x03, 0x00, 0x00, 0x40, 0x82, 0x00, 0x08, 0x93, 0xFE, 0x00, 0x0B,
  0x80, 0x7E, 0x00, 0x0B, 0x7C, 0x63, 0xF8, 0x50, 0x2C, 0x03, 0x00, 0x07, 0x40, 0x81, 0x00, 0x18, 0x38, 0x60, 0x00, 0x01, 0x98, 0x7E, 0x00, 0x0F,
  0x80, 0x7E, 0x0A, 0xBB, 0x7C, 0x69, 0x03, 0xA6, 0x4E, 0x80, 0x04, 0x21, 0x7F, 0x23, 0xCB, 0x78, 0x3D, 0x80, 0x80, 0x34, 0x61, 0x8C, 0x73, 0x8C,
  0x7D, 0x89, 0x03, 0xA6, 0x4E, 0x80, 0x04, 0x21, 0xBA, 0x81, 0x00, 0xB0, 0x80, 0x01, 0x00, 0xE4, 0x38, 0x21, 0x00, 0xE0, 0x7C, 0x08, 0x03, 0xA6,
  0x60, 0x00, 0x00, 0x00, 0x00, 0x00, 0x00, 0x00, 0xC2, 0x37, 0x6A, 0x28, 0x00, 0x00, 0x00, 0xF2, 0x7C, 0x08, 0x02, 0xA6, 0x90, 0x01, 0x00, 0x04,
  0x94, 0x21, 0xFF, 0x20, 0xBE, 0x81, 0x00, 0xB0, 0x3C, 0x60, 0x80, 0x48, 0x80, 0x63, 0x9D, 0x30, 0x54, 0x63, 0x44, 0x3E, 0x2C, 0x03, 0x02, 0x08,
  0x40, 0x82, 0x07, 0x54, 0x3C, 0x60, 0x80, 0x47, 0x60, 0x63, 0x9D, 0x64, 0x80, 0x63, 0x00, 0x00, 0x2C, 0x03, 0x00, 0x00, 0x40, 0x82, 0x07, 0x40,
  0x83, 0xC1, 0x00, 0x00, 0x83, 0x6D, 0xB6, 0x1C, 0x83, 0x3B, 0x00, 0xD7, 0x83, 0x1B, 0x00, 0xDB, 0x82, 0xFB, 0x03, 0xA0, 0x83, 0x5B, 0x00, 0x03,
  0x88, 0x9B, 0x00, 0x02, 0x1C, 0x84, 0x00, 0x0C, 0x38, 0x64, 0x00, 0x2C, 0x7F, 0xBE, 0x1A, 0x14, 0x88, 0x7B, 0x00, 0xDF, 0x2C, 0x03, 0x00, 0x00,
  0x41, 0x82, 0x00, 0x10, 0x88, 0x7B, 0x00, 0xE0, 0x2C, 0x03, 0x00, 0x00, 0x41, 0x82, 0x06, 0x7C, 0x88, 0x7B, 0x00, 0x21, 0x38, 0x80, 0x00, 0x4E,
  0x7C, 0x63, 0x20, 0x50, 0x7C, 0x1A, 0x18, 0x00, 0x40, 0x80, 0x00, 0x1C, 0x38, 0x7E, 0x00, 0x2C, 0x38, 0x80, 0x00, 0x30, 0x3D, 0x80, 0x80, 0x00,
  0x61, 0x8C, 0xC1, 0x60, 0x7D, 0x89, 0x03, 0xA6, 0x4E, 0x80, 0x04, 0x21, 0x48, 0x00, 0x00, 0x40, 0x88, 0x83, 0x00, 0x00, 0x7C, 0x84, 0x07, 0x74,
  0x2C, 0x04, 0xFF, 0xFE, 0x41, 0x80, 0x00, 0x2C, 0x2C, 0x04, 0x00, 0x02, 0x41, 0x81, 0x00, 0x24, 0x88, 0x83, 0x00, 0x01, 0x7C, 0x84, 0x07, 0x74,
  0x2C, 0x04, 0xFF, 0xFE, 0x41, 0x80, 0x00, 0x14, 0x2C, 0x04, 0x00, 0x02, 0x41, 0x81, 0x00, 0x0C, 0x38, 0x80, 0x00, 0x00, 0xB0, 0x83, 0x00, 0x00,
  0x4E, 0x80, 0x00, 0x20, 0x38, 0x7D, 0x00, 0x02, 0x4B, 0xFF, 0xFF, 0xC1, 0x38, 0x7D, 0x00, 0x04, 0x4B, 0xFF, 0xFF, 0xB9, 0x88, 0x7D, 0x00, 0x0A,
  0x7C, 0x63, 0x07, 0x74, 0x2C, 0x03, 0xFF, 0xFD, 0x40, 0x82, 0x00, 0x20, 0x7F, 0xA3, 0xEB, 0x78, 0x38, 0x9B, 0x00, 0x15, 0x38, 0xA0, 0x00, 0x0C,
  0x3D, 0x80, 0x80, 0x00, 0x61, 0x8C, 0x31, 0xF4, 0x7D, 0x89, 0x03, 0xA6, 0x4E, 0x80, 0x04, 0x21, 0x38, 0x7B, 0x00, 0x15, 0x7F, 0xA4, 0xEB, 0x78,
  0x38, 0xA0, 0x00, 0x0C, 0x3D, 0x80, 0x80, 0x00, 0x61, 0x8C, 0x31, 0xF4, 0x7D, 0x89, 0x03, 0xA6, 0x4E, 0x80, 0x04, 0x21, 0x38, 0x60, 0x00, 0xB0,
  0x98, 0x79, 0x00, 0x00, 0x93, 0x59, 0x00, 0x01, 0x80, 0x7B, 0x0A, 0xC9, 0x90, 0x79, 0x00, 0x05, 0x81, 0x9B, 0x0A, 0xC9, 0x39, 0x60, 0x00, 0x00,
  0x1C, 0x6B, 0x00, 0x18, 0x38, 0x63, 0x0A, 0xE7, 0x7D, 0x5B, 0x1A, 0x14, 0x80, 0x6A, 0x00, 0x00, 0x7C, 0x03, 0x60, 0x00, 0x40, 0x82, 0x00, 0x10,
  0x80, 0x6A, 0x00, 0x04, 0x90, 0x79, 0x00, 0x09, 0x48, 0x00, 0x00, 0x10, 0x39, 0x6B, 0x00, 0x01, 0x2C, 0x0B, 0x00, 0x15, 0x41, 0x80, 0xFF, 0xD4,
  0x88, 0x7B, 0x00, 0x21, 0x98, 0x79, 0x00, 0x0D, 0x38, 0x79, 0x00, 0x0E, 0x7F, 0xA4, 0xEB, 0x78, 0x38, 0xA0, 0x00, 0x0C, 0x3D, 0x80, 0x80, 0x00,
  0x61, 0x8C, 0x31, 0xF4, 0x7D, 0x89, 0x03, 0xA6, 0x4E, 0x80, 0x04, 0x21, 0x7F, 0x23, 0xCB, 0x78, 0x38, 0x80, 0x00, 0x1A, 0x38, 0xA0, 0x00, 0x01,
  0x3D, 0x80, 0x80, 0x00, 0x61, 0x8C, 0x55, 0xF0, 0x7D, 0x89, 0x03, 0xA6, 0x4E, 0x80, 0x04, 0x21, 0x38, 0x78, 0x00, 0x00, 0x38, 0x80, 0x01, 0x29,
  0x38, 0xA0, 0x00, 0x00, 0x3D, 0x80, 0x80, 0x00, 0x61, 0x8C, 0x55, 0xF0, 0x7D, 0x89, 0x03, 0xA6, 0x4E, 0x80, 0x04, 0x21, 0x38, 0x60, 0x00, 0x00,
  0x98, 0x7B, 0x00, 0x14, 0x88, 0x78, 0x00, 0x00, 0x2C, 0x03, 0x00, 0x02, 0x41, 0x82, 0x00, 0x24, 0x2C, 0x03, 0x00, 0x03, 0x41, 0x82, 0x00, 0x10,
  0x2C, 0x03, 0x00, 0x04, 0x41, 0x82, 0x00, 0x40, 0x48, 0x00, 0x00, 0x44, 0x38, 0x60, 0x00, 0x01, 0x98, 0x7B, 0x00, 0x10, 0x48, 0x00, 0x00, 0x38,
  0x88, 0x7B, 0x00, 0x0F, 0x2C, 0x03, 0x00, 0x01, 0x41, 0x82, 0x00, 0x2C, 0xBA, 0x81, 0x00, 0xB0, 0x80, 0x01, 0x00, 0xE4, 0x38, 0x21, 0x00, 0xE0,
  0x7C, 0x08, 0x03, 0xA6, 0x3D, 0x80, 0x80, 0x37, 0x61, 0x8C, 0x6C, 0xEC, 0x7D, 0x89, 0x03, 0xA6, 0x4E, 0x80, 0x04, 0x20, 0x38, 0x60, 0x00, 0x01,
  0x98, 0x7B, 0x00, 0x14, 0x88, 0x9B, 0x00, 0x22, 0x1C, 0x84, 0x00, 0x0C, 0x38, 0x84, 0x00, 0x23, 0x88, 0x7B, 0x00, 0x00, 0x1C, 0x63, 0x00, 0x0C,
  0x38, 0x63, 0x00, 0x2C, 0x7C, 0x7E, 0x1A, 0x14, 0x7C, 0x9B, 0x22, 0x14, 0x38, 0xA0, 0x00, 0x0C, 0x3D, 0x80, 0x80, 0x00, 0x61, 0x8C, 0x31, 0xF4,
  0x7D, 0x89, 0x03, 0xA6, 0x4E, 0x80, 0x04, 0x21, 0x88, 0x7B, 0x00, 0xE5, 0x1C, 0x63, 0x00, 0x0C, 0x38, 0x63, 0x00, 0xE6, 0x88, 0x9B, 0x00, 0x00,
  0x1C, 0x84, 0x00, 0x0C, 0x38, 0x84, 0x00, 0x2C, 0x7C, 0x7B, 0x1A, 0x14, 0x7C, 0x9E, 0x22, 0x14, 0x38, 0xA0, 0x00, 0x0C, 0x3D, 0x80, 0x80, 0x00,
  0x61, 0x8C, 0x31, 0xF4, 0x7D, 0x89, 0x03, 0xA6, 0x4E, 0x80, 0x04, 0x21, 0x88, 0x7B, 0x00, 0xE5, 0x38, 0x63, 0x00, 0x01, 0x2C, 0x03, 0x00, 0x0E,
  0x41, 0x80, 0x00, 0x08, 0x38, 0x60, 0x00, 0x00, 0x98, 0x7B, 0x00, 0xE5, 0x88, 0x7B, 0x00, 0x22, 0x1C, 0x63, 0x00, 0x0C, 0x38, 0x63, 0x00, 0x23,
  0x7C, 0x7B, 0x1A, 0x14, 0x38, 0x99, 0x00, 0x0E, 0x38, 0xA0, 0x00, 0x0C, 0x3D, 0x80, 0x80, 0x00, 0x61, 0x8C, 0x31, 0xF4, 0x7D, 0x89, 0x03, 0xA6,
  0x4E, 0x80, 0x04, 0x21, 0x88, 0x9B, 0x00, 0x21, 0x88, 0x7B, 0x00, 0x22, 0x38, 0x63, 0x00, 0x01, 0x7C, 0x03, 0x20, 0x00, 0x41, 0x80, 0x00, 0x08,
  0x38, 0x60, 0x00, 0x00, 0x98, 0x7B, 0x00, 0x22, 0x8B, 0x9B, 0x00, 0xDF, 0x88, 0x7B, 0x03, 0x8C, 0x2C, 0x03, 0x00, 0x00, 0x40, 0x82, 0x00, 0x18,
  0x38, 0x60, 0x00, 0x00, 0x98, 0x7B, 0x03, 0x9D, 0x98, 0x7B, 0x03, 0x9E, 0x98, 0x7B, 0x03, 0x9F, 0x48, 0x00, 0x02, 0x64, 0x3A, 0x80, 0x00, 0x00,
  0x38, 0xD4, 0x03, 0x9D, 0x7C, 0x66, 0xD8, 0xAE, 0x2C, 0x03, 0x00, 0x01, 0x40, 0x82, 0x01, 0x6C, 0x1C, 0xD4, 0x00, 0x04, 0x38, 0xC6, 0x00, 0x1A,
  0x7C, 0x66, 0xC0, 0x2E, 0x1C, 0xD4, 0x00, 0x04, 0x38, 0xC6, 0x03, 0x91, 0x7C, 0x86, 0xD8, 0x2E, 0x7E, 0xC4, 0x18, 0x51, 0x41, 0x80, 0x01, 0x4C,
  0x80, 0xDB, 0x0A, 0xC9, 0x7C, 0x04, 0x30, 0x00, 0x41, 0x81, 0x00, 0x10, 0x7C, 0x03, 0x20, 0x00, 0x41, 0x81, 0x00, 0xAC, 0x48, 0x00, 0x01, 0x34,
  0x1C, 0x76, 0x00, 0x0C, 0x38, 0x63, 0x00, 0x2A, 0x1C, 0xD4, 0x00, 0x54, 0x7C, 0x63, 0x32, 0x14, 0x38, 0xD4, 0x01, 0x8E, 0x7C, 0x86, 0xD8, 0xAE,
  0x1C, 0x84, 0x00, 0x0C, 0x38, 0x84, 0x01, 0x94, 0x1C, 0xB4, 0x00, 0xA8, 0x7C, 0x84, 0x2A, 0x14, 0x7C, 0xD8, 0x1A, 0x14, 0x7C, 0xFB, 0x22, 0x14,
  0x88, 0x66, 0x00, 0x00, 0x88, 0x87, 0x00, 0x00, 0x54, 0x63, 0x06, 0xFE, 0x54, 0x84, 0x06, 0xFE, 0x7C, 0x03, 0x20, 0x00, 0x40, 0x82, 0x00, 0xAC,
  0x88, 0x66, 0x00, 0x01, 0x88, 0x87, 0x00, 0x01, 0x54, 0x63, 0x06, 0x7E, 0x54, 0x84, 0x06, 0x7E, 0x7C, 0x03, 0x20, 0x00, 0x40, 0x82, 0x00, 0x94,
  0x80, 0x66, 0x00, 0x02, 0x80, 0x87, 0x00, 0x02, 0x7C, 0x03, 0x20, 0x00, 0x40, 0x82, 0x00, 0x84, 0x38, 0xA0, 0x00, 0x05, 0x38, 0xA5, 0x00, 0x01,
  0x2C, 0x05, 0x00, 0x08, 0x40, 0x80, 0x00, 0x28, 0x7C, 0x65, 0x30, 0xAE, 0x7C, 0x85, 0x38, 0xAE, 0x2C, 0x03, 0x00, 0x2A, 0x41, 0x81, 0x00, 0x0C,
  0x2C, 0x04, 0x00, 0x2A, 0x40, 0x81, 0xFF, 0xE0, 0x7C, 0x03, 0x20, 0x00, 0x40, 0x82, 0x00, 0x54, 0x4B, 0xFF, 0xFF, 0xD4, 0x1C, 0xD4, 0x00, 0x04,
  0x38, 0xC6, 0x03, 0x91, 0x7C, 0x66, 0xD8, 0x2E, 0x38, 0x63, 0x00, 0x01, 0x7C, 0x66, 0xD9, 0x2E, 0x38, 0xD4, 0x01, 0x8E, 0x7C, 0x66, 0xD8, 0xAE,
  0x38, 0x63, 0x00, 0x01, 0x2C, 0x03, 0x00, 0x0E, 0x41, 0x80, 0x00, 0x08, 0x38, 0x63, 0xFF, 0xF2, 0x7C, 0x66, 0xD9, 0xAE, 0x38, 0xD4, 0x01, 0x8E,
  0x7C, 0x66, 0xD8, 0xAE, 0x38, 0xD4, 0x01, 0x91, 0x7C, 0x86, 0xD8, 0xAE, 0x7C, 0x04, 0x18, 0x00, 0x40, 0x82, 0xFE, 0xD0, 0x48, 0x00, 0x00, 0x44,
  0x3B, 0x80, 0x00, 0x01, 0x48, 0x00, 0x00, 0x3C, 0x38, 0x60, 0x00, 0x01, 0x98, 0x7B, 0x00, 0xDF, 0x98, 0x7B, 0x00, 0xE0, 0x93, 0x5B, 0x00, 0xE1,
  0x3B, 0x5A, 0x00, 0x01, 0x93, 0x5B, 0x00, 0x03, 0xBA, 0x81, 0x00, 0xB0, 0x80, 0x01, 0x00, 0xE4, 0x38, 0x21, 0x00, 0xE0, 0x7C, 0x08, 0x03, 0xA6,
  0x3D, 0x80, 0x80, 0x37, 0x61, 0x8C, 0x6C, 0xEC, 0x7D, 0x89, 0x03, 0xA6, 0x4E, 0x80, 0x04, 0x20, 0x3A, 0x94, 0x00, 0x01, 0x2C, 0x14, 0x00, 0x03,
  0x41, 0x80, 0xFE, 0x80, 0x39, 0x60, 0x00, 0x00, 0x3A, 0x80, 0x00, 0x00, 0x82, 0xBB, 0x0A, 0xC9, 0x38, 0xD4, 0x03, 0x9D, 0x7C, 0x86, 0xD8, 0xAE,
  0x2C, 0x04, 0x00, 0x01, 0x40, 0x82, 0x00, 0x28, 0x1C, 0xD4, 0x00, 0x04, 0x38, 0xC6, 0x03, 0x91, 0x7C, 0x86, 0xD8, 0x2E, 0x2C, 0x0B, 0x00, 0x00,
  0x41, 0x82, 0x00, 0x0C, 0x7C, 0x04, 0xA8, 0x00, 0x40, 0x80, 0x00, 0x08, 0x7C, 0x95, 0x23, 0x78, 0x39, 0x60, 0x00, 0x01, 0x3A, 0x94, 0x00, 0x01,
  0x2C, 0x14, 0x00, 0x03, 0x41, 0x80, 0xFF, 0xC4, 0x92, 0xBB, 0x03, 0x8D, 0x92, 0xBB, 0x0A, 0xDA, 0x80, 0xD8, 0x00, 0x26, 0x7C, 0x15, 0x30, 0x00,
  0x40, 0x81, 0x00, 0x08, 0x90, 0xDB, 0x0A, 0xDA, 0x2C, 0x1C, 0x00, 0x00, 0x40, 0x82, 0xFF, 0x54, 0x3A, 0x80, 0x00, 0x00, 0x38, 0xD4, 0x03, 0x9D,
  0x7C, 0x86, 0xD8, 0xAE, 0x2C, 0x04, 0x00, 0x01, 0x40, 0x82, 0x00, 0x28, 0x38, 0xD4, 0x01, 0x8E, 0x7C, 0x66, 0xD8, 0xAE, 0x38, 0xD4, 0x01, 0x91,
  0x7C, 0x86, 0xD8, 0xAE, 0x7C, 0x04, 0x18, 0x00, 0x40, 0x82, 0x00, 0x10, 0x38, 0x60, 0x00, 0x00, 0x38, 0xD4, 0x03, 0x9D, 0x7C, 0x66, 0xD9, 0xAE,
  0x3A, 0x94, 0x00, 0x01, 0x2C, 0x14, 0x00, 0x03, 0x41, 0x80, 0xFF, 0xC4, 0x3A, 0x80, 0x00, 0x00, 0x38, 0xD4, 0x03, 0x9D, 0x7C, 0x86, 0xD8, 0xAE,
  0x2C, 0x04, 0x00, 0x01, 0x41, 0x82, 0x00, 0x18, 0x3A, 0x94, 0x00, 0x01, 0x2C, 0x14, 0x00, 0x03, 0x41, 0x80, 0xFF, 0xE8, 0x38, 0x60, 0x00, 0x00,
  0x98, 0x7B, 0x03, 0x8C, 0x3A, 0x80, 0x00, 0x00, 0x3A, 0xA0, 0x00, 0x00, 0x3B, 0x80, 0x00, 0x01, 0x88, 0x7B, 0x00, 0x00, 0x7C, 0x15, 0x18, 0x00,
  0x40, 0x82, 0x00, 0x08, 0x3A, 0xB5, 0x00, 0x01, 0x1C, 0xD4, 0x00, 0x04, 0x38, 0xC6, 0x00, 0x1A, 0x7C, 0x66, 0xC0, 0x2E, 0x7C, 0x7A, 0x18, 0x50,
  0x2C, 0x03, 0x00, 0x00, 0x40, 0x80, 0x00, 0xD8, 0x88, 0x7B, 0x00, 0x21, 0x38, 0x80, 0x00, 0x4E, 0x7C, 0x63, 0x20, 0x50, 0x7C, 0x1A, 0x18, 0x00,
  0x41, 0x80, 0x00, 0xC0, 0x88, 0x7B, 0x00, 0x0F, 0x2C, 0x03, 0x00, 0x01, 0x41, 0x82, 0x00, 0xB4, 0x3B, 0x80, 0x00, 0x00, 0x38, 0xD4, 0x01, 0x91,
  0x7E, 0xC6, 0xD8, 0xAE, 0x1C, 0x76, 0x00, 0x0C, 0x38, 0x63, 0x01, 0x94, 0x1C, 0xB4, 0x00, 0xA8, 0x7C, 0x63, 0x2A, 0x14, 0x1C, 0xD4, 0x00, 0x54,
  0x38, 0xC6, 0x00, 0x2A, 0x7C, 0x7B, 0x1A, 0x14, 0x7C, 0x98, 0x32, 0x14, 0x38, 0xA0, 0x00, 0x0C, 0x3D, 0x80, 0x80, 0x00, 0x61, 0x8C, 0x31, 0xF4,
  0x7D, 0x89, 0x03, 0xA6, 0x4E, 0x80, 0x04, 0x21, 0x38, 0x76, 0x00, 0x01, 0x2C, 0x03, 0x00, 0x0E, 0x41, 0x80, 0x00, 0x08, 0x38, 0x63, 0xFF, 0xF2,
  0x38, 0xD4, 0x01, 0x91, 0x7C, 0x66, 0xD9, 0xAE, 0x38, 0xD4, 0x01, 0x8E, 0x7C, 0x66, 0xD8, 0xAE, 0x38, 0xD4, 0x01, 0x91, 0x7C, 0x86, 0xD8, 0xAE,
  0x38, 0xD4, 0x03, 0x9D, 0x7C, 0x66, 0xD8, 0xAE, 0x2C, 0x03, 0x00, 0x01, 0x41, 0x82, 0x00, 0x3C, 0x1C, 0xD4, 0x00, 0x04, 0x38, 0xC6, 0x03, 0x91,
  0x7F, 0x46, 0xD9, 0x2E, 0x38, 0x60, 0x00, 0x01, 0x38, 0xD4, 0x03, 0x9D, 0x7C, 0x66, 0xD9, 0xAE, 0x38, 0xD4, 0x01, 0x8E, 0x7E, 0xC6, 0xD9, 0xAE,
  0x88, 0x7B, 0x03, 0x8C, 0x2C, 0x03, 0x00, 0x01, 0x41, 0x82, 0x00, 0x10, 0x93, 0x5B, 0x03, 0x8D, 0x38, 0x60, 0x00, 0x01, 0x98, 0x7B, 0x03, 0x8C,
  0x38, 0x60, 0x00, 0x00, 0x1C, 0x63, 0x00, 0x0C, 0x38, 0xA3, 0x00, 0x2A, 0x1C, 0xD4, 0x00, 0x54, 0x7C, 0xA5, 0x32, 0x14, 0x1C, 0x75, 0x00, 0x0C,
  0x38, 0x63, 0x00, 0x2C, 0x7C, 0x7E, 0x1A, 0x14, 0x7C, 0x98, 0x2A, 0x14, 0x38, 0xA0, 0x00, 0x0C, 0x3D, 0x80, 0x80, 0x00, 0x61, 0x8C, 0x31, 0xF4,
  0x7D, 0x89, 0x03, 0xA6, 0x4E, 0x80, 0x04, 0x21, 0x3A, 0x94, 0x00, 0x01, 0x3A, 0xB5, 0x00, 0x01, 0x2C, 0x14, 0x00, 0x03, 0x41, 0x80, 0xFE, 0xC4,
  0x2C, 0x1C, 0x00, 0x00, 0x41, 0x82, 0x00, 0x08, 0x93, 0x5B, 0x0A, 0xDA, 0x48, 0x00, 0x00, 0x80, 0x80, 0x7B, 0x00, 0xE1, 0x7C, 0x1A, 0x18, 0x00,
  0x40, 0x81, 0x00, 0x24, 0xBA, 0x81, 0x00, 0xB0, 0x80, 0x01, 0x00, 0xE4, 0x38, 0x21, 0x00, 0xE0, 0x7C, 0x08, 0x03, 0xA6, 0x3D, 0x80, 0x80, 0x37,
  0x61, 0x8C, 0x6C, 0xEC, 0x7D, 0x89, 0x03, 0xA6, 0x4E, 0x80, 0x04, 0x20, 0x80, 0x7B, 0x00, 0xE1, 0x7C, 0x7A, 0x18, 0x50, 0x38, 0x63, 0x00, 0x01,
  0x88, 0x9B, 0x00, 0xE5, 0x7C, 0x63, 0x20, 0x51, 0x40, 0x80, 0x00, 0x08, 0x38, 0x63, 0x00, 0x0E, 0x1C, 0x63, 0x00, 0x0C, 0x38, 0x83, 0x00, 0xE6,
  0x88, 0x7B, 0x00, 0x00, 0x1C, 0x63, 0x00, 0x0C, 0x38, 0x63, 0x00, 0x2C, 0x7C, 0x7E, 0x1A, 0x14, 0x7C, 0x9B, 0x22, 0x14, 0x38, 0xA0, 0x00, 0x0C,
  0x3D, 0x80, 0x80, 0x00, 0x61, 0x8C, 0x31, 0xF4, 0x7D, 0x89, 0x03, 0xA6, 0x4E, 0x80, 0x04, 0x21, 0x4B, 0xFF, 0xFE, 0x2C, 0x3B, 0x5A, 0x00, 0x01,
  0x93, 0x5B, 0x00, 0x03, 0xBA, 0x81, 0x00, 0xB0, 0x80, 0x01, 0x00, 0xE4, 0x38, 0x21, 0x00, 0xE0, 0x7C, 0x08, 0x03, 0xA6, 0x2C, 0x1E, 0x00, 0x00,
  0x60, 0x00, 0x00, 0x00, 0x00, 0x00, 0x00, 0x00, 0xC2, 0x01, 0x63, 0xFC, 0x00, 0x00, 0x00, 0x1B, 0x7C, 0x7E, 0x1B, 0x78, 0x7C, 0x08, 0x02, 0xA6,
  0x90, 0x01, 0x00, 0x04, 0x94, 0x21, 0xFF, 0x20, 0xBE, 0x81, 0x00, 0xB0, 0x83, 0xED, 0xAF, 0xC4, 0x2C, 0x1F, 0x00, 0x00, 0x40, 0x82, 0x00, 0x18,
  0xBA, 0x81, 0x00, 0xB0, 0x80, 0x01, 0x00, 0xE4, 0x38, 0x21, 0x00, 0xE0, 0x7C, 0x08, 0x03, 0xA6, 0x48, 0x00, 0x00, 0xA0, 0x38, 0x60, 0x00, 0xD1,
  0x98, 0x7F, 0x00, 0x00, 0x38, 0x7F, 0x00, 0x01, 0x7F, 0xC4, 0xF3, 0x78, 0x3D, 0x80, 0x80, 0x32, 0x61, 0x8C, 0x5A, 0x50, 0x7D, 0x89, 0x03, 0xA6,
  0x4E, 0x80, 0x04, 0x21, 0x7F, 0xC3, 0xF3, 0x78, 0x3D, 0x80, 0x80, 0x32, 0x61, 0x8C, 0x5B, 0x04, 0x7D, 0x89, 0x03, 0xA6, 0x4E, 0x80, 0x04, 0x21,
  0x38, 0x83, 0x00, 0x02, 0x7F, 0xE3, 0xFB, 0x78, 0x38, 0xA0, 0x00, 0x01, 0x3D, 0x80, 0x80, 0x00, 0x61, 0x8C, 0x55, 0xF0, 0x7D, 0x89, 0x03, 0xA6,
  0x4E, 0x80, 0x04, 0x21, 0x7F, 0xE3, 0xFB, 0x78, 0x38, 0x80, 0x00, 0x04, 0x38, 0xA0, 0x00, 0x00, 0x3D, 0x80, 0x80, 0x00, 0x61, 0x8C, 0x55, 0xF0,
  0x7D, 0x89, 0x03, 0xA6, 0x4E, 0x80, 0x04, 0x21, 0x7F, 0xE3, 0xFB, 0x78, 0xBA, 0x81, 0x00, 0xB0, 0x80, 0x01, 0x00, 0xE4, 0x38, 0x21, 0x00, 0xE0,
  0x7C, 0x08, 0x03, 0xA6, 0x80, 0x63, 0x00, 0x00, 0x2C, 0x03, 0x00, 0x00, 0x40, 0x81, 0x00, 0x14, 0x3D, 0x80, 0x80, 0x01, 0x61, 0x8C, 0x64, 0x88,
  0x7D, 0x89, 0x03, 0xA6, 0x4E, 0x80, 0x04, 0x20, 0x7F, 0xC3, 0xF3, 0x78, 0x00, 0x00, 0x00, 0x00, 0xC2, 0x01, 0x66, 0xB8, 0x00, 0x00, 0x00, 0x29,
  0x7C, 0x7E, 0x1B, 0x78, 0x7C, 0x08, 0x02, 0xA6, 0x90, 0x01, 0x00, 0x04, 0x94, 0x21, 0xFF, 0x20, 0xBE, 0x81, 0x00, 0xB0, 0x83, 0xED, 0xAF, 0xC4,
  0x2C, 0x1F, 0x00, 0x00, 0x41, 0x82, 0x01, 0x10, 0x38, 0x60, 0x00, 0xD1, 0x98, 0x7F, 0x00, 0x00, 0x38, 0x7F, 0x00, 0x01, 0x7F, 0xC4, 0xF3, 0x78,
  0x3D, 0x80, 0x80, 0x32, 0x61, 0x8C, 0x5A, 0x50, 0x7D, 0x89, 0x03, 0xA6, 0x4E, 0x80, 0x04, 0x21, 0x7F, 0xC3, 0xF3, 0x78, 0x3D, 0x80, 0x80, 0x32,
  0x61, 0x8C, 0x5B, 0x04, 0x7D, 0x89, 0x03, 0xA6, 0x4E, 0x80, 0x04, 0x21, 0x38, 0x83, 0x00, 0x02, 0x7F, 0xE3, 0xFB, 0x78, 0x38, 0xA0, 0x00, 0x01,
  0x3D, 0x80, 0x80, 0x00, 0x61, 0x8C, 0x55, 0xF0, 0x7D, 0x89, 0x03, 0xA6, 0x4E, 0x80, 0x04, 0x21, 0x7F, 0xE3, 0xFB, 0x78, 0x38, 0x80, 0x00, 0x04,
  0x38, 0xA0, 0x00, 0x00, 0x3D, 0x80, 0x80, 0x00, 0x61, 0x8C, 0x55, 0xF0, 0x7D, 0x89, 0x03, 0xA6, 0x4E, 0x80, 0x04, 0x21, 0x83, 0xBF, 0x00, 0x00,
  0x2C, 0x1D, 0x00, 0x00, 0x40, 0x81, 0x00, 0x98, 0x93, 0xBC, 0x00, 0x00, 0x38, 0x60, 0x00, 0xD2, 0x98, 0x7F, 0x00, 0x00, 0x38, 0x7F, 0x00, 0x01,
  0x7F, 0xC4, 0xF3, 0x78, 0x3D, 0x80, 0x80, 0x32, 0x61, 0x8C, 0x5A, 0x50, 0x7D, 0x89, 0x03, 0xA6, 0x4E, 0x80, 0x04, 0x21, 0x7F, 0xC3, 0xF3, 0x78,
  0x3D, 0x80, 0x80, 0x32, 0x61, 0x8C, 0x5B, 0x04, 0x7D, 0x89, 0x03, 0xA6, 0x4E, 0x80, 0x04, 0x21, 0x38, 0x83, 0x00, 0x02, 0x7F, 0xE3, 0xFB, 0x78,
  0x38, 0xA0, 0x00, 0x01, 0x3D, 0x80, 0x80, 0x00, 0x61, 0x8C, 0x55, 0xF0, 0x7D, 0x89, 0x03, 0xA6, 0x4E, 0x80, 0x04, 0x21, 0x7F, 0x63, 0xDB, 0x78,
  0x7F, 0xA4, 0xEB, 0x78, 0x38, 0xA0, 0x00, 0x00, 0x3D, 0x80, 0x80, 0x00, 0x61, 0x8C, 0x55, 0xF0, 0x7D, 0x89, 0x03, 0xA6, 0x4E, 0x80, 0x04, 0x21,
  0xBA, 0x81, 0x00, 0xB0, 0x80, 0x01, 0x00, 0xE4, 0x38, 0x21, 0x00, 0xE0, 0x7C, 0x08, 0x03, 0xA6, 0x38, 0x60, 0x00, 0x01, 0x3D, 0x80, 0x80, 0x01,
  0x61, 0x8C, 0x67, 0x4C, 0x7D, 0x89, 0x03, 0xA6, 0x4E, 0x80, 0x04, 0x20, 0xBA, 0x81, 0x00, 0xB0, 0x80, 0x01, 0x00, 0xE4, 0x38, 0x21, 0x00, 0xE0,
  0x7C, 0x08, 0x03, 0xA6, 0x7F, 0xC3, 0xF3, 0x78, 0x60, 0x00, 0x00, 0x00, 0x00, 0x00, 0x00, 0x00, 0xC2, 0x0D, 0x4C, 0x1C, 0x00, 0x00, 0x00, 0x05,
  0x90, 0x1F, 0x23, 0x44, 0xC0, 0x1E, 0x00, 0x30, 0xD0, 0x1F, 0x23, 0x48, 0xC0, 0x1E, 0x00, 0x3C, 0xD0, 0x1F, 0x23, 0x4C, 0x38, 0x60, 0x00, 0x00,
  0x90, 0x7F, 0x00, 0x80, 0x90, 0x7F, 0x00, 0x84, 0x90, 0x7F, 0x00, 0x88, 0x00, 0x00, 0x00, 0x00, 0xC2, 0x0D, 0x4D, 0x68, 0x00, 0x00, 0x00, 0x0B,
  0xC0, 0x3E, 0x00, 0x34, 0xC0, 0x5E, 0x00, 0x38, 0xC0, 0x7F, 0x23, 0x48, 0xFC, 0x63, 0x08, 0x28, 0xFC, 0x40, 0x10, 0x50, 0xFC, 0x03, 0x10, 0x40,
  0x41, 0x81, 0x00, 0x08, 0xFC, 0x60, 0x10, 0x90, 0xD0, 0x7F, 0x23, 0x48, 0xC0, 0x3F, 0x23, 0x60, 0xC0, 0x5F, 0x23, 0x48, 0xEC, 0x21, 0x10, 0x2A,
  0xD0, 0x3F, 0x23, 0x60, 0xC0, 0x3F, 0x23, 0x4C, 0xC0, 0x5F, 0x23, 0x64, 0xEC, 0x21, 0x10, 0x2A, 0xD0, 0x3F, 0x23, 0x64, 0x3D, 0x80, 0x80, 0x0D,
  0x61, 0x8C, 0x4D, 0x84, 0x7D, 0x89, 0x03, 0xA6, 0x4E, 0x80, 0x04, 0x20, 0x00, 0x00, 0x00, 0x00, 0xC2, 0x08, 0x0E, 0x80, 0x00, 0x00, 0x00, 0x11,
  0x7C, 0x08, 0x02, 0xA6, 0x90, 0x01, 0x00, 0x04, 0x94, 0x21, 0xFF, 0x20, 0xBE, 0x81, 0x00, 0xB0, 0x3D, 0x80, 0x80, 0x03, 0x61, 0x8C, 0x10, 0xB8,
  0x7D, 0x89, 0x03, 0xA6, 0x4E, 0x80, 0x04, 0x21, 0x3D, 0x80, 0x80, 0x36, 0x61, 0x8C, 0x98, 0x08, 0x7D, 0x89, 0x03, 0xA6, 0x4E, 0x80, 0x04, 0x21,
  0x38, 0x9E, 0x23, 0x50, 0x38, 0xA1, 0x00, 0x80, 0x3D, 0x80, 0x80, 0x34, 0x61, 0x8C, 0x2A, 0xA8, 0x7D, 0x89, 0x03, 0xA6, 0x4E, 0x80, 0x04, 0x21,
  0x80, 0x61, 0x00, 0x80, 0x90, 0x7F, 0x00, 0x38, 0x80, 0x61, 0x00, 0x84, 0x90, 0x7F, 0x00, 0x3C, 0x80, 0x61, 0x00, 0x88, 0x90, 0x7F, 0x00, 0x40,
  0xBA, 0x81, 0x00, 0xB0, 0x80, 0x01, 0x00, 0xE4, 0x38, 0x21, 0x00, 0xE0, 0x7C, 0x08, 0x03, 0xA6, 0x3D, 0x80, 0x80, 0x08, 0x61, 0x8C, 0x0E, 0xE4,
  0x7D, 0x89, 0x03, 0xA6, 0x4E, 0x80, 0x04, 0x20, 0x60, 0x00, 0x00, 0x00, 0x00, 0x00, 0x00, 0x00, 0x04, 0x01, 0x92, 0x60, 0x48, 0x00, 0x00, 0x34,
  0xC2, 0x37, 0x63, 0x04, 0x00, 0x00, 0x00, 0x0B, 0x48, 0x00, 0x00, 0x31, 0x7C, 0x68, 0x02, 0xA6, 0x7C, 0x04, 0x03, 0x78, 0x4C, 0xC6, 0x31, 0x82,
  0x3D, 0x80, 0x80, 0x34, 0x61, 0x8C, 0x56, 0xA8, 0x7D, 0x89, 0x03, 0xA6, 0x4E, 0x80, 0x04, 0x21, 0x3D, 0x80, 0x80, 0x37, 0x61, 0x8C, 0x63, 0x84,
  0x7D, 0x89, 0x03, 0xA6, 0x4E, 0x80, 0x04, 0x20, 0x4E, 0x80, 0x00, 0x21, 0x58, 0x46, 0x42, 0x20, 0x53, 0x74, 0x61, 0x74, 0x75, 0x73, 0x20, 0x69,
  0x73, 0x20, 0x6E, 0x6F, 0x74, 0x20, 0x34, 0x2E, 0x20, 0x56, 0x61, 0x6C, 0x75, 0x65, 0x3A, 0x20, 0x25, 0x64, 0x0A, 0x00, 0x00, 0x00, 0x00, 0x00,
  0xC2, 0x3A, 0x63, 0xA8, 0x00, 0x00, 0x00, 0x0C, 0x7C, 0x08, 0x02, 0xA6, 0x90, 0x01, 0x00, 0x04, 0x94, 0x21, 0xFF, 0x20, 0xBE, 0x81, 0x00, 0xB0,
  0x7C, 0x9D, 0x23, 0x78, 0x7C, 0xDC, 0x33, 0x78, 0x88, 0x6D, 0xAF, 0xEC, 0x2C, 0x03, 0x00, 0x00, 0x41, 0x82, 0x00, 0x24, 0x7F, 0xA3, 0xEB, 0x78,
  0x7F, 0x84, 0xE3, 0x78, 0x3D, 0x80, 0x80, 0x00, 0x61, 0x8C, 0x56, 0xA4, 0x7D, 0x89, 0x03, 0xA6, 0x4E, 0x80, 0x04, 0x21, 0x7C, 0x7E, 0x1B, 0x78,
  0x93, 0xDF, 0x00, 0x5C, 0xBA, 0x81, 0x00, 0xB0, 0x80, 0x01, 0x00, 0xE4, 0x38, 0x21, 0x00, 0xE0, 0x7C, 0x08, 0x03, 0xA6, 0x38, 0x60, 0x00, 0x00,
  0x98, 0x6D, 0xAF, 0xEC, 0x00, 0x00, 0x00, 0x00, 0x04, 0x32, 0x1D, 0x70, 0x38, 0x60, 0x00, 0x00, 0xC2, 0x01, 0x96, 0x08, 0x00, 0x00, 0x00, 0x0F,
  0x94, 0x21, 0xFF, 0xF8, 0x3C, 0x60, 0x80, 0x48, 0x80, 0x63, 0x9D, 0x30, 0x54, 0x63, 0x44, 0x3E, 0x2C, 0x03, 0x02, 0x08, 0x40, 0x82, 0x00, 0x58,
  0x3C, 0x60, 0x80, 0x47, 0x60, 0x63, 0x9D, 0x64, 0x80, 0x63, 0x00, 0x00, 0x2C, 0x03, 0x00, 0x00, 0x40, 0x82, 0x00, 0x44, 0x80, 0xAD, 0xB6, 0x1C,
  0x38, 0x60, 0x00, 0x00, 0x98, 0x65, 0x00, 0x14, 0x3C, 0x60, 0x80, 0x37, 0x60, 0x63, 0x5E, 0x00, 0x7C, 0x00, 0x18, 0x00, 0x40, 0x82, 0x00, 0x28,
  0x88, 0x65, 0x00, 0xDF, 0x2C, 0x03, 0x00, 0x00, 0x41, 0x82, 0x00, 0x1C, 0x38, 0x60, 0x00, 0x01, 0x98, 0x65, 0x0A, 0xCD, 0x3D, 0x80, 0x80, 0x01,
  0x61, 0x8C, 0x96, 0x18, 0x7D, 0x89, 0x03, 0xA6, 0x4E, 0x80, 0x04, 0x20, 0x38, 0x60, 0x00, 0x00, 0x60, 0x00, 0x00, 0x00, 0x00, 0x00, 0x00, 0x00,
  0xC2, 0x21, 0xAA, 0xE4, 0x00, 0x00, 0x00, 0x06, 0x3C, 0x60, 0x80, 0x4D, 0x83, 0xE3, 0x5F, 0x90, 0x7F, 0xC3, 0xF3, 0x78, 0x3D, 0x80, 0x80, 0x21,
  0x61, 0x8C, 0xB2, 0xE8, 0x7D, 0x89, 0x03, 0xA6, 0x4E, 0x80, 0x04, 0x21, 0x3C, 0x60, 0x80, 0x4D, 0x93, 0xE3, 0x5F, 0x90, 0x83, 0xFE, 0x00, 0x2C,
  0x60, 0x00, 0x00, 0x00, 0x00, 0x00, 0x00, 0x00, 0xC2, 0x1D, 0x2D, 0x38, 0x00, 0x00, 0x00, 0x16, 0x48, 0x00, 0x00, 0x20, 0x4E, 0x80, 0x00, 0x21,
  0x10, 0x0C, 0xC0, 0xC0, 0xFF, 0x16, 0x40, 0x0F, 0x40, 0x35, 0x40, 0x32, 0x40, 0x3D, 0x40, 0x28, 0x40, 0x31, 0x17, 0x03, 0x11, 0x0D, 0x00, 0x00,
  0x7C, 0x08, 0x02, 0xA6, 0x90, 0x01, 0x00, 0x04, 0x94, 0x21, 0xFF, 0x20, 0xBE, 0x81, 0x00, 0xB0, 0x3C, 0x60, 0x80, 0x1D, 0x60, 0x63, 0x45, 0x7C,
  0x80, 0x83, 0x00, 0x00, 0x54, 0x85, 0x30, 0x2E, 0x38, 0x80, 0x00, 0x40, 0x7C, 0x85, 0x23, 0xD6, 0x7C, 0x63, 0x22, 0x14, 0x88, 0x63, 0x00, 0x08,
  0x2C, 0x03, 0x00, 0x00, 0x41, 0x82, 0x00, 0x40, 0x4B, 0xFF, 0xFF, 0xAD, 0x7E, 0x88, 0x02, 0xA6, 0x3C, 0xA0, 0x80, 0x4D, 0x60, 0xA5, 0x11, 0x24,
  0x38, 0x80, 0x00, 0x08, 0x80, 0xA5, 0x00, 0x04, 0x54, 0x80, 0x10, 0x3A, 0x7E, 0xC5, 0x00, 0x2E, 0x3A, 0xA0, 0x00, 0x00, 0x1C, 0x15, 0x00, 0x04,
  0x7C, 0x74, 0x00, 0x2E, 0x7C, 0x76, 0x01, 0x2E, 0x3A, 0xB5, 0x00, 0x01, 0x2C, 0x15, 0x00, 0x06, 0x41, 0x80, 0xFF, 0xEC, 0xBA, 0x81, 0x00, 0xB0,
  0x80, 0x01, 0x00, 0xE4, 0x38, 0x21, 0x00, 0xE0, 0x7C, 0x08, 0x03, 0xA6, 0x7F, 0xC3, 0xF3, 0x78, 0x60, 0x00, 0x00, 0x00, 0x00, 0x00, 0x00, 0x00,
  0xC2, 0x1C, 0x65, 0xC8, 0x00, 0x00, 0x00, 0x10, 0x7C, 0x7F, 0x1B, 0x79, 0x41, 0x82, 0x00, 0x68, 0x80, 0x9F, 0x00, 0x00, 0x3C, 0x04, 0x00, 0x01,
  0x28, 0x00, 0xFF, 0xFF, 0x41, 0x82, 0x00, 0x40, 0x80, 0x1F, 0x00, 0x00, 0x80, 0x7F, 0x00, 0x04, 0x7C, 0x03, 0x1B, 0x78, 0x80, 0x1F, 0x00, 0x08,
  0x7C, 0x03, 0x1B, 0x79, 0x41, 0x82, 0x00, 0x40, 0x80, 0x7F, 0x00, 0x08, 0x28, 0x03, 0x00, 0x01, 0x40, 0x82, 0x00, 0x1C, 0x38, 0x60, 0x00, 0x00,
  0x80, 0x9F, 0x00, 0x00, 0x3D, 0x80, 0x80, 0x01, 0x61, 0x8C, 0x5C, 0xA8, 0x7D, 0x89, 0x03, 0xA6, 0x4E, 0x80, 0x04, 0x21, 0x7F, 0xE3, 0xFB, 0x78,
  0x38, 0x80, 0x00, 0x0C, 0x3D, 0x80, 0x80, 0x00, 0x61, 0x8C, 0xC1, 0x60, 0x7D, 0x89, 0x03, 0xA6, 0x4E, 0x80, 0x04, 0x21, 0x3D, 0x80, 0x80, 0x1C,
  0x61, 0x8C, 0x66, 0x0C, 0x7D, 0x89, 0x03, 0xA6, 0x4E, 0x80, 0x04, 0x20, 0x00, 0x00, 0x00, 0x00, 0xC2, 0x1D, 0x47, 0x60, 0x00, 0x00, 0x00, 0x0A,
  0x38, 0x60, 0x00, 0x02, 0x3D, 0x80, 0x80, 0x1C, 0x61, 0x8C, 0x2B, 0xA4, 0x7D, 0x89, 0x03, 0xA6, 0x4E, 0x80, 0x04, 0x21, 0x80, 0x63, 0x00, 0x2C,
  0x80, 0x63, 0x00, 0x14, 0x3D, 0x80, 0x80, 0x1C, 0x61, 0x8C, 0x63, 0x30, 0x7D, 0x89, 0x03, 0xA6, 0x4E, 0x80, 0x04, 0x21, 0x80, 0x63, 0x00, 0x00,
  0x2C, 0x03, 0x00, 0x00, 0x41, 0x82, 0x00, 0x14, 0x80, 0x63, 0x00, 0x00, 0x2C, 0x03, 0x00, 0x00, 0x41, 0x82, 0x00, 0x08, 0x38, 0x60, 0x00, 0x01,
  0x60, 0x00, 0x00, 0x00, 0x00, 0x00, 0x00, 0x00, 0xC2, 0x1D, 0x45, 0x7C, 0x00, 0x00, 0x00, 0x07, 0x48, 0x00, 0x00, 0x0C, 0x4E, 0x80, 0x00, 0x21,
  0x00, 0x00, 0x00, 0x00, 0x3D, 0x80, 0x80, 0x18, 0x61, 0x8C, 0x84, 0x1C, 0x7D, 0x89, 0x03, 0xA6, 0x4E, 0x80, 0x04, 0x21, 0x2C, 0x03, 0x00, 0x00,
  0x40, 0x82, 0x00, 0x10, 0x4B, 0xFF, 0xFF, 0xE1, 0x7C, 0x68, 0x02, 0xA6, 0x88, 0x63, 0x00, 0x00, 0x60, 0x00, 0x00, 0x00, 0x00, 0x00, 0x00, 0x00,
  0xC2, 0x01, 0x65, 0xAC, 0x00, 0x00, 0x00, 0x24, 0x7C, 0x08, 0x02, 0xA6, 0x90, 0x01, 0x00, 0x04, 0x94, 0x21, 0xFF, 0x20, 0xBE, 0x81, 0x00, 0xB0,
  0x7C, 0x7B, 0x1B, 0x78, 0x38, 0x60, 0x00, 0x02, 0x3D, 0x80, 0x80, 0x1C, 0x61, 0x8C, 0x2B, 0xA4, 0x7D, 0x89, 0x03, 0xA6, 0x4E, 0x80, 0x04, 0x21,
  0x83, 0x83, 0x00, 0x2C, 0x7F, 0x63, 0xDB, 0x78, 0x3D, 0x80, 0x80, 0x01, 0x61, 0x8C, 0x63, 0xD8, 0x7D, 0x89, 0x03, 0xA6, 0x4E, 0x80, 0x04, 0x21,
  0x90, 0x7C, 0x00, 0xC8, 0x7F, 0x63, 0xDB, 0x78, 0x80, 0x9C, 0x00, 0xCC, 0x38, 0xBC, 0x00, 0xC8, 0x3D, 0x80, 0x80, 0x01, 0x61, 0x8C, 0x66, 0x8C,
  0x7D, 0x89, 0x03, 0xA6, 0x4E, 0x80, 0x04, 0x21, 0x38, 0x60, 0x00, 0x00, 0x38, 0x80, 0x00, 0x44, 0x3D, 0x80, 0x80, 0x01, 0x61, 0x8C, 0x5B, 0xD0,
  0x7D, 0x89, 0x03, 0xA6, 0x4E, 0x80, 0x04, 0x21, 0x7C, 0x7D, 0x1B, 0x78, 0x7F, 0xA3, 0xEB, 0x78, 0x80, 0x9C, 0x00, 0xCC, 0x80, 0xBC, 0x00, 0xC8,
  0x3D, 0x80, 0x80, 0x01, 0x61, 0x8C, 0x6A, 0x54, 0x7D, 0x89, 0x03, 0xA6, 0x4E, 0x80, 0x04, 0x21, 0x7F, 0xA3, 0xEB, 0x78, 0x3C, 0x80, 0x80, 0x3E,
  0x60, 0x84, 0x07, 0x68, 0x3D, 0x80, 0x80, 0x38, 0x61, 0x8C, 0x03, 0x58, 0x7D, 0x89, 0x03, 0xA6, 0x4E, 0x80, 0x04, 0x21, 0x7C, 0x7F, 0x1B, 0x78,
  0x3D, 0x80, 0x80, 0x1C, 0x61, 0x8C, 0x62, 0xB4, 0x7D, 0x89, 0x03, 0xA6, 0x4E, 0x80, 0x04, 0x21, 0x7C, 0x7E, 0x1B, 0x78, 0x93, 0xBE, 0x00, 0x00,
  0x93, 0xFE, 0x00, 0x04, 0x38, 0x60, 0x00, 0x01, 0x90, 0x7E, 0x00, 0x08, 0x38, 0x7E, 0x00, 0x00, 0x90, 0x7C, 0x00, 0xD0, 0x38, 0x7E, 0x00, 0x04,
  0x3D, 0x80, 0x80, 0x1C, 0x61, 0x8C, 0x62, 0x28, 0x7D, 0x89, 0x03, 0xA6, 0x4E, 0x80, 0x04, 0x21, 0xBA, 0x81, 0x00, 0xB0, 0x80, 0x01, 0x00, 0xE4,
  0x38, 0x21, 0x00, 0xE0, 0x7C, 0x08, 0x03, 0xA6, 0x3D, 0x80, 0x80, 0x01, 0x61, 0x8C, 0x66, 0x78, 0x7D, 0x89, 0x03, 0xA6, 0x4E, 0x80, 0x04, 0x20,
  0x60, 0x00, 0x00, 0x00, 0x00, 0x00, 0x00, 0x00, 0xC2, 0x38, 0xE9, 0x10, 0x00, 0x00, 0x00, 0x1A, 0x7C, 0x08, 0x02, 0xA6, 0x90, 0x01, 0x00, 0x04,
  0x94, 0x21, 0xFF, 0x54, 0xBE, 0x81, 0x00, 0x7C, 0x7C, 0x7E, 0x1B, 0x78, 0x3D, 0x80, 0x80, 0x34, 0x61, 0x8C, 0x73, 0x64, 0x7D, 0x89, 0x03, 0xA6,
  0x4E, 0x80, 0x04, 0x21, 0x7C, 0x7D, 0x1B, 0x78, 0x7F, 0xC3, 0xF3, 0x78, 0x38, 0x81, 0x00, 0x08, 0x3D, 0x80, 0x80, 0x33, 0x61, 0x8C, 0x7C, 0x60,
  0x7D, 0x89, 0x03, 0xA6, 0x4E, 0x80, 0x04, 0x21, 0x2C, 0x03, 0x00, 0x00, 0x41, 0x82, 0x00, 0x44, 0x3B, 0xE1, 0x00, 0x48, 0x3B, 0xFF, 0x00, 0x1F,
  0x57, 0xFF, 0x00, 0x34, 0x38, 0x60, 0x00, 0xD6, 0x98, 0x7F, 0x00, 0x00, 0x80, 0x61, 0x00, 0x38, 0x90, 0x7F, 0x00, 0x01, 0x80, 0x61, 0x00, 0x3C,
  0x90, 0x7F, 0x00, 0x05, 0x7F, 0xE3, 0xFB, 0x78, 0x38, 0x80, 0x00, 0x09, 0x38, 0xA0, 0x00, 0x01, 0x3D, 0x80, 0x80, 0x00, 0x61, 0x8C, 0x55, 0xF0,
  0x7D, 0x89, 0x03, 0xA6, 0x4E, 0x80, 0x04, 0x21, 0x38, 0x61, 0x00, 0x08, 0x3D, 0x80, 0x80, 0x33, 0x61, 0x8C, 0x7C, 0xD4, 0x7D, 0x89, 0x03, 0xA6,
  0x4E, 0x80, 0x04, 0x21, 0x7F, 0xA3, 0xEB, 0x78, 0x3D, 0x80, 0x80, 0x34, 0x61, 0x8C, 0x73, 0x8C, 0x7D, 0x89, 0x03, 0xA6, 0x4E, 0x80, 0x04, 0x21,
  0x7F, 0xC3, 0xF3, 0x78, 0xBA, 0x81, 0x00, 0x7C, 0x80, 0x01, 0x00, 0xB0, 0x38, 0x21, 0x00, 0xAC, 0x7C, 0x08, 0x03, 0xA6, 0x80, 0x0D, 0xA9, 0x98,
  0x60, 0x00, 0x00, 0x00, 0x00, 0x00, 0x00, 0x00, 0xC2, 0x02, 0x36, 0xEC, 0x00, 0x00, 0x00, 0x0B, 0x7C, 0x08, 0x02, 0xA6, 0x90, 0x01, 0x00, 0x04,
  0x94, 0x21, 0xFF, 0x9C, 0xBE, 0x81, 0x00, 0x34, 0x3B, 0xE1, 0x00, 0x08, 0x3B, 0xFF, 0x00, 0x1F, 0x57, 0xFF, 0x00, 0x34, 0x38, 0x60, 0x00, 0xD7,
  0x98, 0x7F, 0x00, 0x00, 0x7F, 0xE3, 0xFB, 0x78, 0x38, 0x80, 0x00, 0x01, 0x38, 0xA0, 0x00, 0x01, 0x3D, 0x80, 0x80, 0x00, 0x61, 0x8C, 0x55, 0xF0,
  0x7D, 0x89, 0x03, 0xA6, 0x4E, 0x80, 0x04, 0x21, 0xBA, 0x81, 0x00, 0x34, 0x80, 0x01, 0x00, 0x68, 0x38, 0x21, 0x00, 0x64, 0x7C, 0x08, 0x03, 0xA6,
  0x38, 0x00, 0x00, 0x00, 0x00, 0x00, 0x00, 0x00, 0xC2, 0x02, 0x49, 0xF0, 0x00, 0x00, 0x00, 0x11, 0x48, 0x00, 0x00, 0x0C, 0x4E, 0x80, 0x00, 0x21,
  0x00, 0x00, 0x00, 0x00, 0x90, 0x0D, 0x81, 0xE8, 0x7C, 0x08, 0x02, 0xA6, 0x90, 0x01, 0x00, 0x04, 0x94, 0x21, 0xFF, 0x9C, 0xBE, 0x81, 0x00, 0x34,
  0x4B, 0xFF, 0xFF, 0xE5, 0x7F, 0xC8, 0x02, 0xA6, 0x80, 0x8D, 0x81, 0xE8, 0x80, 0x7E, 0x00, 0x00, 0x7C, 0x03, 0x20, 0x00, 0x41, 0x82, 0x00, 0x3C,
  0x90, 0x9E, 0x00, 0x00, 0x3B, 0xE1, 0x00, 0x08, 0x3B, 0xFF, 0x00, 0x1F, 0x57, 0xFF, 0x00, 0x34, 0x38, 0x60, 0x00, 0xD8, 0x98, 0x7F, 0x00, 0x00,
  0x98, 0x9F, 0x00, 0x01, 0x7F, 0xE3, 0xFB, 0x78, 0x38, 0x80, 0x00, 0x02, 0x38, 0xA0, 0x00, 0x01, 0x3D, 0x80, 0x80, 0x00, 0x61, 0x8C, 0x55, 0xF0,
  0x7D, 0x89, 0x03, 0xA6, 0x4E, 0x80, 0x04, 0x21, 0xBA, 0x81, 0x00, 0x34, 0x80, 0x01, 0x00, 0x68, 0x38, 0x21, 0x00, 0x64, 0x7C, 0x08, 0x03, 0xA6,
  0x60, 0x00, 0x00, 0x00, 0x00, 0x00, 0x00, 0x00, 0x04, 0x02, 0x3F, 0xFC, 0x38, 0x80, 0x00, 0x00, 0x04, 0x38, 0xAD, 0xD0, 0x4E, 0x80, 0x00, 0x20,
  0xC2, 0x38, 0xD2, 0x24, 0x00, 0x00, 0x00, 0x1A, 0x90, 0x0D, 0xC0, 0xE8, 0x3C, 0x60, 0x80, 0x48, 0x80, 0x63, 0x9D, 0x30, 0x54, 0x63, 0x44, 0x3E,
  0x2C, 0x03, 0x02, 0x08, 0x40, 0x82, 0x00, 0xB4, 0x3C, 0x60, 0x80, 0x47, 0x60, 0x63, 0x9D, 0x64, 0x80, 0x63, 0x00, 0x00, 0x2C, 0x03, 0x00, 0x00,
  0x40, 0x82, 0x00, 0xA0, 0x3C, 0x60, 0x00, 0x08, 0x60, 0x63, 0x3D, 0x60, 0x7C, 0x17, 0x18, 0x00, 0x41, 0x82, 0x00, 0x90, 0x7C, 0x08, 0x02, 0xA6,
  0x90, 0x01, 0x00, 0x04, 0x94, 0x21, 0xFF, 0x20, 0xBE, 0x81, 0x00, 0xB0, 0x83, 0xED, 0xB6, 0x1C, 0x3B, 0xDF, 0x03, 0xA8, 0x8B, 0x9E, 0x00, 0x00,
  0x3C, 0x60, 0x80, 0x48, 0x80, 0x63, 0x9D, 0x60, 0x80, 0x9F, 0x0A, 0xB7, 0x7C, 0x03, 0x20, 0x00, 0x41, 0x81, 0x00, 0x28, 0x3C, 0x60, 0x80, 0x48,
  0x80, 0x63, 0x9D, 0x60, 0x80, 0x9F, 0x0A, 0xB7, 0x7C, 0x63, 0x20, 0x50, 0x38, 0x63, 0x00, 0x01, 0x8B, 0x9E, 0x00, 0x00, 0x7F, 0x83, 0xE0, 0x51,
  0x40, 0x80, 0x00, 0x08, 0x3B, 0x9C, 0x00, 0x07, 0x1C, 0x7C, 0x01, 0x02, 0x38, 0xDE, 0x00, 0x01, 0x7C, 0xC6, 0x1A, 0x14, 0x88, 0x66, 0x00, 0x00,
  0x38, 0x63, 0xFF, 0xFF, 0x1C, 0x63, 0x00, 0x08, 0x38, 0xA6, 0x00, 0x01, 0x7C, 0xA5, 0x1A, 0x14, 0x80, 0x7D, 0x00, 0x0C, 0x90, 0x65, 0x00, 0x04,
  0xBA, 0x81, 0x00, 0xB0, 0x80, 0x01, 0x00, 0xE4, 0x38, 0x21, 0x00, 0xE0, 0x7C, 0x08, 0x03, 0xA6, 0x60, 0x00, 0x00, 0x00, 0x00, 0x00, 0x00, 0x00,
  0xC2, 0x08, 0x82, 0x24, 0x00, 0x00, 0x00, 0x1C, 0x3C, 0x60, 0x80, 0x48, 0x80, 0x63, 0x9D, 0x30, 0x54, 0x63, 0x44, 0x3E, 0x2C, 0x03, 0x02, 0x08,
  0x40, 0x82, 0x00, 0xC8, 0x7C, 0x08, 0x02, 0xA6, 0x90, 0x01, 0x00, 0x04, 0x94, 0x21, 0xFF, 0x20, 0xBE, 0x81, 0x00, 0xB0, 0x83, 0xED, 0xB6, 0x1C,
  0x3B, 0xBF, 0x03, 0xA8, 0x8B, 0x9D, 0x00, 0x00, 0x3C, 0x60, 0x80, 0x48, 0x80, 0x63, 0x9D, 0x60, 0x80, 0x9F, 0x0A, 0xB7, 0x7C, 0x03, 0x20, 0x00,
  0x41, 0x81, 0x00, 0x88, 0x3C, 0x60, 0x80, 0x48, 0x80, 0x63, 0x9D, 0x60, 0x80, 0x9F, 0x0A, 0xB7, 0x7C, 0x63, 0x20, 0x50, 0x38, 0x63, 0x00, 0x01,
  0x8B, 0x9D, 0x00, 0x00, 0x7F, 0x83, 0xE0, 0x51, 0x40, 0x80, 0x00, 0x08, 0x3B, 0x9C, 0x00, 0x07, 0x1C, 0x7C, 0x01, 0x02, 0x38, 0xDD, 0x00, 0x82,
  0x7C, 0xC6, 0x1A, 0x14, 0x39, 0x00, 0x00, 0x00, 0x48, 0x00, 0x00, 0x20, 0x1C, 0x68, 0x00, 0x08, 0x38, 0xA6, 0x00, 0x01, 0x7C, 0xA5, 0x1A, 0x14,
  0x80, 0x65, 0x00, 0x00, 0x7C, 0x1E, 0x18, 0x00, 0x41, 0x82, 0x00, 0x18, 0x39, 0x08, 0x00, 0x01, 0x88, 0x66, 0x00, 0x00, 0x7C, 0x08, 0x18, 0x00,
  0x41, 0x80, 0xFF, 0xDC, 0x48, 0x00, 0x00, 0x24, 0xBA, 0x81, 0x00, 0xB0, 0x80, 0x01, 0x00, 0xE4, 0x38, 0x21, 0x00, 0xE0, 0x7C, 0x08, 0x03, 0xA6,
  0x3D, 0x80, 0x80, 0x08, 0x61, 0x8C, 0x82, 0x44, 0x7D, 0x89, 0x03, 0xA6, 0x4E, 0x80, 0x04, 0x20, 0xBA, 0x81, 0x00, 0xB0, 0x80, 0x01, 0x00, 0xE4,
  0x38, 0x21, 0x00, 0xE0, 0x7C, 0x08, 0x03, 0xA6, 0x38, 0x7F, 0x00, 0x00, 0x00, 0x00, 0x00, 0x00, 0xC2, 0x08, 0x82, 0xB0, 0x00, 0x00, 0x00, 0x1C,
  0x3C, 0x60, 0x80, 0x48, 0x80, 0x63, 0x9D, 0x30, 0x54, 0x63, 0x44, 0x3E, 0x2C, 0x03, 0x02, 0x08, 0x40, 0x82, 0x00, 0xC8, 0x7C, 0x08, 0x02, 0xA6,
  0x90, 0x01, 0x00, 0x04, 0x94, 0x21, 0xFF, 0x20, 0xBE, 0x81, 0x00, 0xB0, 0x83, 0xED, 0xB6, 0x1C, 0x3B, 0xBF, 0x03, 0xA8, 0x8B, 0x9D, 0x00, 0x00,
  0x3C, 0x60, 0x80, 0x48, 0x80, 0x63, 0x9D, 0x60, 0x80, 0x9F, 0x0A, 0xB7, 0x7C, 0x03, 0x20, 0x00, 0x41, 0x81, 0x00, 0x88, 0x3C, 0x60, 0x80, 0x48,
  0x80, 0x63, 0x9D, 0x60, 0x80, 0x9F, 0x0A, 0xB7, 0x7C, 0x63, 0x20, 0x50, 0x38, 0x63, 0x00, 0x01, 0x8B, 0x9D, 0x00, 0x00, 0x7F, 0x83, 0xE0, 0x51,
  0x40, 0x80, 0x00, 0x08, 0x3B, 0x9C, 0x00, 0x07, 0x1C, 0x7C, 0x01, 0x02, 0x38, 0xDD, 0x00, 0x82, 0x7C, 0xC6, 0x1A, 0x14, 0x39, 0x00, 0x00, 0x00,
  0x48, 0x00, 0x00, 0x20, 0x1C, 0x68, 0x00, 0x08, 0x38, 0xA6, 0x00, 0x01, 0x7C, 0xA5, 0x1A, 0x14, 0x80, 0x65, 0x00, 0x00, 0x7C, 0x1E, 0x18, 0x00,
  0x41, 0x82, 0x00, 0x18, 0x39, 0x08, 0x00, 0x01, 0x88, 0x66, 0x00, 0x00, 0x7C, 0x08, 0x18, 0x00, 0x41, 0x80, 0xFF, 0xDC, 0x48, 0x00, 0x00, 0x24,
  0xBA, 0x81, 0x00, 0xB0, 0x80, 0x01, 0x00, 0xE4, 0x38, 0x21, 0x00, 0xE0, 0x7C, 0x08, 0x03, 0xA6, 0x3D, 0x80, 0x80, 0x08, 0x61, 0x8C, 0x82, 0xD0,
  0x7D, 0x89, 0x03, 0xA6, 0x4E, 0x80, 0x04, 0x20, 0xBA, 0x81, 0x00, 0xB0, 0x80, 0x01, 0x00, 0xE4, 0x38, 0x21, 0x00, 0xE0, 0x7C, 0x08, 0x03, 0xA6,
  0x38, 0x7F, 0x00, 0x00, 0x00, 0x00, 0x00, 0x00, 0xC2, 0x38, 0xD0, 0xB0, 0x00, 0x00, 0x00, 0x2C, 0x3C, 0x60, 0x80, 0x48, 0x80, 0x63, 0x9D, 0x30,
  0x54, 0x63, 0x44, 0x3E, 0x2C, 0x03, 0x02, 0x08, 0x40, 0x82, 0x01, 0x44, 0x3C, 0x60, 0x80, 0x47, 0x60, 0x63, 0x9D, 0x64, 0x80, 0x63, 0x00, 0x00,
  0x2C, 0x03, 0x00, 0x00, 0x40, 0x82, 0x01, 0x30, 0x3C, 0x60, 0x00, 0x08, 0x60, 0x63, 0x3D, 0x60, 0x7C, 0x17, 0x18, 0x00, 0x41, 0x82, 0x01, 0x20,
  0x7C, 0x08, 0x02, 0xA6, 0x90, 0x01, 0x00, 0x04, 0x94, 0x21, 0xFF, 0x20, 0xBE, 0x81, 0x00, 0xB0, 0x83, 0xED, 0xB6, 0x1C, 0x3B, 0xDF, 0x03, 0xA8,
  0x3B, 0xA0, 0x00, 0x00, 0x3B, 0x40, 0x00, 0x00, 0x7E, 0xFB, 0xBB, 0x78, 0x8B, 0x9E, 0x00, 0x00, 0x3C, 0x60, 0x80, 0x48, 0x80, 0x63, 0x9D, 0x60,
  0x80, 0x9F, 0x0A, 0xB7, 0x7C, 0x03, 0x20, 0x00, 0x41, 0x81, 0x00, 0x70, 0x3C, 0x60, 0x80, 0x48, 0x80, 0x63, 0x9D, 0x60, 0x80, 0x9F, 0x0A, 0xB7,
  0x7C, 0x63, 0x20, 0x50, 0x38, 0x63, 0x00, 0x01, 0x8B, 0x9E, 0x00, 0x00, 0x7F, 0x83, 0xE0, 0x51, 0x40, 0x80, 0x00, 0x08, 0x3B, 0x9C, 0x00, 0x07,
  0x1C, 0x7C, 0x01, 0x02, 0x38, 0xDE, 0x00, 0x82, 0x7C, 0xC6, 0x1A, 0x14, 0x39, 0x00, 0x00, 0x00, 0x48, 0x00, 0x00, 0x20, 0x1C, 0x68, 0x00, 0x08,
  0x38, 0xA6, 0x00, 0x01, 0x7C, 0xA5, 0x1A, 0x14, 0x80, 0x65, 0x00, 0x00, 0x7C, 0x1B, 0x18, 0x00, 0x41, 0x82, 0x00, 0x18, 0x39, 0x08, 0x00, 0x01,
  0x88, 0x66, 0x00, 0x00, 0x7C, 0x08, 0x18, 0x00, 0x41, 0x80, 0xFF, 0xDC, 0x48, 0x00, 0x00, 0x0C, 0x83, 0x45, 0x00, 0x04, 0x3B, 0xA0, 0x00, 0x01,
  0x1C, 0x7C, 0x01, 0x02, 0x38, 0xDE, 0x00, 0x01, 0x7C, 0xC6, 0x1A, 0x14, 0x88, 0x66, 0x00, 0x00, 0x2C, 0x03, 0x00, 0x10, 0x40, 0x80, 0x00, 0x24,
  0x1C, 0x63, 0x00, 0x08, 0x38, 0xA6, 0x00, 0x01, 0x7C, 0xA5, 0x1A, 0x14, 0x93, 0x65, 0x00, 0x00, 0x93, 0x45, 0x00, 0x04, 0x88, 0x66, 0x00, 0x00,
  0x38, 0x63, 0x00, 0x01, 0x98, 0x66, 0x00, 0x00, 0x2C, 0x1D, 0x00, 0x00, 0x41, 0x82, 0x00, 0x28, 0x7F, 0x43, 0xD3, 0x78, 0xBA, 0x81, 0x00, 0xB0,
  0x80, 0x01, 0x00, 0xE4, 0x38, 0x21, 0x00, 0xE0, 0x7C, 0x08, 0x03, 0xA6, 0x3D, 0x80, 0x80, 0x38, 0x61, 0x8C, 0xD2, 0xA0, 0x7D, 0x89, 0x03, 0xA6,
  0x4E, 0x80, 0x04, 0x20, 0xBA, 0x81, 0x00, 0xB0, 0x80, 0x01, 0x00, 0xE4, 0x38, 0x21, 0x00, 0xE0, 0x7C, 0x08, 0x03, 0xA6, 0x2C, 0x1A, 0x00, 0x00,
  0x60, 0x00, 0x00, 0x00, 0x00, 0x00, 0x00, 0x00, 0xC2, 0x16, 0xBE, 0x28, 0x00, 0x00, 0x00, 0x0A, 0x2C, 0x03, 0x00, 0x00, 0x41, 0x82, 0x00, 0x40,
  0x3C, 0x80, 0x80, 0x48, 0x80, 0x84, 0x9D, 0x30, 0x54, 0x84, 0x44, 0x3E, 0x2C, 0x04, 0x02, 0x08, 0x40, 0x82, 0x00, 0x2C, 0x88, 0x8D, 0xAF, 0xA0,
  0x2C, 0x04, 0x00, 0x03, 0x40, 0x82, 0x00, 0x20, 0x80, 0x8D, 0xB6, 0x1C, 0x88, 0x84, 0x00, 0x10, 0x2C, 0x04, 0x00, 0x01, 0x41, 0x82, 0x00, 0x08,
  0x48, 0x00, 0x00, 0x0C, 0x38, 0x60, 0x00, 0x00, 0x48, 0x00, 0x00, 0x04, 0x2C, 0x03, 0x00, 0x00, 0x60, 0x00, 0x00, 0x00, 0x00, 0x00, 0x00, 0x00,
  0xC2, 0x08, 0x65, 0x3C, 0x00, 0x00, 0x00, 0x06, 0x81, 0x9D, 0x00, 0x2C, 0x80, 0x6C, 0x00, 0x10, 0x2C, 0x03, 0x00, 0x0B, 0x41, 0x81, 0x00, 0x18,
  0x38, 0x00, 0x00, 0x00, 0x3D, 0x80, 0x80, 0x08, 0x61, 0x8C, 0x65, 0x5C, 0x7D, 0x89, 0x03, 0xA6, 0x4E, 0x80, 0x04, 0x20, 0xC0, 0x21, 0x00, 0x20,
  0x60, 0x00, 0x00, 0x00, 0x00, 0x00, 0x00, 0x00, 0xC2, 0x26, 0x6B, 0xC4, 0x00, 0x00, 0x00, 0x06, 0x3C, 0x60, 0x80, 0x48, 0x80, 0x63, 0x9D, 0x30,
  0x54, 0x63, 0x44, 0x3E, 0x2C, 0x03, 0x00, 0x08, 0x40, 0x82, 0x00, 0x14, 0x3D, 0x80, 0x80, 0x26, 0x61, 0x8C, 0x6B, 0xF4, 0x7D, 0x89, 0x03, 0xA6,
  0x4E, 0x80, 0x04, 0x20, 0x38, 0x60, 0x00, 0x00, 0x60, 0x00, 0x00, 0x00, 0x00, 0x00, 0x00, 0x00, 0xC2, 0x26, 0x1E, 0x5C, 0x00, 0x00, 0x00, 0x06,
  0x3C, 0x60, 0x80, 0x48, 0x80, 0x63, 0x9D, 0x30, 0x54, 0x63, 0x44, 0x3E, 0x2C, 0x03, 0x00, 0x08, 0x40, 0x82, 0x00, 0x14, 0x3D, 0x80, 0x80, 0x26,
  0x61, 0x8C, 0x1F, 0x38, 0x7D, 0x89, 0x03, 0xA6, 0x4E, 0x80, 0x04, 0x20, 0xC0, 0x21, 0x00, 0x88, 0x60, 0x00, 0x00, 0x00, 0x00, 0x00, 0x00, 0x00,
  0xC2, 0x26, 0x03, 0x10, 0x00, 0x00, 0x00, 0x08, 0x3C, 0x60, 0x80, 0x48, 0x80, 0x63, 0x9D, 0x30, 0x54, 0x63, 0x44, 0x3E, 0x2C, 0x03, 0x00, 0x08,
  0x40, 0x82, 0x00, 0x24, 0x3C, 0x60, 0x80, 0x00, 0x60, 0x63, 0x56, 0x14, 0x80, 0x63, 0x00, 0x00, 0x80, 0x63, 0x00, 0x00, 0x3D, 0x80, 0x80, 0x00,
  0x61, 0x8C, 0x56, 0x10, 0x7D, 0x89, 0x03, 0xA6, 0x4E, 0x80, 0x04, 0x21, 0x38, 0x00, 0x00, 0x00, 0x60, 0x00, 0x00, 0x00, 0x00, 0x00, 0x00, 0x00,
  0xC2, 0x26, 0x32, 0x58, 0x00, 0x00, 0x00, 0xC7, 0x41, 0xA2, 0x00, 0x14, 0x3D, 0x80, 0x80, 0x26, 0x61, 0x8C, 0x33, 0x34, 0x7D, 0x89, 0x03, 0xA6,
  0x4E, 0x80, 0x04, 0x20, 0x7C, 0x08, 0x02, 0xA6, 0x90, 0x01, 0x00, 0x04, 0x94, 0x21, 0xFF, 0x20, 0xBE, 0x81, 0x00, 0xB0, 0x3C, 0x60, 0x80, 0x48,
  0x80, 0x63, 0x9D, 0x30, 0x54, 0x63, 0x44, 0x3E, 0x2C, 0x03, 0x00, 0x08, 0x40, 0x82, 0x05, 0xEC, 0x7C, 0xFB, 0x3B, 0x78, 0x3F, 0x00, 0x80, 0x00,
  0x63, 0x18, 0x56, 0x14, 0x83, 0x18, 0x00, 0x00, 0x83, 0x58, 0x00, 0x00, 0x3B, 0x80, 0x00, 0x00, 0x88, 0x78, 0x00, 0x11, 0x88, 0x9A, 0x00, 0x01,
  0x98, 0x98, 0x00, 0x11, 0x2C, 0x03, 0x00, 0x01, 0x40, 0x82, 0x00, 0x10, 0x2C, 0x04, 0x00, 0x00, 0x40, 0x82, 0x00, 0x08, 0x48, 0x00, 0x00, 0x3C,
  0x88, 0x78, 0x00, 0x12, 0x88, 0x9A, 0x00, 0x00, 0x98, 0x98, 0x00, 0x12, 0x2C, 0x03, 0x00, 0x05, 0x41, 0x82, 0x00, 0x10, 0x2C, 0x04, 0x00, 0x05,
  0x40, 0x82, 0x00, 0x08, 0x48, 0x00, 0x00, 0x24, 0x2C, 0x03, 0x00, 0x04, 0x40, 0x82, 0x00, 0x10, 0x2C, 0x04, 0x00, 0x04, 0x41, 0x82, 0x00, 0x08,
  0x48, 0x00, 0x00, 0x08, 0x48, 0x00, 0x00, 0x20, 0x38, 0x60, 0x00, 0x00, 0x48, 0x00, 0x00, 0x08, 0x38, 0x60, 0x00, 0x03, 0x3D, 0x80, 0x80, 0x02,
  0x61, 0x8C, 0x40, 0x30, 0x7D, 0x89, 0x03, 0xA6, 0x4E, 0x80, 0x04, 0x21, 0x88, 0x7A, 0x00, 0x00, 0x2C, 0x03, 0x00, 0x00, 0x40, 0x81, 0x00, 0x20,
  0x2C, 0x03, 0x00, 0x03, 0x40, 0x81, 0x00, 0x9C, 0x2C, 0x03, 0x00, 0x04, 0x41, 0x82, 0x00, 0xA0, 0x2C, 0x03, 0x00, 0x05, 0x41, 0x82, 0x02, 0x14,
  0x48, 0x00, 0x05, 0x18, 0x88, 0x78, 0x00, 0x14, 0x2C, 0x03, 0x00, 0x00, 0x40, 0x82, 0x05, 0x0C, 0x57, 0x60, 0x04, 0xE7, 0x41, 0x82, 0x05, 0x04,
  0x3C, 0x60, 0x80, 0x48, 0x80, 0x63, 0x9D, 0x60, 0x2C, 0x03, 0x00, 0x00, 0x41, 0x82, 0x04, 0xF4, 0x38, 0x60, 0xFF, 0xFF, 0x98, 0x6D, 0xAF, 0xC9,
  0x38, 0x60, 0x00, 0x00, 0x98, 0x6D, 0xAF, 0xCA, 0x88, 0x6D, 0xB6, 0x57, 0x2C, 0x03, 0x00, 0x00, 0x41, 0x82, 0x04, 0xD8, 0x88, 0x6D, 0xAF, 0xA0,
  0x2C, 0x03, 0x00, 0x00, 0x41, 0x82, 0x00, 0x28, 0x2C, 0x03, 0x00, 0x01, 0x41, 0x82, 0x00, 0x20, 0x2C, 0x03, 0x00, 0x04, 0x41, 0x82, 0x00, 0x18,
  0x2C, 0x03, 0x00, 0x02, 0x41, 0x82, 0x00, 0x1C, 0x2C, 0x03, 0x00, 0x03, 0x41, 0x82, 0x00, 0x14, 0x48, 0x00, 0x00, 0x00, 0x38, 0x60, 0xFF, 0xFE,
  0x48, 0x00, 0x03, 0xB5, 0x48, 0x00, 0x04, 0x9C, 0x48, 0x00, 0x03, 0xDD, 0x48, 0x00, 0x04, 0x94, 0x57, 0x60, 0x06, 0xF7, 0x40, 0x82, 0x04, 0x19,
  0x48, 0x00, 0x04, 0x88, 0x88, 0x6D, 0xB6, 0x50, 0x3D, 0x80, 0x80, 0x1A, 0x61, 0x8C, 0x36, 0x80, 0x7D, 0x89, 0x03, 0xA6, 0x4E, 0x80, 0x04, 0x21,
  0x54, 0x80, 0x06, 0xF7, 0x41, 0x82, 0x00, 0x24, 0x88, 0x78, 0x00, 0x13, 0x38, 0x63, 0x00, 0x01, 0x98, 0x78, 0x00, 0x13, 0x2C, 0x03, 0x00, 0x30,
  0x40, 0x81, 0x00, 0x14, 0x9B, 0x98, 0x00, 0x13, 0x48, 0x00, 0x03, 0xDD, 0x48, 0x00, 0x04, 0x4C, 0x9B, 0x98, 0x00, 0x13, 0x88, 0x7A, 0x00, 0x01,
  0x2C, 0x03, 0x00, 0x00, 0x40, 0x82, 0x01, 0x04, 0x57, 0x60, 0x04, 0xE7, 0x40, 0x82, 0x00, 0x34, 0x88, 0x6D, 0xAF, 0xA0, 0x2C, 0x03, 0x00, 0x02,
  0x41, 0x82, 0x00, 0x0C, 0x2C, 0x03, 0x00, 0x03, 0x40, 0x82, 0x00, 0xE8, 0x88, 0x6D, 0xAF, 0xC9, 0x2C, 0x03, 0x00, 0x00, 0x40, 0x82, 0x00, 0xDC,
  0x88, 0x6D, 0xAF, 0xCA, 0x2C, 0x03, 0x00, 0x01, 0x40, 0x82, 0x00, 0xD0, 0x48, 0x00, 0x00, 0x04, 0x88, 0x6D, 0xB6, 0x57, 0x2C, 0x03, 0x00, 0x00,
  0x41, 0x82, 0x00, 0xC0, 0x3C, 0x60, 0x80, 0x48, 0x80, 0x63, 0x9D, 0x60, 0x2C, 0x03, 0x00, 0x00, 0x41, 0x82, 0x00, 0xB0, 0x88, 0x6D, 0xAF, 0xA0,
  0x2C, 0x03, 0x00, 0x01, 0x41, 0x82, 0x00, 0x20, 0x2C, 0x03, 0x00, 0x04, 0x41, 0x82, 0x00, 0x18, 0x2C, 0x03, 0x00, 0x02, 0x41, 0x82, 0x00, 0x1C,
  0x2C, 0x03, 0x00, 0x03, 0x41, 0x82, 0x00, 0x14, 0x48, 0x00, 0x00, 0x00, 0x38, 0x60, 0xFF, 0xFE, 0x48, 0x00, 0x01, 0x85, 0x48, 0x00, 0x00, 0x7C,
  0x88, 0x6D, 0xAF, 0xC9, 0x2C, 0x03, 0x00, 0x00, 0x41, 0x82, 0x00, 0x1C, 0x2C, 0x03, 0x00, 0x01, 0x41, 0x82, 0x00, 0x08, 0x48, 0x00, 0x00, 0x00,
  0x38, 0x60, 0xFF, 0xFF, 0x48, 0x00, 0x01, 0x61, 0x48, 0x00, 0x00, 0x58, 0x88, 0x6D, 0xAF, 0xCA, 0x2C, 0x03, 0x00, 0x00, 0x41, 0x82, 0x00, 0x18,
  0x80, 0x6D, 0x88, 0x40, 0x38, 0x63, 0x05, 0x98, 0xA0, 0x63, 0x00, 0x1E, 0x48, 0x00, 0x01, 0x41, 0x48, 0x00, 0x00, 0x38, 0x88, 0x8D, 0xAF, 0xA0,
  0x2C, 0x04, 0x00, 0x03, 0x38, 0x60, 0x00, 0x00, 0x40, 0x82, 0x00, 0x08, 0x38, 0x60, 0x00, 0x01, 0x80, 0x8D, 0xB6, 0x10, 0x98, 0x64, 0x00, 0x18,
  0x38, 0x60, 0x00, 0x01, 0x98, 0x6D, 0xB6, 0x56, 0x48, 0x00, 0x01, 0x11, 0x7C, 0x68, 0x02, 0xA6, 0x90, 0x6D, 0xAF, 0xE8, 0x48, 0x00, 0x03, 0x3C,
  0x88, 0x7A, 0x00, 0x01, 0x88, 0x9A, 0x00, 0x02, 0x7C, 0x63, 0x20, 0x39, 0x41, 0x82, 0x03, 0x2C, 0xBA, 0x81, 0x00, 0xB0, 0x80, 0x01, 0x00, 0xE4,
  0x38, 0x21, 0x00, 0xE0, 0x7C, 0x08, 0x03, 0xA6, 0x3D, 0x80, 0x80, 0x26, 0x61, 0x8C, 0x32, 0x64, 0x7D, 0x89, 0x03, 0xA6, 0x4E, 0x80, 0x04, 0x20,
  0x57, 0x60, 0x06, 0xF7, 0x40, 0x82, 0x02, 0x91, 0x48, 0x00, 0x03, 0x00, 0x7C, 0x08, 0x02, 0xA6, 0x90, 0x01, 0x00, 0x04, 0x94, 0x21, 0xFF, 0x20,
  0xBE, 0x81, 0x00, 0xB0, 0x3C, 0x60, 0x80, 0x3D, 0x60, 0x63, 0xAD, 0x40, 0x80, 0x63, 0x00, 0x00, 0x81, 0x83, 0x00, 0x88, 0x38, 0x60, 0x00, 0x00,
  0xB0, 0x6C, 0x00, 0x01, 0x98, 0x6C, 0x00, 0x06, 0x38, 0x60, 0x00, 0x14, 0x3D, 0x80, 0x80, 0x37, 0x61, 0x8C, 0xF1, 0xE4, 0x7D, 0x89, 0x03, 0xA6,
  0x4E, 0x80, 0x04, 0x21, 0x7C, 0x79, 0x1B, 0x78, 0x38, 0x60, 0x00, 0xB4, 0x98, 0x79, 0x00, 0x00, 0x88, 0x6D, 0xAF, 0xA0, 0x98, 0x79, 0x00, 0x01,
  0x38, 0xF9, 0x00, 0x02, 0x3C, 0xC0, 0x80, 0x4A, 0x60, 0xC6, 0x07, 0x40, 0x38, 0x80, 0x00, 0x00, 0x38, 0xA0, 0x00, 0x00, 0x7C, 0x66, 0x22, 0x2E,
  0x7C, 0x67, 0x2B, 0x2E, 0x38, 0x84, 0x00, 0x03, 0x38, 0xA5, 0x00, 0x02, 0x2C, 0x05, 0x00, 0x12, 0x41, 0x80, 0xFF, 0xEC, 0x7F, 0x23, 0xCB, 0x78,
  0x38, 0x80, 0x00, 0x14, 0x38, 0xA0, 0x00, 0x01, 0x3D, 0x80, 0x80, 0x00, 0x61, 0x8C, 0x55, 0xF0, 0x7D, 0x89, 0x03, 0xA6, 0x4E, 0x80, 0x04, 0x21,
  0x7F, 0x23, 0xCB, 0x78, 0x3D, 0x80, 0x80, 0x37, 0x61, 0x8C, 0xF1, 0xB0, 0x7D, 0x89, 0x03, 0xA6, 0x4E, 0x80, 0x04, 0x21, 0xBA, 0x81, 0x00, 0xB0,
  0x80, 0x01, 0x00, 0xE4, 0x38, 0x21, 0x00, 0xE0, 0x7C, 0x08, 0x03, 0xA6, 0x4E, 0x80, 0x00, 0x20, 0x4E, 0x80, 0x00, 0x21, 0x7C, 0x08, 0x02, 0xA6,
  0x90, 0x01, 0x00, 0x04, 0x94, 0x21, 0xFF, 0x20, 0xBE, 0x81, 0x00, 0xB0, 0x7C, 0x7F, 0x1B, 0x78, 0x38, 0x60, 0x00, 0x0A, 0x3D, 0x80, 0x80, 0x37,
  0x61, 0x8C, 0xF1, 0xE4, 0x7D, 0x89, 0x03, 0xA6, 0x4E, 0x80, 0x04, 0x21, 0x7C, 0x79, 0x1B, 0x78, 0x38, 0x60, 0x00, 0xB5, 0x98, 0x79, 0x00, 0x00,
  0x80, 0x8D, 0xB6, 0x10, 0x88, 0x6D, 0xAE, 0xF8, 0x1C, 0x63, 0x00, 0x24, 0x7C, 0x84, 0x1A, 0x14, 0x88, 0x64, 0x00, 0x70, 0x98, 0x79, 0x00, 0x02,
  0x88, 0x64, 0x00, 0x73, 0x98, 0x79, 0x00, 0x03, 0x38, 0x60, 0x00, 0x01, 0x98, 0x79, 0x00, 0x04, 0x88, 0x6D, 0xAF, 0xA0, 0x2C, 0x03, 0x00, 0x03,
  0x41, 0x82, 0x00, 0x10, 0x38, 0x60, 0x00, 0x00, 0x98, 0x79, 0x00, 0x01, 0x48, 0x00, 0x00, 0x1C, 0x3C, 0x60, 0x80, 0x00, 0x60, 0x63, 0x56, 0x14,
  0x80, 0x63, 0x00, 0x00, 0x88, 0x63, 0x00, 0x1A, 0x38, 0x63, 0xFF, 0xFF, 0x98, 0x79, 0x00, 0x01, 0x2C, 0x1F, 0xFF, 0xFE, 0x41, 0x82, 0x00, 0x14,
  0x2C, 0x1F, 0xFF, 0xFF, 0x41, 0x82, 0x00, 0x18, 0x2C, 0x1F, 0x00, 0x00, 0x40, 0x80, 0x00, 0x1C, 0x38, 0x60, 0x00, 0x00, 0x38, 0x80, 0x00, 0x03,
  0x48, 0x00, 0x00, 0x1C, 0x38, 0x60, 0x00, 0x00, 0x38, 0x80, 0x00, 0x00, 0x48, 0x00, 0x00, 0x10, 0x7F, 0xE3, 0xFB, 0x78, 0x38, 0x80, 0x00, 0x01,
  0x48, 0x00, 0x00, 0x04, 0xB0, 0x79, 0x00, 0x05, 0x98, 0x99, 0x00, 0x07, 0x3C, 0x60, 0x80, 0x1D, 0x60, 0x63, 0x45, 0x7C, 0x80, 0x83, 0x00, 0x00,
  0x54, 0x85, 0x30, 0x2E, 0x38, 0x80, 0x00, 0x40, 0x7C, 0x85, 0x23, 0xD6, 0x7C, 0x63, 0x22, 0x14, 0x38, 0x63, 0x00, 0x08, 0x88, 0x63, 0x00, 0x00,
  0x98, 0x79, 0x00, 0x09, 0x88, 0x6D, 0xAF, 0xA0, 0x98, 0x79, 0x00, 0x08, 0x7F, 0x23, 0xCB, 0x78, 0x38, 0x80, 0x00, 0x0A, 0x38, 0xA0, 0x00, 0x01,
  0x3D, 0x80, 0x80, 0x00, 0x61, 0x8C, 0x55, 0xF0, 0x7D, 0x89, 0x03, 0xA6, 0x4E, 0x80, 0x04, 0x21, 0x7F, 0x23, 0xCB, 0x78, 0x3D, 0x80, 0x80, 0x37,
  0x61, 0x8C, 0xF1, 0xB0, 0x7D, 0x89, 0x03, 0xA6, 0x4E, 0x80, 0x04, 0x21, 0xBA, 0x81, 0x00, 0xB0, 0x80, 0x01, 0x00, 0xE4, 0x38, 0x21, 0x00, 0xE0,
  0x7C, 0x08, 0x03, 0xA6, 0x4E, 0x80, 0x00, 0x20, 0x4E, 0x80, 0x00, 0x21, 0x7C, 0x08, 0x02, 0xA6, 0x90, 0x01, 0x00, 0x04, 0x94, 0x21, 0xFF, 0x20,
  0xBE, 0x81, 0x00, 0xB0, 0x8A, 0x98, 0x00, 0x1A, 0x4B, 0xFF, 0xFE, 0xA5, 0x4B, 0xFF, 0xFD, 0xD9, 0xBA, 0x81, 0x00, 0xB0, 0x80, 0x01, 0x00, 0xE4,
  0x38, 0x21, 0x00, 0xE0, 0x7C, 0x08, 0x03, 0xA6, 0x4E, 0x80, 0x00, 0x20, 0x7C, 0x08, 0x02, 0xA6, 0x90, 0x01, 0x00, 0x04, 0x94, 0x21, 0xFF, 0x20,
  0xBE, 0x81, 0x00, 0xB0, 0x38, 0x60, 0x00, 0x01, 0x98, 0x6D, 0xAF, 0xA3, 0x4B, 0xFF, 0xFF, 0xB5, 0x7C, 0x68, 0x02, 0xA6, 0x90, 0x6D, 0xAF, 0xE8,
  0x88, 0x0D, 0xB6, 0x50, 0x98, 0x0D, 0xB6, 0x59, 0x38, 0x00, 0x00, 0x04, 0x98, 0x0D, 0xB6, 0x56, 0xBA, 0x81, 0x00, 0xB0, 0x80, 0x01, 0x00, 0xE4,
  0x38, 0x21, 0x00, 0xE0, 0x7C, 0x08, 0x03, 0xA6, 0x4E, 0x80, 0x00, 0x20, 0x7C, 0x08, 0x02, 0xA6, 0x90, 0x01, 0x00, 0x04, 0x94, 0x21, 0xFF, 0x20,
  0xBE, 0x81, 0x00, 0xB0, 0x38, 0x60, 0x00, 0x01, 0x3D, 0x80, 0x80, 0x37, 0x61, 0x8C, 0xF1, 0xE4, 0x7D, 0x89, 0x03, 0xA6, 0x4E, 0x80, 0x04, 0x21,
  0x7C, 0x79, 0x1B, 0x78, 0x38, 0x60, 0x00, 0xBA, 0x98, 0x79, 0x00, 0x00, 0x7F, 0x23, 0xCB, 0x78, 0x38, 0x80, 0x00, 0x01, 0x38, 0xA0, 0x00, 0x01,
  0x3D, 0x80, 0x80, 0x00, 0x61, 0x8C, 0x55, 0xF0, 0x7D, 0x89, 0x03, 0xA6, 0x4E, 0x80, 0x04, 0x21, 0x7F, 0x23, 0xCB, 0x78, 0x3D, 0x80, 0x80, 0x37,
  0x61, 0x8C, 0xF1, 0xB0, 0x7D, 0x89, 0x03, 0xA6, 0x4E, 0x80, 0x04, 0x21, 0xBA, 0x81, 0x00, 0xB0, 0x80, 0x01, 0x00, 0xE4, 0x38, 0x21, 0x00, 0xE0,
  0x7C, 0x08, 0x03, 0xA6, 0x4E, 0x80, 0x00, 0x20, 0xBA, 0x81, 0x00, 0xB0, 0x80, 0x01, 0x00, 0xE4, 0x38, 0x21, 0x00, 0xE0, 0x7C, 0x08, 0x03, 0xA6,
  0x3D, 0x80, 0x80, 0x26, 0x61, 0x8C, 0x33, 0x34, 0x7D, 0x89, 0x03, 0xA6, 0x4E, 0x80, 0x04, 0x20, 0xBA, 0x81, 0x00, 0xB0, 0x80, 0x01, 0x00, 0xE4,
  0x38, 0x21, 0x00, 0xE0, 0x7C, 0x08, 0x03, 0xA6, 0x60, 0x00, 0x00, 0x00, 0x00, 0x00, 0x00, 0x00, 0xC2, 0x1A, 0x3F, 0x9C, 0x00, 0x00, 0x00, 0x05,
  0x3C, 0x60, 0x80, 0x48, 0x80, 0x63, 0x9D, 0x30, 0x54, 0x63, 0x44, 0x3E, 0x2C, 0x03, 0x00, 0x08, 0x40, 0x82, 0x00, 0x0C, 0x38, 0x60, 0x48, 0x00,
  0x48, 0x00, 0x00, 0x08, 0x38, 0x60, 0x24, 0x00, 0x60, 0x00, 0x00, 0x00, 0x00, 0x00, 0x00, 0x00, 0xC2, 0x26, 0x45, 0x34, 0x00, 0x00, 0x01, 0x53,
  0x3C, 0x60, 0x80, 0x48, 0x80, 0x63, 0x9D, 0x30, 0x54, 0x63, 0x44, 0x3E, 0x2C, 0x03, 0x00, 0x08, 0x40, 0x82, 0x0A, 0x80, 0x48, 0x00, 0x01, 0xC8,
  0x4E, 0x80, 0x00, 0x21, 0x00, 0x00, 0x00, 0x00, 0x3D, 0xCC, 0xCC, 0xCD, 0x42, 0x8C, 0x00, 0x00, 0x41, 0xB8, 0x00, 0x00, 0x3F, 0x00, 0x00, 0x00,
  0x42, 0xB4, 0x00, 0x00, 0x42, 0x50, 0x00, 0x00, 0x42, 0x96, 0x00, 0x00, 0x42, 0xC4, 0x00, 0x00, 0x42, 0x50, 0x00, 0x00, 0x42, 0x8C, 0x00, 0x00,
  0x42, 0xB0, 0x00, 0x00, 0x42, 0xD4, 0x00, 0x00, 0x3E, 0xCC, 0xCC, 0xCD, 0x43, 0x04, 0x80, 0x00, 0x43, 0x18, 0x80, 0x00, 0xC3, 0x76, 0x00, 0x00,
  0xC3, 0x02, 0x00, 0x00, 0xC2, 0x48, 0x00, 0x00, 0x3E, 0xE6, 0x66, 0x66, 0x33, 0xFF, 0x2F, 0xFF, 0x3C, 0xBC, 0xFF, 0xFF, 0x8E, 0x91, 0x96, 0xFF,
  0xFF, 0xFF, 0xFF, 0xFF, 0xFF, 0x00, 0x00, 0xFF, 0x00, 0x55, 0x6E, 0x72, 0x61, 0x6E, 0x6B, 0x65, 0x64, 0x00, 0x44, 0x69, 0x72, 0x65, 0x63, 0x74,
  0x00, 0x52, 0x61, 0x6E, 0x6B, 0x65, 0x64, 0x00, 0x54, 0x65, 0x61, 0x6D, 0x73, 0x00, 0x50, 0x61, 0x72, 0x74, 0x79, 0x00, 0x25, 0x73, 0x20, 0x4D,
  0x6F, 0x64, 0x65, 0x00, 0x53, 0x65, 0x6C, 0x65, 0x63, 0x74, 0x20, 0x79, 0x6F, 0x75, 0x72, 0x20, 0x63, 0x68, 0x61, 0x72, 0x61, 0x63, 0x74, 0x65,
  0x72, 0x00, 0x43, 0x68, 0x61, 0x72, 0x61, 0x63, 0x74, 0x65, 0x72, 0x20, 0x73, 0x65, 0x6C, 0x65, 0x63, 0x74, 0x65, 0x64, 0x00, 0x50, 0x72, 0x65,
  0x73, 0x73, 0x20, 0x53, 0x54, 0x41, 0x52, 0x54, 0x20, 0x74, 0x6F, 0x20, 0x25, 0x73, 0x00, 0x6C, 0x6F, 0x63, 0x6B, 0x20, 0x69, 0x6E, 0x00, 0x65,
  0x6E, 0x74, 0x65, 0x72, 0x20, 0x63, 0x6F, 0x64, 0x65, 0x00, 0x73, 0x65, 0x61, 0x72, 0x63, 0x68, 0x00, 0x73, 0x65, 0x6C, 0x65, 0x63, 0x74, 0x20,
  0x73, 0x74, 0x61, 0x67, 0x65, 0x00, 0x4C, 0x6F, 0x63, 0x6B, 0x65, 0x64, 0x20, 0x69, 0x6E, 0x00, 0x53, 0x65, 0x61, 0x72, 0x63, 0x68, 0x69, 0x6E,
  0x67, 0x20, 0x66, 0x6F, 0x72, 0x20, 0x25, 0x73, 0x00, 0x43, 0x6F, 0x6E, 0x6E, 0x65, 0x63, 0x74, 0x69, 0x6E, 0x67, 0x20, 0x74, 0x6F, 0x20, 0x25,
  0x73, 0x00, 0x57, 0x61, 0x69, 0x74, 0x69, 0x6E, 0x67, 0x20, 0x6F, 0x6E, 0x20, 0x25, 0x73, 0x00, 0x6F, 0x70, 0x70, 0x6F, 0x6E, 0x65, 0x6E, 0x74,
  0x00, 0x2D, 0x2D, 0x2F, 0x2F, 0x2D, 0x2D, 0x2F, 0x2F, 0x2D, 0x2D, 0x2F, 0x2F, 0x2D, 0x2D, 0x2F, 0x2F, 0x30, 0x30, 0x00, 0x45, 0x72, 0x72, 0x6F,
  0x72, 0x00, 0x50, 0x6C, 0x61, 0x79, 0x69, 0x6E, 0x67, 0x3A, 0x00, 0x55, 0x73, 0x65, 0x20, 0x44, 0x2D, 0x50, 0x61, 0x64, 0x20, 0x74, 0x6F, 0x20,
  0x43, 0x68, 0x61, 0x74, 0x00, 0x50, 0x72, 0x65, 0x73, 0x73, 0x20, 0x5A, 0x20, 0x74, 0x6F, 0x20, 0x25, 0x73, 0x00, 0x48, 0x6F, 0x6C, 0x64, 0x20,
  0x5A, 0x20, 0x74, 0x6F, 0x20, 0x25, 0x73, 0x00, 0x64, 0x69, 0x73, 0x63, 0x6F, 0x6E, 0x6E, 0x65, 0x63, 0x74, 0x00, 0x63, 0x61, 0x6E, 0x63, 0x65,
  0x6C, 0x00, 0x63, 0x6C, 0x65, 0x61, 0x72, 0x20, 0x65, 0x72, 0x72, 0x6F, 0x72, 0x00, 0x81, 0x7B, 0x00, 0x81, 0x7E, 0x00, 0x81, 0x7C, 0x00, 0x00,
  0x4E, 0x80, 0x00, 0x21, 0xC2, 0xE0, 0x00, 0x00, 0x41, 0xA0, 0x00, 0x00, 0x00, 0x00, 0x00, 0x00, 0x3D, 0xCC, 0xCC, 0xCD, 0x7C, 0x08, 0x02, 0xA6,
  0x90, 0x01, 0x00, 0x04, 0x94, 0x21, 0xFF, 0x20, 0xBE, 0x81, 0x00, 0xB0, 0x4B, 0xFF, 0xFE, 0x2D, 0x7F, 0xA8, 0x02, 0xA6, 0x3C, 0x60, 0x80, 0x4D,
  0x60, 0x63, 0x50, 0xD8, 0x3C, 0x80, 0x02, 0x00, 0x60, 0x84, 0x08, 0x01, 0x90, 0x83, 0x00, 0x00, 0x88, 0x8D, 0xAF, 0xA0, 0x2C, 0x04, 0x00, 0x02,
  0x38, 0x80, 0x00, 0x02, 0x41, 0x82, 0x00, 0x08, 0x38, 0x80, 0x00, 0x01, 0x4B, 0xFF, 0xFF, 0xAD, 0x7C, 0x68, 0x02, 0xA6, 0x3D, 0x80, 0x80, 0x00,
  0x61, 0x8C, 0x56, 0x18, 0x7D, 0x89, 0x03, 0xA6, 0x4E, 0x80, 0x04, 0x21, 0x38, 0xA0, 0x00, 0x00, 0x4E, 0x80, 0x00, 0x21, 0x38, 0x60, 0x00, 0x04,
  0x38, 0x80, 0x00, 0x05, 0x38, 0xA0, 0x00, 0x80, 0x3D, 0x80, 0x80, 0x39, 0x61, 0x8C, 0x01, 0xF0, 0x7D, 0x89, 0x03, 0xA6, 0x4E, 0x80, 0x04, 0x21,
  0x7C, 0x79, 0x1B, 0x78, 0x38, 0x60, 0x00, 0x04, 0x3D, 0x80, 0x80, 0x37, 0x61, 0x8C, 0xF1, 0xE4, 0x7D, 0x89, 0x03, 0xA6, 0x4E, 0x80, 0x04, 0x21,
  0x7C, 0x78, 0x1B, 0x78, 0x38, 0x79, 0x00, 0x00, 0x38, 0x80, 0x00, 0x04, 0x3C, 0xA0, 0x80, 0x37, 0x60, 0xA5, 0xF1, 0xB0, 0x38, 0xD8, 0x00, 0x00,
  0x3D, 0x80, 0x80, 0x39, 0x61, 0x8C, 0x0B, 0x68, 0x7D, 0x89, 0x03, 0xA6, 0x4E, 0x80, 0x04, 0x21, 0x38, 0x79, 0x00, 0x00, 0x48, 0x00, 0x02, 0x61,
  0x7C, 0x88, 0x02, 0xA6, 0x38, 0xA0, 0x00, 0x04, 0x3D, 0x80, 0x80, 0x38, 0x61, 0x8C, 0xFD, 0x54, 0x7D, 0x89, 0x03, 0xA6, 0x4E, 0x80, 0x04, 0x21,
  0x3F, 0xE0, 0x80, 0x00, 0x63, 0xFF, 0x56, 0x14, 0x83, 0xFF, 0x00, 0x00, 0x38, 0x60, 0x00, 0x00, 0x38, 0x80, 0x00, 0x00, 0x3D, 0x80, 0x80, 0x3A,
  0x61, 0x8C, 0x67, 0x54, 0x7D, 0x89, 0x03, 0xA6, 0x4E, 0x80, 0x04, 0x21, 0x7C, 0x7C, 0x1B, 0x78, 0x93, 0x9F, 0x00, 0x08, 0x38, 0x80, 0x00, 0x01,
  0x98, 0x9C, 0x00, 0x49, 0x38, 0x80, 0x00, 0x00, 0x98, 0x9C, 0x00, 0x4A, 0xC0, 0x3D, 0x00, 0x00, 0xD0, 0x3C, 0x00, 0x08, 0xC0, 0x3D, 0x00, 0x04,
  0xD0, 0x3C, 0x00, 0x24, 0xD0, 0x3C, 0x00, 0x28, 0x7F, 0x83, 0xE3, 0x78, 0x38, 0x9D, 0x00, 0x5C, 0x38, 0xA0, 0x00, 0x00, 0xC0, 0x3D, 0x00, 0x10,
  0xC0, 0x5D, 0x00, 0x08, 0xC0, 0x7D, 0x00, 0x0C, 0x38, 0xFD, 0x00, 0x64, 0x3D, 0x80, 0x80, 0x00, 0x61, 0x8C, 0x56, 0xB4, 0x7D, 0x89, 0x03, 0xA6,
  0x4E, 0x80, 0x04, 0x21, 0xC0, 0x7D, 0x00, 0x18, 0x48, 0x00, 0x00, 0xF9, 0xC0, 0x7D, 0x00, 0x1C, 0x48, 0x00, 0x00, 0xF1, 0xC0, 0x7D, 0x00, 0x20,
  0x48, 0x00, 0x00, 0xE9, 0x7F, 0x83, 0xE3, 0x78, 0x38, 0x9D, 0x00, 0x58, 0x38, 0xA0, 0x00, 0x00, 0xC0, 0x3D, 0x00, 0x34, 0xC0, 0x5D, 0x00, 0x08,
  0xC0, 0x7D, 0x00, 0x38, 0x38, 0xFD, 0x00, 0x64, 0x3D, 0x80, 0x80, 0x00, 0x61, 0x8C, 0x56, 0xB4, 0x7D, 0x89, 0x03, 0xA6, 0x4E, 0x80, 0x04, 0x21,
  0x7F, 0x83, 0xE3, 0x78, 0x38, 0x9D, 0x00, 0x58, 0x38, 0xA0, 0x00, 0x00, 0xC0, 0x3D, 0x00, 0x34, 0xC0, 0x5D, 0x00, 0x08, 0xC0, 0x7D, 0x00, 0x3C,
  0x38, 0xFD, 0x00, 0x64, 0x3D, 0x80, 0x80, 0x00, 0x61, 0x8C, 0x56, 0xB4, 0x7D, 0x89, 0x03, 0xA6, 0x4E, 0x80, 0x04, 0x21, 0x7F, 0x83, 0xE3, 0x78,
  0x38, 0x9D, 0x00, 0x58, 0x38, 0xA0, 0x00, 0x00, 0xC0, 0x3D, 0x00, 0x10, 0xC0, 0x5D, 0x00, 0x44, 0xC0, 0x7D, 0x00, 0x40, 0x38, 0xFD, 0x00, 0x64,
  0x3D, 0x80, 0x80, 0x00, 0x61, 0x8C, 0x56, 0xB4, 0x7D, 0x89, 0x03, 0xA6, 0x4E, 0x80, 0x04, 0x21, 0x7F, 0x83, 0xE3, 0x78, 0x38, 0x9D, 0x00, 0x5C,
  0x38, 0xA0, 0x00, 0x00, 0xC0, 0x3D, 0x00, 0x10, 0xC0, 0x5D, 0x00, 0x48, 0xC0, 0x7D, 0x00, 0x40, 0x38, 0xFD, 0x00, 0x64, 0x3D, 0x80, 0x80, 0x00,
  0x61, 0x8C, 0x56, 0xB4, 0x7D, 0x89, 0x03, 0xA6, 0x4E, 0x80, 0x04, 0x21, 0xC0, 0x7D, 0x00, 0x24, 0x48, 0x00, 0x00, 0xAD, 0xC0, 0x7D, 0x00, 0x28,
  0x48, 0x00, 0x00, 0xA5, 0xC0, 0x7D, 0x00, 0x2C, 0x48, 0x00, 0x00, 0x9D, 0xC0, 0x7D, 0x00, 0x30, 0x48, 0x00, 0x00, 0x95, 0xBA, 0x81, 0x00, 0xB0,
  0x80, 0x01, 0x00, 0xE4, 0x38, 0x21, 0x00, 0xE0, 0x7C, 0x08, 0x03, 0xA6, 0x48, 0x00, 0x06, 0x64, 0x7C, 0x08, 0x02, 0xA6, 0x90, 0x01, 0x00, 0x04,
  0x94, 0x21, 0xFF, 0x20, 0xBE, 0x81, 0x00, 0xB0, 0xD0, 0x61, 0x00, 0x08, 0x7F, 0x83, 0xE3, 0x78, 0x38, 0x9D, 0x00, 0x5C, 0x38, 0xA0, 0x00, 0x00,
  0xC0, 0x3D, 0x00, 0x34, 0xC0, 0x5D, 0x00, 0x14, 0x38, 0xFD, 0x00, 0x64, 0x3D, 0x80, 0x80, 0x00, 0x61, 0x8C, 0x56, 0xB4, 0x7D, 0x89, 0x03, 0xA6,
  0x4E, 0x80, 0x04, 0x21, 0x7F, 0x83, 0xE3, 0x78, 0x38, 0x9D, 0x00, 0x5C, 0x38, 0xA0, 0x00, 0x00, 0xC0, 0x3D, 0x00, 0x4C, 0xC0, 0x5D, 0x00, 0x08,
  0xC0, 0x61, 0x00, 0x08, 0x38, 0xFD, 0x00, 0x64, 0x3D, 0x80, 0x80, 0x00, 0x61, 0x8C, 0x56, 0xB4, 0x7D, 0x89, 0x03, 0xA6, 0x4E, 0x80, 0x04, 0x21,
  0xBA, 0x81, 0x00, 0xB0, 0x80, 0x01, 0x00, 0xE4, 0x38, 0x21, 0x00, 0xE0, 0x7C, 0x08, 0x03, 0xA6, 0x4E, 0x80, 0x00, 0x20, 0x7C, 0x08, 0x02, 0xA6,
  0x90, 0x01, 0x00, 0x04, 0x94, 0x21, 0xFF, 0x20, 0xBE, 0x81, 0x00, 0xB0, 0x7F, 0x83, 0xE3, 0x78, 0x38, 0x9D, 0x00, 0x60, 0x38, 0xA0, 0x00, 0x00,
  0xC0, 0x3D, 0x00, 0x34, 0xC0, 0x5D, 0x00, 0x08, 0x38, 0xFD, 0x00, 0x64, 0x3D, 0x80, 0x80, 0x00, 0x61, 0x8C, 0x56, 0xB4, 0x7D, 0x89, 0x03, 0xA6,
  0x4E, 0x80, 0x04, 0x21, 0x7C, 0x7B, 0x1B, 0x78, 0xBA, 0x81, 0x00, 0xB0, 0x80, 0x01, 0x00, 0xE4, 0x38, 0x21, 0x00, 0xE0, 0x7C, 0x08, 0x03, 0xA6,
  0x4E, 0x80, 0x00, 0x20, 0x4E, 0x80, 0x00, 0x21, 0x7C, 0x08, 0x02, 0xA6, 0x90, 0x01, 0x00, 0x04, 0x94, 0x21, 0xFF, 0x20, 0xBE, 0x81, 0x00, 0xB0,
  0x83, 0x63, 0x00, 0x2C, 0x4B, 0xFF, 0xFB, 0x05, 0x7F, 0xA8, 0x02, 0xA6, 0x3F, 0x80, 0x80, 0x00, 0x63, 0x9C, 0x56, 0x14, 0x83, 0x9C, 0x00, 0x00,
  0x83, 0xDC, 0x00, 0x00, 0x83, 0x5C, 0x00, 0x08, 0x38, 0xFD, 0x01, 0x35, 0x3C, 0xC0, 0x80, 0x4A, 0x60, 0xC6, 0x07, 0x40, 0x38, 0x80, 0x00, 0x00,
  0x38, 0xA0, 0x00, 0x00, 0x7C, 0x66, 0x22, 0x2E, 0x7C, 0x67, 0x2B, 0x2E, 0x38, 0x84, 0x00, 0x03, 0x38, 0xA5, 0x00, 0x02, 0x2C, 0x05, 0x00, 0x12,
  0x41, 0x80, 0xFF, 0xEC, 0x80, 0x6D, 0xB6, 0x20, 0x38, 0x81, 0x00, 0x80, 0x38, 0xA0, 0x00, 0x24, 0x38, 0xC0, 0xFF, 0xFF, 0x3D, 0x80, 0x80, 0x01,
  0x61, 0x8C, 0x1E, 0x24, 0x7D, 0x89, 0x03, 0xA6, 0x4E, 0x80, 0x04, 0x21, 0x80, 0x61, 0x00, 0x80, 0x3D, 0x80, 0x80, 0x36, 0x61, 0x8C, 0xF6, 0x44,
  0x7D, 0x89, 0x03, 0xA6, 0x4E, 0x80, 0x04, 0x21, 0x80, 0x61, 0x00, 0x80, 0x38, 0x80, 0x00, 0x00, 0x80, 0xBC, 0x00, 0x04, 0x80, 0xA5, 0x00, 0x08,
  0x38, 0xC0, 0x00, 0x00, 0x3D, 0x80, 0x80, 0x36, 0x61, 0x8C, 0xFA, 0x10, 0x7D, 0x89, 0x03, 0xA6, 0x4E, 0x80, 0x04, 0x21, 0xC0, 0x22, 0xAE, 0xC4,
  0x88, 0x6D, 0xAF, 0xA0, 0x2C, 0x03, 0x00, 0x03, 0x40, 0x82, 0x00, 0x08, 0xC0, 0x22, 0xAE, 0xC8, 0x80, 0x61, 0x00, 0x80, 0x3D, 0x80, 0x80, 0x36,
  0x61, 0x8C, 0xF9, 0x34, 0x7D, 0x89, 0x03, 0xA6, 0x4E, 0x80, 0x04, 0x21, 0x80, 0x61, 0x00, 0x80, 0x3D, 0x80, 0x80, 0x37, 0x61, 0x8C, 0x07, 0x80,
  0x7D, 0x89, 0x03, 0xA6, 0x4E, 0x80, 0x04, 0x21, 0x38, 0x80, 0x00, 0x00, 0x38, 0xBD, 0x00, 0x88, 0x88, 0x7E, 0x00, 0x00, 0x2C, 0x03, 0x00, 0x04,
  0x41, 0x81, 0x00, 0x5C, 0x88, 0x6D, 0xAF, 0xA0, 0x2C, 0x03, 0x00, 0x01, 0x41, 0x82, 0x00, 0x28, 0x2C, 0x03, 0x00, 0x02, 0x41, 0x82, 0x00, 0x28,
  0x2C, 0x03, 0x00, 0x00, 0x41, 0x82, 0x00, 0x28, 0x2C, 0x03, 0x00, 0x03, 0x41, 0x82, 0x00, 0x28, 0x2C, 0x03, 0x00, 0x04, 0x41, 0x82, 0x00, 0x28,
  0x48, 0x00, 0x00, 0x2C, 0x38, 0xDD, 0x00, 0x65, 0x48, 0x00, 0x00, 0x28, 0x38, 0xDD, 0x00, 0x6E, 0x48, 0x00, 0x00, 0x20, 0x38, 0xDD, 0x00, 0x75,
  0x48, 0x00, 0x00, 0x18, 0x38, 0xDD, 0x00, 0x7C, 0x48, 0x00, 0x00, 0x10, 0x38, 0xDD, 0x00, 0x82, 0x48, 0x00, 0x00, 0x08, 0x38, 0xBD, 0x01, 0x48,
  0x48, 0x00, 0x03, 0xF9, 0x88, 0x7E, 0x00, 0x00, 0x2C, 0x03, 0x00, 0x04, 0x41, 0x82, 0x00, 0x0C, 0x38, 0xBD, 0x00, 0x64, 0x48, 0x00, 0x00, 0x08,
  0x38, 0xBD, 0x01, 0x4E, 0x38, 0x80, 0x00, 0x09, 0x48, 0x00, 0x03, 0xD9, 0x88, 0x7E, 0x00, 0x00, 0x2C, 0x03, 0x00, 0x04, 0x41, 0x82, 0x00, 0x0C,
  0x38, 0xBD, 0x00, 0x64, 0x48, 0x00, 0x00, 0x08, 0x38, 0xBE, 0x00, 0xAA, 0x38, 0x80, 0x00, 0x0A, 0x48, 0x00, 0x03, 0xB9, 0x88, 0x7E, 0x00, 0x00,
  0x2C, 0x03, 0x00, 0x04, 0x41, 0x82, 0x00, 0x0C, 0x38, 0xBD, 0x00, 0x64, 0x48, 0x00, 0x00, 0x08, 0x38, 0xBD, 0x01, 0x57, 0x38, 0x80, 0x00, 0x08,
  0x48, 0x00, 0x03, 0x99, 0x88, 0x7E, 0x00, 0x00, 0x2C, 0x03, 0x00, 0x04, 0x41, 0x82, 0x00, 0x34, 0x2C, 0x03, 0x00, 0x05, 0x41, 0x82, 0x00, 0x20,
  0x2C, 0x03, 0x00, 0x00, 0x41, 0x81, 0x00, 0x0C, 0x38, 0xBD, 0x00, 0x64, 0x48, 0x00, 0x00, 0x24, 0x38, 0xBD, 0x01, 0x69, 0x38, 0xDD, 0x01, 0x8F,
  0x48, 0x00, 0x00, 0x18, 0x38, 0xBD, 0x01, 0x69, 0x38, 0xDD, 0x01, 0x96, 0x48, 0x00, 0x00, 0x0C, 0x38, 0xBD, 0x01, 0x77, 0x38, 0xDD, 0x01, 0x84,
  0x38, 0x80, 0x00, 0x07, 0x48, 0x00, 0x03, 0x4D, 0x3B, 0x60, 0x00, 0x01, 0x7F, 0x64, 0xDB, 0x78, 0x38, 0xBD, 0x00, 0x64, 0x48, 0x00, 0x03, 0x3D,
  0x3B, 0x7B, 0x00, 0x02, 0x2C, 0x1B, 0x00, 0x05, 0x40, 0x81, 0xFF, 0xEC, 0x38, 0x80, 0x00, 0x0C, 0x38, 0x60, 0x00, 0x00, 0x7C, 0x7C, 0x21, 0xAE,
  0x38, 0x84, 0x00, 0x01, 0x2C, 0x04, 0x00, 0x0E, 0x40, 0x81, 0xFF, 0xF4, 0x3B, 0x60, 0x00, 0x0B, 0x7F, 0x64, 0xDB, 0x78, 0x38, 0xBD, 0x00, 0x64,
  0x48, 0x00, 0x03, 0x09, 0x3B, 0x7B, 0x00, 0x01, 0x2C, 0x1B, 0x00, 0x0E, 0x40, 0x81, 0xFF, 0xEC, 0x88, 0x7E, 0x00, 0x00, 0x2C, 0x03, 0x00, 0x05,
  0x40, 0x82, 0x00, 0xA8, 0x3B, 0x60, 0x00, 0x0B, 0x3B, 0x20, 0x00, 0x00, 0x3B, 0x00, 0x00, 0x00, 0x3A, 0xE0, 0x00, 0x00, 0x3A, 0xDE, 0x01, 0x65,
  0x7E, 0xB6, 0xC8, 0xAE, 0x56, 0xA0, 0x06, 0x31, 0x41, 0x82, 0x00, 0x10, 0x3B, 0x39, 0x00, 0x02, 0x3B, 0x18, 0x00, 0x01, 0x48, 0x00, 0x00, 0x18,
  0x2C, 0x15, 0x00, 0x20, 0x40, 0x82, 0x00, 0x08, 0x7F, 0x37, 0xCB, 0x78, 0x3B, 0x39, 0x00, 0x01, 0x3B, 0x18, 0x00, 0x01, 0x2C, 0x15, 0x00, 0x00,
  0x41, 0x82, 0x00, 0x18, 0x2C, 0x18, 0x00, 0x1E, 0x41, 0x81, 0x00, 0x08, 0x48, 0x00, 0x00, 0x2C, 0x38, 0x80, 0x00, 0x00, 0x7C, 0x96, 0xB9, 0xAE,
  0x7F, 0x64, 0xDB, 0x78, 0x7E, 0xC5, 0xB3, 0x78, 0x48, 0x00, 0x02, 0x89, 0x3B, 0x7B, 0x00, 0x01, 0x7E, 0xD6, 0xBA, 0x14, 0x3A, 0xD6, 0x00, 0x01,
  0x3B, 0x20, 0x00, 0x00, 0x3B, 0x00, 0x00, 0x00, 0x2C, 0x15, 0x00, 0x00, 0x41, 0x82, 0x00, 0x20, 0x38, 0x7E, 0x02, 0x56, 0x7C, 0x96, 0xCA, 0x14,
  0x7C, 0x04, 0x18, 0x00, 0x40, 0x80, 0x00, 0x10, 0x2C, 0x1B, 0x00, 0x0E, 0x41, 0x81, 0x00, 0x08, 0x4B, 0xFF, 0xFF, 0x78, 0x48, 0x00, 0x01, 0x7C,
  0x3B, 0x60, 0x00, 0x01, 0x88, 0x6D, 0xB6, 0x57, 0x7F, 0x64, 0xDB, 0x78, 0x2C, 0x03, 0x00, 0x00, 0x40, 0x82, 0x00, 0x18, 0x38, 0xBD, 0x00, 0x90,
  0x48, 0x00, 0x02, 0x31, 0x38, 0x60, 0x00, 0x01, 0x98, 0x7C, 0x00, 0x0C, 0x48, 0x00, 0x01, 0x54, 0x38, 0xBD, 0x00, 0xA6, 0x48, 0x00, 0x02, 0x1D,
  0x3B, 0x7B, 0x00, 0x02, 0x38, 0x60, 0x00, 0x02, 0x98, 0x7C, 0x00, 0x0C, 0x88, 0x7E, 0x00, 0x01, 0x7F, 0x64, 0xDB, 0x78, 0x2C, 0x03, 0x00, 0x00,
  0x40, 0x82, 0x00, 0x90, 0x88, 0x6D, 0xAF, 0xA0, 0x2C, 0x03, 0x00, 0x02, 0x41, 0x82, 0x00, 0x0C, 0x2C, 0x03, 0x00, 0x03, 0x40, 0x82, 0x00, 0x34,
  0x88, 0x7E, 0x00, 0x00, 0x2C, 0x03, 0x00, 0x04, 0x40, 0x82, 0x00, 0x28, 0x88, 0x6D, 0xAF, 0xC9, 0x2C, 0x03, 0x00, 0x00, 0x40, 0x82, 0x00, 0x1C,
  0x88, 0x6D, 0xAF, 0xCA, 0x2C, 0x03, 0x00, 0x00, 0x40, 0x82, 0x00, 0x10, 0x38, 0xBD, 0x00, 0xB9, 0x38, 0xDD, 0x00, 0xE5, 0x48, 0x00, 0x00, 0x3C,
  0x38, 0xBD, 0x00, 0xB9, 0x38, 0xDD, 0x00, 0xCB, 0x88, 0x7E, 0x00, 0x00, 0x2C, 0x03, 0x00, 0x04, 0x41, 0x82, 0x00, 0x28, 0x38, 0xBD, 0x00, 0xB9,
  0x38, 0xDD, 0x00, 0xDE, 0x88, 0x6D, 0xAF, 0xA0, 0x2C, 0x03, 0x00, 0x02, 0x41, 0x82, 0x00, 0x0C, 0x2C, 0x03, 0x00, 0x03, 0x40, 0x82, 0x00, 0x0C,
  0x38, 0xBD, 0x00, 0xB9, 0x38, 0xDD, 0x00, 0xD3, 0x48, 0x00, 0x01, 0x81, 0x38, 0x60, 0x00, 0x01, 0x98, 0x7C, 0x00, 0x0D, 0x48, 0x00, 0x00, 0xA4,
  0x38, 0xBD, 0x00, 0xF2, 0x48, 0x00, 0x01, 0x6D, 0x3B, 0x7B, 0x00, 0x02, 0x38, 0x60, 0x00, 0x02, 0x98, 0x7C, 0x00, 0x0D, 0x88, 0x7E, 0x00, 0x00,
  0x7F, 0x64, 0xDB, 0x78, 0x2C, 0x03, 0x00, 0x04, 0x41, 0x82, 0x00, 0x6C, 0x2C, 0x03, 0x00, 0x03, 0x41, 0x82, 0x00, 0x34, 0x38, 0xBD, 0x00, 0xFC,
  0x38, 0xDD, 0x01, 0x2C, 0x89, 0x6D, 0xAF, 0xA0, 0x2C, 0x0B, 0x00, 0x01, 0x41, 0x82, 0x00, 0x58, 0x2C, 0x0B, 0x00, 0x00, 0x41, 0x82, 0x00, 0x50,
  0x2C, 0x0B, 0x00, 0x04, 0x41, 0x82, 0x00, 0x48, 0x38, 0xBD, 0x00, 0xFC, 0x38, 0xDD, 0x01, 0x35, 0x48, 0x00, 0x00, 0x3C, 0x38, 0xBD, 0x01, 0x0D,
  0x38, 0xDD, 0x01, 0x2C, 0x89, 0x6D, 0xAF, 0xA0, 0x2C, 0x0B, 0x00, 0x01, 0x41, 0x82, 0x00, 0x28, 0x2C, 0x0B, 0x00, 0x00, 0x41, 0x82, 0x00, 0x20,
  0x2C, 0x0B, 0x00, 0x04, 0x41, 0x82, 0x00, 0x18, 0x38, 0xBD, 0x01, 0x0D, 0x38, 0xDD, 0x01, 0x35, 0x48, 0x00, 0x00, 0x0C, 0x38, 0xBD, 0x01, 0x1E,
  0x38, 0xDD, 0x01, 0x2C, 0x48, 0x00, 0x00, 0xDD, 0x38, 0x60, 0x00, 0x01, 0x98, 0x7C, 0x00, 0x0E, 0x3B, 0x20, 0x00, 0x0C, 0x3B, 0x60, 0x00, 0x02,
  0x7C, 0x7C, 0xC8, 0xAE, 0x2C, 0x03, 0x00, 0x01, 0x40, 0x82, 0x00, 0x44, 0xA0, 0x7C, 0x00, 0x0F, 0x38, 0x80, 0x00, 0x0F, 0x7C, 0x63, 0x23, 0x96,
  0x1C, 0x63, 0x00, 0x03, 0x38, 0x63, 0x01, 0xA2, 0x7C, 0xBD, 0x1A, 0x14, 0x7F, 0x64, 0xDB, 0x78, 0x48, 0x00, 0x00, 0xA1, 0x7F, 0x43, 0xD3, 0x78,
  0x7F, 0x64, 0xDB, 0x78, 0x38, 0xBD, 0x00, 0x54, 0x3D, 0x80, 0x80, 0x3A, 0x61, 0x8C, 0x74, 0xF0, 0x7D, 0x89, 0x03, 0xA6, 0x4E, 0x80, 0x04, 0x21,
  0x48, 0x00, 0x00, 0x44, 0x2C, 0x03, 0x00, 0x02, 0x40, 0x82, 0x00, 0x30, 0x7F, 0x64, 0xDB, 0x78, 0x38, 0xBD, 0x01, 0xA8, 0x48, 0x00, 0x00, 0x6D,
  0x7F, 0x43, 0xD3, 0x78, 0x7F, 0x64, 0xDB, 0x78, 0x38, 0xBD, 0x00, 0x50, 0x3D, 0x80, 0x80, 0x3A, 0x61, 0x8C, 0x74, 0xF0, 0x7D, 0x89, 0x03, 0xA6,
  0x4E, 0x80, 0x04, 0x21, 0x48, 0x00, 0x00, 0x10, 0x7F, 0x64, 0xDB, 0x78, 0x38, 0xBD, 0x00, 0x64, 0x48, 0x00, 0x00, 0x41, 0x3B, 0x7B, 0x00, 0x02,
  0x3B, 0x39, 0x00, 0x01, 0x2C, 0x19, 0x00, 0x0E, 0x40, 0x81, 0xFF, 0x68, 0xA0, 0x7C, 0x00, 0x0F, 0x38, 0x63, 0x00, 0x01, 0x2C, 0x03, 0x00, 0x1E,
  0x41, 0x80, 0x00, 0x08, 0x38, 0x60, 0x00, 0x00, 0xB0, 0x7C, 0x00, 0x0F, 0xBA, 0x81, 0x00, 0xB0, 0x80, 0x01, 0x00, 0xE4, 0x38, 0x21, 0x00, 0xE0,
  0x7C, 0x08, 0x03, 0xA6, 0x4E, 0x80, 0x00, 0x20, 0x7C, 0x08, 0x02, 0xA6, 0x90, 0x01, 0x00, 0x04, 0x94, 0x21, 0xFF, 0x20, 0xBE, 0x81, 0x00, 0xB0,
  0x7F, 0x43, 0xD3, 0x78, 0x3D, 0x80, 0x80, 0x3A, 0x61, 0x8C, 0x70, 0xA0, 0x7D, 0x89, 0x03, 0xA6, 0x4E, 0x80, 0x04, 0x21, 0xBA, 0x81, 0x00, 0xB0,
  0x80, 0x01, 0x00, 0xE4, 0x38, 0x21, 0x00, 0xE0, 0x7C, 0x08, 0x03, 0xA6, 0x4E, 0x80, 0x00, 0x20, 0x80, 0xCD, 0xB6, 0x38, 0x00, 0x00, 0x00, 0x00,
  0xC2, 0x26, 0x20, 0x04, 0x00, 0x00, 0x00, 0x0B, 0x3C, 0x60, 0x80, 0x48, 0x80, 0x63, 0x9D, 0x30, 0x54, 0x63, 0x44, 0x3E, 0x2C, 0x03, 0x00, 0x08,
  0x40, 0x82, 0x00, 0x3C, 0x3C, 0x60, 0x80, 0x00, 0x60, 0x63, 0x56, 0x14, 0x80, 0x63, 0x00, 0x00, 0x80, 0x83, 0x00, 0x00, 0x88, 0x63, 0x00, 0x14,
  0x2C, 0x03, 0x00, 0x00, 0x40, 0x82, 0x00, 0x10, 0x88, 0x64, 0x00, 0x01, 0x2C, 0x03, 0x00, 0x00, 0x41, 0x82, 0x00, 0x14, 0x3D, 0x80, 0x80, 0x26,
  0x61, 0x8C, 0x21, 0x54, 0x7D, 0x89, 0x03, 0xA6, 0x4E, 0x80, 0x04, 0x20, 0x56, 0x60, 0x15, 0xBA, 0x60, 0x00, 0x00, 0x00, 0x00, 0x00, 0x00, 0x00,
  0xC2, 0x26, 0x20, 0xAC, 0x00, 0x00, 0x00, 0x0B, 0x3C, 0x60, 0x80, 0x48, 0x80, 0x63, 0x9D, 0x30, 0x54, 0x63, 0x44, 0x3E, 0x2C, 0x03, 0x00, 0x08,
  0x40, 0x82, 0x00, 0x3C, 0x3C, 0x60, 0x80, 0x00, 0x60, 0x63, 0x56, 0x14, 0x80, 0x63, 0x00, 0x00, 0x80, 0x83, 0x00, 0x00, 0x88, 0x63, 0x00, 0x14,
  0x2C, 0x03, 0x00, 0x00, 0x40, 0x82, 0x00, 0x10, 0x88, 0x64, 0x00, 0x01, 0x2C, 0x03, 0x00, 0x00, 0x41, 0x82, 0x00, 0x14, 0x3D, 0x80, 0x80, 0x26,
  0x61, 0x8C, 0x21, 0x54, 0x7D, 0x89, 0x03, 0xA6, 0x4E, 0x80, 0x04, 0x20, 0x88, 0xFF, 0x00, 0x04, 0x60, 0x00, 0x00, 0x00, 0x00, 0x00, 0x00, 0x00,
  0xC2, 0x26, 0x00, 0xA8, 0x00, 0x00, 0x00, 0x0B, 0x3C, 0x60, 0x80, 0x48, 0x80, 0x63, 0x9D, 0x30, 0x54, 0x63, 0x44, 0x3E, 0x2C, 0x03, 0x00, 0x08,
  0x40, 0x82, 0x00, 0x3C, 0x88, 0x6D, 0xAF, 0xA0, 0x2C, 0x03, 0x00, 0x03, 0x41, 0x82, 0x00, 0x20, 0x3C, 0x60, 0x80, 0x00, 0x60, 0x63, 0x56, 0x14,
  0x80, 0x63, 0x00, 0x00, 0x80, 0x63, 0x00, 0x00, 0x88, 0x63, 0x00, 0x01, 0x2C, 0x03, 0x00, 0x00, 0x41, 0x82, 0x00, 0x14, 0x3D, 0x80, 0x80, 0x26,
  0x61, 0x8C, 0x02, 0x8C, 0x7D, 0x89, 0x03, 0xA6, 0x4E, 0x80, 0x04, 0x20, 0x3C, 0x60, 0x80, 0x3F, 0x60, 0x00, 0x00, 0x00, 0x00, 0x00, 0x00, 0x00,
  0xC2, 0x26, 0x69, 0x9C, 0x00, 0x00, 0x00, 0x28, 0x48, 0x00, 0x00, 0x2C, 0x4E, 0x80, 0x00, 0x21, 0xC2, 0xE0, 0x00, 0x00, 0x41, 0xA0, 0x00, 0x00,
  0x00, 0x00, 0x00, 0x00, 0x3D, 0xCC, 0xCC, 0xCD, 0x73, 0x6C, 0x70, 0x43, 0x53, 0x53, 0x2E, 0x64, 0x61, 0x74, 0x00, 0x73, 0x6C, 0x70, 0x43, 0x53,
  0x53, 0x00, 0x00, 0x00, 0x90, 0x0D, 0xB6, 0x38, 0x3C, 0x60, 0x80, 0x48, 0x80, 0x63, 0x9D, 0x30, 0x54, 0x63, 0x44, 0x3E, 0x2C, 0x03, 0x00, 0x08,
  0x40, 0x82, 0x00, 0xF8, 0x7C, 0x08, 0x02, 0xA6, 0x90, 0x01, 0x00, 0x04, 0x94, 0x21, 0xFF, 0x20, 0xBE, 0x81, 0x00, 0xB0, 0x4B, 0xFF, 0xFF, 0xB1,
  0x7F, 0xC8, 0x02, 0xA6, 0x3D, 0x80, 0x80, 0x00, 0x61, 0x8C, 0x56, 0x18, 0x7D, 0x89, 0x03, 0xA6, 0x4E, 0x80, 0x04, 0x21, 0x7C, 0x68, 0x02, 0xA6,
  0x39, 0x83, 0x00, 0x14, 0x7D, 0x89, 0x03, 0xA6, 0x4E, 0x80, 0x04, 0x21, 0x38, 0x60, 0x00, 0x1C, 0x3D, 0x80, 0x80, 0x37, 0x61, 0x8C, 0xF1, 0xE4,
  0x7D, 0x89, 0x03, 0xA6, 0x4E, 0x80, 0x04, 0x21, 0x7C, 0x7F, 0x1B, 0x78, 0x38, 0x80, 0x00, 0x1C, 0x3D, 0x80, 0x80, 0x00, 0x61, 0x8C, 0xC1, 0x60,
  0x7D, 0x89, 0x03, 0xA6, 0x4E, 0x80, 0x04, 0x21, 0x3C, 0x60, 0x80, 0x00, 0x60, 0x63, 0x56, 0x14, 0x93, 0xE3, 0x00, 0x00, 0x38, 0x60, 0x03, 0xC2,
  0x3D, 0x80, 0x80, 0x37, 0x61, 0x8C, 0xF1, 0xE4, 0x7D, 0x89, 0x03, 0xA6, 0x4E, 0x80, 0x04, 0x21, 0x90, 0x7F, 0x00, 0x00, 0x88, 0x6D, 0xAF, 0xA0,
  0x2C, 0x03, 0x00, 0x03, 0x40, 0x82, 0x00, 0x28, 0x3C, 0x60, 0x80, 0x26, 0x60, 0x63, 0x52, 0xF4, 0x80, 0x83, 0x00, 0x00, 0x54, 0x85, 0x30, 0x2E,
  0x38, 0x80, 0x00, 0x40, 0x7C, 0x85, 0x23, 0xD6, 0x7C, 0x63, 0x22, 0x14, 0x88, 0x63, 0x00, 0x08, 0x98, 0x7F, 0x00, 0x1A, 0x38, 0x7E, 0x00, 0x10,
  0x3D, 0x80, 0x80, 0x01, 0x61, 0x8C, 0x6B, 0xE0, 0x7D, 0x89, 0x03, 0xA6, 0x4E, 0x80, 0x04, 0x21, 0x38, 0x9E, 0x00, 0x1B, 0x3D, 0x80, 0x80, 0x38,
  0x61, 0x8C, 0x03, 0x58, 0x7D, 0x89, 0x03, 0xA6, 0x4E, 0x80, 0x04, 0x21, 0x90, 0x7F, 0x00, 0x04, 0xBA, 0x81, 0x00, 0xB0, 0x80, 0x01, 0x00, 0xE4,
  0x38, 0x21, 0x00, 0xE0, 0x7C, 0x08, 0x03, 0xA6, 0x60, 0x00, 0x00, 0x00, 0x00, 0x00, 0x00, 0x00, 0xC2, 0x26, 0x41, 0x18, 0x00, 0x00, 0x00, 0x1B,
  0x7C, 0x08, 0x02, 0xA6, 0x90, 0x01, 0x00, 0x04, 0x94, 0x21, 0xFF, 0x00, 0xBC, 0x61, 0x00, 0x08, 0x88, 0x6D, 0xAF, 0xA3, 0x2C, 0x03, 0x00, 0x00,
  0x40, 0x82, 0x00, 0x38, 0x38, 0x60, 0x00, 0x00, 0x3D, 0x80, 0x80, 0x00, 0x61, 0x8C, 0x56, 0x10, 0x7D, 0x89, 0x03, 0xA6, 0x4E, 0x80, 0x04, 0x21,
  0x8B, 0xC3, 0x00, 0x01, 0x3D, 0x80, 0x80, 0x37, 0x61, 0x8C, 0xF1, 0xB0, 0x7D, 0x89, 0x03, 0xA6, 0x4E, 0x80, 0x04, 0x21, 0x2C, 0x1E, 0x00, 0x00,
  0x40, 0x82, 0x00, 0x58, 0x48, 0x00, 0x00, 0x74, 0x38, 0x60, 0x00, 0x00, 0x98, 0x6D, 0xAF, 0xA3, 0x3C, 0x60, 0x80, 0x23, 0x60, 0x63, 0xCC, 0xA4,
  0x80, 0x83, 0x00, 0x00, 0x54, 0x85, 0x30, 0x2E, 0x38, 0x80, 0x00, 0x40, 0x7C, 0x85, 0x23, 0xD6, 0x7C, 0x63, 0x22, 0x14, 0x83, 0xE3, 0x00, 0x0C,
  0x80, 0x7F, 0x00, 0x06, 0x3D, 0x80, 0x80, 0x37, 0x61, 0x8C, 0xF1, 0xB0, 0x7D, 0x89, 0x03, 0xA6, 0x4E, 0x80, 0x04, 0x21, 0x7F, 0xE3, 0xFB, 0x78,
  0x3D, 0x80, 0x80, 0x37, 0x61, 0x8C, 0xF1, 0xB0, 0x7D, 0x89, 0x03, 0xA6, 0x4E, 0x80, 0x04, 0x21, 0xB8, 0x61, 0x00, 0x08, 0x80, 0x01, 0x01, 0x04,
  0x38, 0x21, 0x01, 0x00, 0x7C, 0x08, 0x03, 0xA6, 0x3D, 0x80, 0x80, 0x26, 0x61, 0x8C, 0x41, 0xA8, 0x7D, 0x89, 0x03, 0xA6, 0x4E, 0x80, 0x04, 0x20,
  0xB8, 0x61, 0x00, 0x08, 0x80, 0x01, 0x01, 0x04, 0x38, 0x21, 0x01, 0x00, 0x7C, 0x08, 0x03, 0xA6, 0x80, 0x63, 0x00, 0x20, 0x00, 0x00, 0x00, 0x00,
  0xC2, 0x26, 0x24, 0x78, 0x00, 0x00, 0x00, 0x14, 0x7C, 0x08, 0x02, 0xA6, 0x90, 0x01, 0x00, 0x04, 0x94, 0x21, 0xFF, 0x20, 0xBE, 0x81, 0x00, 0xB0,
  0x3F, 0xC0, 0x80, 0x00, 0x63, 0xDE, 0x56, 0x14, 0x83, 0xDE, 0x00, 0x00, 0x3C, 0x60, 0x80, 0x48, 0x80, 0x63, 0x9D, 0x30, 0x54, 0x63, 0x44, 0x3E,
  0x2C, 0x03, 0x00, 0x08, 0x40, 0x82, 0x00, 0x44, 0x88, 0x8D, 0xAF, 0xA0, 0x2C, 0x04, 0x00, 0x03, 0x40, 0x82, 0x00, 0x38, 0x8B, 0xFE, 0x00, 0x1A,
  0x2C, 0x1F, 0x00, 0x03, 0x41, 0x82, 0x00, 0x08, 0x3B, 0xFF, 0xFF, 0xFF, 0x88, 0xCD, 0xB6, 0x50, 0x1C, 0xC6, 0x00, 0x04, 0x7F, 0xFF, 0x32, 0x14,
  0x7F, 0xE3, 0xFB, 0x78, 0x3D, 0x80, 0x80, 0x00, 0x61, 0x8C, 0x55, 0xF4, 0x7D, 0x89, 0x03, 0xA6, 0x4E, 0x80, 0x04, 0x21, 0x48, 0x00, 0x00, 0x04,
  0xBA, 0x81, 0x00, 0xB0, 0x80, 0x01, 0x00, 0xE4, 0x38, 0x21, 0x00, 0xE0, 0x7C, 0x08, 0x03, 0xA6, 0x80, 0x61, 0x00, 0x3C, 0x38, 0x80, 0x00, 0x06,
  0x38, 0xA0, 0x04, 0x00, 0x3C, 0xC0, 0x80, 0x36, 0x60, 0xC6, 0x41, 0x0C, 0x38, 0xE0, 0x00, 0x01, 0x60, 0x00, 0x00, 0x00, 0x00, 0x00, 0x00, 0x00,
  0xC2, 0x26, 0x27, 0x68, 0x00, 0x00, 0x00, 0x0D, 0x7C, 0x08, 0x02, 0xA6, 0x90, 0x01, 0x00, 0x04, 0x94, 0x21, 0xFF, 0x20, 0xBE, 0x81, 0x00, 0xB0,
  0x3F, 0x80, 0x80, 0x00, 0x63, 0x9C, 0x56, 0x14, 0x83, 0x9C, 0x00, 0x00, 0x3C, 0x60, 0x80, 0x48, 0x80, 0x63, 0x9D, 0x30, 0x54, 0x63, 0x44, 0x3E,
  0x2C, 0x03, 0x00, 0x08, 0x40, 0x82, 0x00, 0x24, 0x88, 0x8D, 0xAF, 0xA0, 0x2C, 0x04, 0x00, 0x03, 0x40, 0x82, 0x00, 0x18, 0x8B, 0x7C, 0x00, 0x1A,
  0x2C, 0x1B, 0x00, 0x03, 0x41, 0x82, 0x00, 0x08, 0x3B, 0x7B, 0xFF, 0xFF, 0x9B, 0x7D, 0x00, 0x06, 0xBA, 0x81, 0x00, 0xB0, 0x80, 0x01, 0x00, 0xE4,
  0x38, 0x21, 0x00, 0xE0, 0x7C, 0x08, 0x03, 0xA6, 0x38, 0x7C, 0x00, 0x00, 0x00, 0x00, 0x00, 0x00, 0xC2, 0x26, 0x52, 0xF4, 0x00, 0x00, 0x00, 0xB8,
  0x48, 0x00, 0x00, 0x30, 0x4E, 0x80, 0x00, 0x21, 0x01, 0xC0, 0x20, 0x00, 0x00, 0xC0, 0xA0, 0x00, 0x00, 0xC1, 0xBC, 0x00, 0x00, 0xC1, 0x8C, 0x00,
  0x00, 0x00, 0x00, 0x00, 0x00, 0x3F, 0x80, 0x00, 0x00, 0xC1, 0x9C, 0x00, 0x00, 0xC0, 0x40, 0x00, 0x00, 0x3D, 0xCC, 0xCC, 0xCD, 0x00, 0x00, 0x00,
  0x3C, 0x60, 0x80, 0x48, 0x80, 0x63, 0x9D, 0x30, 0x54, 0x63, 0x44, 0x3E, 0x2C, 0x03, 0x00, 0x08, 0x40, 0x82, 0x05, 0x60, 0x88, 0x8D, 0xAF, 0xA0,
  0x2C, 0x04, 0x00, 0x03, 0x40, 0x82, 0x05, 0x54, 0x7C, 0x08, 0x02, 0xA6, 0x90, 0x01, 0x00, 0x04, 0x94, 0x21, 0xFF, 0x10, 0xBE, 0x81, 0x00, 0xB0,
  0xDB, 0xE1, 0x00, 0xE0, 0xDB, 0xC1, 0x00, 0xE8, 0x3F, 0xC0, 0x80, 0x00, 0x63, 0xDE, 0x56, 0x14, 0x83, 0xDE, 0x00, 0x00, 0x4B, 0xFF, 0xFF, 0x91,
  0x7F, 0xE8, 0x02, 0xA6, 0xC3, 0xFF, 0x00, 0x11, 0xC3, 0xDF, 0x00, 0x15, 0x38, 0x60, 0x00, 0x04, 0x3D, 0x80, 0x80, 0x37, 0x61, 0x8C, 0xF1, 0xE4,
  0x7D, 0x89, 0x03, 0xA6, 0x4E, 0x80, 0x04, 0x21, 0x7C, 0x77, 0x1B, 0x78, 0x38, 0x80, 0x00, 0x04, 0x3D, 0x80, 0x80, 0x00, 0x61, 0x8C, 0xC1, 0x60,
  0x7D, 0x89, 0x03, 0xA6, 0x4E, 0x80, 0x04, 0x21, 0x7F, 0xC3, 0xF3, 0x78, 0x90, 0x77, 0x00, 0x07, 0x38, 0x60, 0x00, 0x04, 0x38, 0x80, 0x00, 0x05,
  0x38, 0xA0, 0x00, 0x80, 0x3D, 0x80, 0x80, 0x39, 0x61, 0x8C, 0x01, 0xF0, 0x7D, 0x89, 0x03, 0xA6, 0x4E, 0x80, 0x04, 0x21, 0x7C, 0x74, 0x1B, 0x78,
  0x80, 0x6D, 0xB6, 0x38, 0x80, 0x63, 0x00, 0x30, 0x80, 0x63, 0x00, 0x08, 0x38, 0x80, 0x00, 0x00, 0x80, 0x63, 0x00, 0x0C, 0x38, 0x84, 0x00, 0x01,
  0x2C, 0x04, 0x00, 0x07, 0x41, 0x80, 0xFF, 0xF4, 0x80, 0x63, 0x00, 0x08, 0x3D, 0x80, 0x80, 0x37, 0x61, 0x8C, 0x0E, 0x44, 0x7D, 0x89, 0x03, 0xA6,
  0x4E, 0x80, 0x04, 0x21, 0x7C, 0x75, 0x1B, 0x78, 0x7E, 0xA3, 0xAB, 0x78, 0x80, 0x9F, 0x00, 0x19, 0x90, 0x83, 0x00, 0x38, 0x80, 0x9F, 0x00, 0x1D,
  0x90, 0x83, 0x00, 0x3C, 0x80, 0x9F, 0x00, 0x21, 0x90, 0x83, 0x00, 0x40, 0x80, 0x6D, 0xB6, 0x38, 0x80, 0x63, 0x00, 0x38, 0x80, 0x63, 0x00, 0x00,
  0x38, 0x80, 0x00, 0x00, 0x80, 0x63, 0x00, 0x04, 0x38, 0x84, 0x00, 0x01, 0x2C, 0x04, 0x00, 0x07, 0x41, 0x80, 0xFF, 0xF4, 0x80, 0xA3, 0x00, 0x00,
  0x7E, 0xA3, 0xAB, 0x78, 0x38, 0x80, 0x00, 0x00, 0x38, 0xC0, 0x00, 0x00, 0x3D, 0x80, 0x80, 0x36, 0x61, 0x8C, 0xFB, 0x5C, 0x7D, 0x89, 0x03, 0xA6,
  0x4E, 0x80, 0x04, 0x21, 0x7E, 0xA3, 0xAB, 0x78, 0xFC, 0x20, 0xF8, 0x90, 0x3D, 0x80, 0x80, 0x36, 0x61, 0x8C, 0xF8, 0xBC, 0x7D, 0x89, 0x03, 0xA6,
  0x4E, 0x80, 0x04, 0x21, 0x7E, 0xA3, 0xAB, 0x78, 0x3D, 0x80, 0x80, 0x37, 0x61, 0x8C, 0x09, 0x28, 0x7D, 0x89, 0x03, 0xA6, 0x4E, 0x80, 0x04, 0x21,
  0x7E, 0x83, 0xA3, 0x78, 0x38, 0x80, 0x00, 0x04, 0x7E, 0xA5, 0xAB, 0x78, 0x3D, 0x80, 0x80, 0x39, 0x61, 0x8C, 0x0A, 0x70, 0x7D, 0x89, 0x03, 0xA6,
  0x4E, 0x80, 0x04, 0x21, 0x7E, 0x83, 0xA3, 0x78, 0x3C, 0x80, 0x80, 0x39, 0x60, 0x84, 0x10, 0x70, 0x38, 0xA0, 0x00, 0x02, 0x38, 0xC0, 0x00, 0x80,
  0x3D, 0x80, 0x80, 0x39, 0x61, 0x8C, 0x06, 0x9C, 0x7D, 0x89, 0x03, 0xA6, 0x4E, 0x80, 0x04, 0x21, 0x7E, 0x83, 0xA3, 0x78, 0x38, 0x80, 0x00, 0x04,
  0x3C, 0xA0, 0x80, 0x37, 0x60, 0xA5, 0xF1, 0xB0, 0x7E, 0xE6, 0xBB, 0x78, 0x3D, 0x80, 0x80, 0x39, 0x61, 0x8C, 0x0B, 0x68, 0x7D, 0x89, 0x03, 0xA6,
  0x4E, 0x80, 0x04, 0x21, 0x7E, 0x83, 0xA3, 0x78, 0x48, 0x00, 0x00, 0xBD, 0x7C, 0x88, 0x02, 0xA6, 0x38, 0xA0, 0x00, 0x04, 0x3D, 0x80, 0x80, 0x38,
  0x61, 0x8C, 0xFD, 0x54, 0x7D, 0x89, 0x03, 0xA6, 0x4E, 0x80, 0x04, 0x21, 0x48, 0x00, 0x02, 0x01, 0x80, 0x6D, 0xB6, 0x20, 0x38, 0x81, 0x00, 0x34,
  0x38, 0xA0, 0x00, 0x2B, 0x38, 0xC0, 0xFF, 0xFF, 0x3D, 0x80, 0x80, 0x01, 0x61, 0x8C, 0x1E, 0x24, 0x7D, 0x89, 0x03, 0xA6, 0x4E, 0x80, 0x04, 0x21,
  0x80, 0x61, 0x00, 0x34, 0x3C, 0x80, 0xC0, 0x40, 0x60, 0x84, 0x00, 0x00, 0x90, 0x83, 0x00, 0x3C, 0x80, 0x6D, 0xB6, 0x20, 0x38, 0x81, 0x00, 0x34,
  0x38, 0xA0, 0x00, 0x29, 0x38, 0xC0, 0xFF, 0xFF, 0x3D, 0x80, 0x80, 0x01, 0x61, 0x8C, 0x1E, 0x24, 0x7D, 0x89, 0x03, 0xA6, 0x4E, 0x80, 0x04, 0x21,
  0x80, 0x61, 0x00, 0x34, 0x3D, 0x80, 0x80, 0x37, 0x61, 0x8C, 0x1B, 0xEC, 0x7D, 0x89, 0x03, 0xA6, 0x4E, 0x80, 0x04, 0x21, 0x80, 0x63, 0x00, 0x04,
  0x80, 0x63, 0x00, 0x08, 0xFC, 0x20, 0xF8, 0x90, 0x3D, 0x80, 0x80, 0x36, 0x61, 0x8C, 0x3C, 0x2C, 0x7D, 0x89, 0x03, 0xA6, 0x4E, 0x80, 0x04, 0x21,
  0xBA, 0x81, 0x00, 0xB0, 0xCB, 0xE1, 0x00, 0xE0, 0xCB, 0xC1, 0x00, 0xE8, 0x80, 0x01, 0x00, 0xF4, 0x38, 0x21, 0x00, 0xF0, 0x7C, 0x08, 0x03, 0xA6,
  0x48, 0x00, 0x02, 0xE8, 0x4E, 0x80, 0x00, 0x21, 0x7C, 0x08, 0x02, 0xA6, 0x90, 0x01, 0x00, 0x04, 0x94, 0x21, 0xFF, 0x20, 0xBE, 0x81, 0x00, 0xB0,
  0x7C, 0x74, 0x1B, 0x78, 0x82, 0xB4, 0x00, 0x28, 0x88, 0x6D, 0xB6, 0x56, 0x2C, 0x03, 0x00, 0x00, 0x40, 0x82, 0x00, 0x98, 0x3F, 0xC0, 0x80, 0x00,
  0x63, 0xDE, 0x56, 0x14, 0x83, 0xDE, 0x00, 0x00, 0x80, 0x7E, 0x00, 0x00, 0x88, 0x63, 0x00, 0x01, 0x2C, 0x03, 0x00, 0x00, 0x40, 0x82, 0x00, 0x7C,
  0x4B, 0xFF, 0xFD, 0x05, 0x7F, 0xE8, 0x02, 0xA6, 0x3B, 0xA0, 0x00, 0x00, 0x3C, 0x80, 0x80, 0x4A, 0x60, 0x84, 0x0B, 0xC0, 0x80, 0x84, 0x00, 0x00,
  0xC0, 0x24, 0x00, 0x0C, 0xC0, 0x44, 0x00, 0x10, 0xC0, 0x7F, 0x00, 0x01, 0xC0, 0x9F, 0x00, 0x05, 0xC0, 0xBF, 0x00, 0x09, 0xC0, 0xDF, 0x00, 0x0D,
  0xFC, 0x02, 0x18, 0x40, 0x41, 0x81, 0x00, 0x44, 0xFC, 0x02, 0x20, 0x40, 0x41, 0x80, 0x00, 0x3C, 0xFC, 0x01, 0x28, 0x40, 0x41, 0x80, 0x00, 0x34,
  0xFC, 0x01, 0x30, 0x40, 0x41, 0x81, 0x00, 0x2C, 0x3B, 0xA0, 0x00, 0x01, 0x3C, 0x80, 0x80, 0x4C, 0x60, 0x84, 0x20, 0xBC, 0x88, 0x6D, 0xB6, 0x50,
  0x1C, 0x63, 0x00, 0x44, 0x7C, 0x64, 0x1A, 0x14, 0x80, 0x63, 0x00, 0x08, 0x54, 0x63, 0x05, 0xEF, 0x41, 0x82, 0x00, 0x08, 0x48, 0x00, 0x00, 0x19,
  0xBA, 0x81, 0x00, 0xB0, 0x80, 0x01, 0x00, 0xE4, 0x38, 0x21, 0x00, 0xE0, 0x7C, 0x08, 0x03, 0xA6, 0x4E, 0x80, 0x00, 0x20, 0x7C, 0x08, 0x02, 0xA6,
  0x90, 0x01, 0x00, 0x04, 0x94, 0x21, 0xFF, 0x20, 0xBE, 0x81, 0x00, 0xB0, 0x3D, 0x80, 0x80, 0x00, 0x61, 0x8C, 0x56, 0xB8, 0x7D, 0x89, 0x03, 0xA6,
  0x4E, 0x80, 0x04, 0x21, 0x7C, 0x65, 0x1B, 0x78, 0x38, 0x60, 0x00, 0x00, 0x1C, 0x63, 0x00, 0x24, 0x3C, 0x80, 0x80, 0x3F, 0x60, 0x84, 0x0A, 0x48,
  0x7C, 0x83, 0x22, 0x14, 0x88, 0x64, 0x03, 0xC2, 0x1C, 0x63, 0x00, 0x1C, 0x7C, 0x83, 0x2A, 0x14, 0x8B, 0x44, 0x00, 0xDD, 0x88, 0x9E, 0x00, 0x1A,
  0x38, 0x84, 0x00, 0x01, 0x2C, 0x04, 0x00, 0x04, 0x41, 0x80, 0x00, 0x08, 0x38, 0x80, 0x00, 0x01, 0x98, 0x9E, 0x00, 0x1A, 0x98, 0x9F, 0x00, 0x00,
  0x48, 0x00, 0x00, 0x2D, 0x38, 0x60, 0x00, 0x02, 0x3D, 0x80, 0x80, 0x02, 0x61, 0x8C, 0x40, 0x30, 0x7D, 0x89, 0x03, 0xA6, 0x4E, 0x80, 0x04, 0x21,
  0xBA, 0x81, 0x00, 0xB0, 0x80, 0x01, 0x00, 0xE4, 0x38, 0x21, 0x00, 0xE0, 0x7C, 0x08, 0x03, 0xA6, 0x4E, 0x80, 0x00, 0x20, 0x7C, 0x08, 0x02, 0xA6,
  0x90, 0x01, 0x00, 0x04, 0x94, 0x21, 0xFF, 0x20, 0xBE, 0x81, 0x00, 0xB0, 0x80, 0x8D, 0xB6, 0x10, 0x88, 0x6D, 0xB6, 0x50, 0x1C, 0x63, 0x00, 0x24,
  0x7F, 0x84, 0x1A, 0x14, 0x88, 0x7C, 0x00, 0x70, 0x7C, 0x7B, 0x1B, 0x78, 0x8B, 0x3E, 0x00, 0x1A, 0x2C, 0x19, 0x00, 0x03, 0x41, 0x82, 0x00, 0x1C,
  0x2C, 0x19, 0x00, 0x02, 0x41, 0x82, 0x00, 0x0C, 0x2C, 0x19, 0x00, 0x01, 0x40, 0x81, 0x00, 0x14, 0x38, 0x60, 0x00, 0x00, 0x48, 0x00, 0x00, 0x10,
  0x38, 0x60, 0x00, 0x01, 0x48, 0x00, 0x00, 0x08, 0x38, 0x60, 0x00, 0x02, 0x3D, 0x80, 0x80, 0x00, 0x61, 0x8C, 0x55, 0xF4, 0x7D, 0x89, 0x03, 0xA6,
  0x4E, 0x80, 0x04, 0x21, 0x7E, 0xA3, 0xAB, 0x78, 0x3D, 0x80, 0x80, 0x36, 0x61, 0x8C, 0xF8, 0xBC, 0x7D, 0x89, 0x03, 0xA6, 0x4E, 0x80, 0x04, 0x21,
  0x7E, 0xA3, 0xAB, 0x78, 0x3D, 0x80, 0x80, 0x37, 0x61, 0x8C, 0x09, 0x28, 0x7D, 0x89, 0x03, 0xA6, 0x4E, 0x80, 0x04, 0x21, 0x7F, 0x23, 0xCB, 0x78,
  0x48, 0x00, 0x00, 0x75, 0x7F, 0x23, 0xCB, 0x78, 0x7F, 0x64, 0xDB, 0x78, 0x3D, 0x80, 0x80, 0x00, 0x61, 0x8C, 0x56, 0xB0, 0x7D, 0x89, 0x03, 0xA6,
  0x4E, 0x80, 0x04, 0x21, 0x7C, 0x78, 0x1B, 0x78, 0x88, 0x6D, 0xB6, 0x57, 0x2C, 0x03, 0x00, 0x00, 0x41, 0x82, 0xFF, 0x30, 0x9B, 0x1C, 0x00, 0x73,
  0x3C, 0xA0, 0x80, 0x3F, 0x60, 0xA5, 0x0E, 0x09, 0x9B, 0x05, 0x00, 0x00, 0x9B, 0x1E, 0x00, 0x1B, 0x38, 0x60, 0x00, 0x00, 0x7F, 0x44, 0xD3, 0x78,
  0x7F, 0x05, 0xC3, 0x78, 0x38, 0xC0, 0x00, 0x00, 0x3D, 0x80, 0x80, 0x00, 0x61, 0x8C, 0x56, 0xBC, 0x7D, 0x89, 0x03, 0xA6, 0x4E, 0x80, 0x04, 0x21,
  0xBA, 0x81, 0x00, 0xB0, 0x80, 0x01, 0x00, 0xE4, 0x38, 0x21, 0x00, 0xE0, 0x7C, 0x08, 0x03, 0xA6, 0x4E, 0x80, 0x00, 0x20, 0x7C, 0x08, 0x02, 0xA6,
  0x90, 0x01, 0x00, 0x04, 0x94, 0x21, 0xFF, 0x20, 0xBE, 0x81, 0x00, 0xB0, 0x7C, 0x79, 0x1B, 0x78, 0x2C, 0x19, 0x00, 0x03, 0x41, 0x82, 0x00, 0x1C,
  0x2C, 0x19, 0x00, 0x02, 0x41, 0x82, 0x00, 0x0C, 0x2C, 0x19, 0x00, 0x01, 0x41, 0x82, 0x00, 0x14, 0x38, 0x80, 0x00, 0x00, 0x48, 0x00, 0x00, 0x14,
  0x38, 0x80, 0x00, 0x01, 0x48, 0x00, 0x00, 0x0C, 0x38, 0x80, 0x00, 0x02, 0x48, 0x00, 0x00, 0x04, 0x88, 0xAD, 0xB6, 0x50, 0x38, 0x6D, 0x9A, 0x38,
  0x7C, 0x63, 0x2A, 0x14, 0x98, 0x83, 0x00, 0x00, 0x38, 0x60, 0x00, 0x00, 0x3D, 0x80, 0x80, 0x25, 0x61, 0x8C, 0xDB, 0x34, 0x7D, 0x89, 0x03, 0xA6,
  0x4E, 0x80, 0x04, 0x21, 0xBA, 0x81, 0x00, 0xB0, 0x80, 0x01, 0x00, 0xE4, 0x38, 0x21, 0x00, 0xE0, 0x7C, 0x08, 0x03, 0xA6, 0x4E, 0x80, 0x00, 0x20,
  0x38, 0x60, 0x00, 0x00, 0x38, 0x98, 0x00, 0x00, 0x3D, 0x80, 0x80, 0x3A, 0x61, 0x8C, 0x67, 0x54, 0x7D, 0x89, 0x03, 0xA6, 0x4E, 0x80, 0x04, 0x21,
  0x60, 0x00, 0x00, 0x00, 0x00, 0x00, 0x00, 0x00, 0xC2, 0x26, 0x0C, 0x28, 0x00, 0x00, 0x00, 0x1C, 0x7C, 0x08, 0x02, 0xA6, 0x90, 0x01, 0x00, 0x04,
  0x94, 0x21, 0xFF, 0x20, 0xBE, 0x81, 0x00, 0xB0, 0x3F, 0xE0, 0x80, 0x00, 0x63, 0xFF, 0x56, 0x14, 0x83, 0xFF, 0x00, 0x00, 0x3C, 0x60, 0x80, 0x48,
  0x80, 0x63, 0x9D, 0x30, 0x54, 0x63, 0x44, 0x3E, 0x2C, 0x03, 0x00, 0x08, 0x40, 0x82, 0x00, 0x98, 0x88, 0x8D, 0xAF, 0xA0, 0x2C, 0x04, 0x00, 0x03,
  0x40, 0x82, 0x00, 0x8C, 0x8B, 0xDF, 0x00, 0x1A, 0x80, 0x8D, 0xB6, 0x10, 0x88, 0x6D, 0xB6, 0x50, 0x1C, 0x63, 0x00, 0x24, 0x7F, 0x44, 0x1A, 0x14,
  0x88, 0x7A, 0x00, 0x70, 0x7C, 0x7D, 0x1B, 0x78, 0x3D, 0x80, 0x80, 0x00, 0x61, 0x8C, 0x56, 0xB8, 0x7D, 0x89, 0x03, 0xA6, 0x4E, 0x80, 0x04, 0x21,
  0x7C, 0x65, 0x1B, 0x78, 0x38, 0x60, 0x00, 0x00, 0x1C, 0x63, 0x00, 0x24, 0x3C, 0x80, 0x80, 0x3F, 0x60, 0x84, 0x0A, 0x48, 0x7C, 0x83, 0x22, 0x14,
  0x88, 0x64, 0x03, 0xC2, 0x1C, 0x63, 0x00, 0x1C, 0x7C, 0x83, 0x2A, 0x14, 0x8B, 0x84, 0x00, 0xDD, 0x7F, 0xC3, 0xF3, 0x78, 0x7F, 0x84, 0xE3, 0x78,
  0x3D, 0x80, 0x80, 0x00, 0x61, 0x8C, 0x56, 0xB0, 0x7D, 0x89, 0x03, 0xA6, 0x4E, 0x80, 0x04, 0x21, 0x7C, 0x7B, 0x1B, 0x78, 0x80, 0xAD, 0xB6, 0x10,
  0x9B, 0x65, 0x00, 0x73, 0x3C, 0xA0, 0x80, 0x3F, 0x60, 0xA5, 0x0E, 0x09, 0x9B, 0x65, 0x00, 0x00, 0x48, 0x00, 0x00, 0x04, 0xBA, 0x81, 0x00, 0xB0,
  0x80, 0x01, 0x00, 0xE4, 0x38, 0x21, 0x00, 0xE0, 0x7C, 0x08, 0x03, 0xA6, 0x9E, 0x98, 0x03, 0xC2, 0x60, 0x00, 0x00, 0x00, 0x00, 0x00, 0x00, 0x00,
  0xC2, 0x26, 0x0E, 0x14, 0x00, 0x00, 0x00, 0x03, 0x3D, 0x80, 0x80, 0x26, 0x61, 0x8C, 0x0B, 0x90, 0x7D, 0x89, 0x03, 0xA6, 0x4E, 0x80, 0x04, 0x20,
  0x60, 0x00, 0x00, 0x00, 0x00, 0x00, 0x00, 0x00, 0xC2, 0x26, 0x0B, 0x90, 0x00, 0x00, 0x00, 0x1A, 0x7C, 0x08, 0x02, 0xA6, 0x90, 0x01, 0x00, 0x04,
  0x94, 0x21, 0xFF, 0x20, 0xBE, 0x81, 0x00, 0xB0, 0x3F, 0xE0, 0x80, 0x00, 0x63, 0xFF, 0x56, 0x14, 0x83, 0xFF, 0x00, 0x00, 0x3C, 0x60, 0x80, 0x48,
  0x80, 0x63, 0x9D, 0x30, 0x54, 0x63, 0x44, 0x3E, 0x2C, 0x03, 0x00, 0x08, 0x40, 0x82, 0x00, 0x88, 0x88, 0x8D, 0xAF, 0xA0, 0x2C, 0x04, 0x00, 0x03,
  0x40, 0x82, 0x00, 0x7C, 0x80, 0x8D, 0xB6, 0x10, 0x88, 0x6D, 0xB6, 0x50, 0x1C, 0x63, 0x00, 0x24, 0x7F, 0x44, 0x1A, 0x14, 0x88, 0x7A, 0x00, 0x70,
  0x7C, 0x7D, 0x1B, 0x78, 0x8B, 0xDF, 0x00, 0x1A, 0x7F, 0xC3, 0xF3, 0x78, 0x7F, 0xA4, 0xEB, 0x78, 0x3D, 0x80, 0x80, 0x00, 0x61, 0x8C, 0x56, 0xB0,
  0x7D, 0x89, 0x03, 0xA6, 0x4E, 0x80, 0x04, 0x21, 0x7C, 0x7B, 0x1B, 0x78, 0x80, 0xAD, 0xB6, 0x10, 0x9B, 0x7A, 0x00, 0x73, 0x3C, 0xA0, 0x80, 0x3F,
  0x60, 0xA5, 0x0E, 0x09, 0x9B, 0x65, 0x00, 0x00, 0x88, 0x65, 0x00, 0x01, 0x98, 0x65, 0x00, 0x02, 0x38, 0x60, 0x00, 0x00, 0x7F, 0xA4, 0xEB, 0x78,
  0x7F, 0x65, 0xDB, 0x78, 0x38, 0xC0, 0x00, 0x00, 0x3D, 0x80, 0x80, 0x00, 0x61, 0x8C, 0x56, 0xBC, 0x7D, 0x89, 0x03, 0xA6, 0x4E, 0x80, 0x04, 0x21,
  0x48, 0x00, 0x00, 0x04, 0xBA, 0x81, 0x00, 0xB0, 0x80, 0x01, 0x00, 0xE4, 0x38, 0x21, 0x00, 0xE0, 0x7C, 0x08, 0x03, 0xA6, 0x38, 0x00, 0x00, 0x00,
  0x60, 0x00, 0x00, 0x00, 0x00, 0x00, 0x00, 0x00, 0xC2, 0x26, 0x0C, 0x88, 0x00, 0x00, 0x00, 0x18, 0x7C, 0x08, 0x02, 0xA6, 0x90, 0x01, 0x00, 0x04,
  0x94, 0x21, 0xFF, 0x20, 0xBE, 0x81, 0x00, 0xB0, 0x7C, 0x9D, 0x23, 0x78, 0x7C, 0x7B, 0x1B, 0x78, 0x3F, 0xE0, 0x80, 0x00, 0x63, 0xFF, 0x56, 0x14,
  0x83, 0xFF, 0x00, 0x00, 0x3C, 0x60, 0x80, 0x48, 0x80, 0x63, 0x9D, 0x30, 0x54, 0x63, 0x44, 0x3E, 0x2C, 0x03, 0x00, 0x08, 0x40, 0x82, 0x00, 0x68,
  0x88, 0x8D, 0xAF, 0xA0, 0x2C, 0x04, 0x00, 0x03, 0x40, 0x82, 0x00, 0x5C, 0x8B, 0xDF, 0x00, 0x1A, 0x7F, 0xC3, 0xF3, 0x78, 0x7F, 0xA4, 0xEB, 0x78,
  0x3D, 0x80, 0x80, 0x00, 0x61, 0x8C, 0x56, 0xB0, 0x7D, 0x89, 0x03, 0xA6, 0x4E, 0x80, 0x04, 0x21, 0x7C, 0x7C, 0x1B, 0x78, 0x80, 0xAD, 0xB6, 0x10,
  0x9B, 0x85, 0x00, 0x73, 0x3C, 0xA0, 0x80, 0x3F, 0x60, 0xA5, 0x0E, 0x09, 0x9B, 0x85, 0x00, 0x00, 0x38, 0x60, 0x00, 0x00, 0x7F, 0xA4, 0xEB, 0x78,
  0x7F, 0x85, 0xE3, 0x78, 0x38, 0xC0, 0x00, 0x00, 0x3D, 0x80, 0x80, 0x00, 0x61, 0x8C, 0x56, 0xBC, 0x7D, 0x89, 0x03, 0xA6, 0x4E, 0x80, 0x04, 0x21,
  0x48, 0x00, 0x00, 0x04, 0x7F, 0xA4, 0xEB, 0x78, 0x7F, 0x63, 0xDB, 0x78, 0xBA, 0x81, 0x00, 0xB0, 0x80, 0x01, 0x00, 0xE4, 0x38, 0x21, 0x00, 0xE0,
  0x7C, 0x08, 0x03, 0xA6, 0x98, 0x83, 0x00, 0x70, 0x60, 0x00, 0x00, 0x00, 0x00, 0x00, 0x00, 0x00, 0x04, 0x23, 0xC7, 0x10, 0x28, 0x03, 0x00, 0x07,
  0x04, 0x23, 0xC3, 0x20, 0x28, 0x03, 0x00, 0x07, 0xC2, 0x23, 0xE7, 0x30, 0x00, 0x00, 0x00, 0x06, 0x89, 0x8D, 0xAF, 0xA3, 0x2C, 0x0C, 0x00, 0x00,
  0x41, 0x82, 0x00, 0x14, 0x3D, 0x80, 0x80, 0x23, 0x61, 0x8C, 0xE7, 0x3C, 0x7D, 0x89, 0x03, 0xA6, 0x4E, 0x80, 0x04, 0x20, 0x3D, 0x80, 0x80, 0x00,
  0x61, 0x8C, 0xAE, 0x90, 0x7D, 0x89, 0x03, 0xA6, 0x4E, 0x80, 0x04, 0x21, 0x00, 0x00, 0x00, 0x00, 0xC2, 0x23, 0xE9, 0x24, 0x00, 0x00, 0x00, 0x06,
  0x89, 0x8D, 0xAF, 0xA3, 0x2C, 0x0C, 0x00, 0x00, 0x41, 0x82, 0x00, 0x14, 0x3D, 0x80, 0x80, 0x23, 0x61, 0x8C, 0xE9, 0x30, 0x7D, 0x89, 0x03, 0xA6,
  0x4E, 0x80, 0x04, 0x20, 0x3D, 0x80, 0x80, 0x00, 0x61, 0x8C, 0xAE, 0x90, 0x7D, 0x89, 0x03, 0xA6, 0x4E, 0x80, 0x04, 0x21, 0x00, 0x00, 0x00, 0x00,
  0xC2, 0x23, 0xE2, 0x90, 0x00, 0x00, 0x00, 0x06, 0x89, 0x8D, 0xAF, 0xA3, 0x2C, 0x0C, 0x00, 0x00, 0x41, 0x82, 0x00, 0x14, 0x3D, 0x80, 0x80, 0x23,
  0x61, 0x8C, 0xE2, 0x9C, 0x7D, 0x89, 0x03, 0xA6, 0x4E, 0x80, 0x04, 0x20, 0x3D, 0x80, 0x80, 0x00, 0x61, 0x8C, 0xAE, 0x90, 0x7D, 0x89, 0x03, 0xA6,
  0x4E, 0x80, 0x04, 0x21, 0x00, 0x00, 0x00, 0x00, 0xC2, 0x23, 0xCC, 0xA4, 0x00, 0x00, 0x00, 0x45, 0x48, 0x00, 0x00, 0x10, 0x4E, 0x80, 0x00, 0x21,
  0x48, 0x00, 0x01, 0x04, 0x00, 0x00, 0x00, 0x00, 0x57, 0x40, 0x06, 0x33, 0x41, 0x82, 0x00, 0x14, 0x3D, 0x80, 0x80, 0x23, 0x61, 0x8C, 0xCC, 0xAC,
  0x7D, 0x89, 0x03, 0xA6, 0x4E, 0x80, 0x04, 0x20, 0x7C, 0x08, 0x02, 0xA6, 0x90, 0x01, 0x00, 0x04, 0x94, 0x21, 0xFF, 0x00, 0xBC, 0x61, 0x00, 0x08,
  0x89, 0x8D, 0xAF, 0xA3, 0x2C, 0x0C, 0x00, 0x00, 0x41, 0x82, 0x01, 0xC4, 0x4B, 0xFF, 0xFF, 0xC1, 0x7C, 0x68, 0x02, 0xA6, 0x83, 0xE3, 0x00, 0x04,
  0x83, 0xDF, 0x00, 0x06, 0x88, 0x6D, 0xB5, 0x6C, 0x54, 0x63, 0x06, 0x3E, 0x3D, 0x80, 0x80, 0x1A, 0x61, 0x8C, 0x36, 0xA0, 0x7D, 0x89, 0x03, 0xA6,
  0x4E, 0x80, 0x04, 0x21, 0x54, 0x80, 0x06, 0xF7, 0x41, 0x82, 0x01, 0x94, 0x88, 0x9C, 0x00, 0x58, 0x1C, 0x84, 0x00, 0x03, 0x7C, 0x64, 0xF2, 0x2E,
  0x2C, 0x03, 0x00, 0x00, 0x40, 0x82, 0x00, 0x1C, 0x38, 0x60, 0x00, 0x03, 0x3D, 0x80, 0x80, 0x02, 0x61, 0x8C, 0x40, 0x30, 0x7D, 0x89, 0x03, 0xA6,
  0x4E, 0x80, 0x04, 0x21, 0x48, 0x00, 0x00, 0x50, 0x38, 0x60, 0x00, 0x01, 0x3D, 0x80, 0x80, 0x02, 0x61, 0x8C, 0x40, 0x30, 0x7D, 0x89, 0x03, 0xA6,
  0x4E, 0x80, 0x04, 0x21, 0x88, 0x7E, 0x00, 0x19, 0x98, 0x7F, 0x00, 0x04, 0x2C, 0x03, 0x00, 0x07, 0x40, 0x81, 0x00, 0x08, 0x38, 0x60, 0x00, 0x07,
  0x98, 0x7C, 0x00, 0x58, 0x3F, 0xA0, 0x80, 0x4A, 0x63, 0xBD, 0x04, 0xF0, 0x38, 0x60, 0x00, 0x39, 0xB0, 0x7D, 0x00, 0x02, 0x3D, 0x80, 0x80, 0x23,
  0x61, 0x8C, 0xCE, 0x4C, 0x7D, 0x89, 0x03, 0xA6, 0x4E, 0x80, 0x04, 0x21, 0xB8, 0x61, 0x00, 0x08, 0x80, 0x01, 0x01, 0x04, 0x38, 0x21, 0x01, 0x00,
  0x7C, 0x08, 0x03, 0xA6, 0x3D, 0x80, 0x80, 0x23, 0x61, 0x8C, 0xCC, 0xFC, 0x7D, 0x89, 0x03, 0xA6, 0x4E, 0x80, 0x04, 0x20, 0x7C, 0x08, 0x02, 0xA6,
  0x90, 0x01, 0x00, 0x04, 0x94, 0x21, 0xFF, 0x20, 0xBE, 0x81, 0x00, 0xB0, 0x7C, 0x7D, 0x1B, 0x78, 0x88, 0x6D, 0xAF, 0xA3, 0x2C, 0x03, 0x00, 0x00,
  0x41, 0x82, 0x00, 0xC8, 0x4B, 0xFF, 0xFE, 0xD9, 0x7C, 0x68, 0x02, 0xA6, 0x83, 0xE3, 0x00, 0x04, 0x83, 0xDF, 0x00, 0x06, 0x38, 0x60, 0x00, 0xBE,
  0x98, 0x7E, 0x00, 0x00, 0x38, 0x7E, 0x00, 0x01, 0x3C, 0x80, 0x80, 0x4A, 0x60, 0x84, 0x07, 0x40, 0x38, 0xA0, 0x00, 0x18, 0x3D, 0x80, 0x80, 0x00,
  0x61, 0x8C, 0x31, 0xF4, 0x7D, 0x89, 0x03, 0xA6, 0x4E, 0x80, 0x04, 0x21, 0x88, 0x7F, 0x00, 0x04, 0x98, 0x7E, 0x00, 0x19, 0x80, 0x7F, 0x00, 0x00,
  0x90, 0x7E, 0x00, 0x1A, 0x9B, 0xBE, 0x00, 0x1E, 0x88, 0x6D, 0xAF, 0xA0, 0x98, 0x7E, 0x00, 0x1F, 0x7F, 0xC3, 0xF3, 0x78, 0x38, 0x80, 0x00, 0x20,
  0x38, 0xA0, 0x00, 0x01, 0x3D, 0x80, 0x80, 0x00, 0x61, 0x8C, 0x55, 0xF0, 0x7D, 0x89, 0x03, 0xA6, 0x4E, 0x80, 0x04, 0x21, 0x7F, 0xC3, 0xF3, 0x78,
  0x38, 0x80, 0x00, 0x1E, 0x38, 0xA0, 0x00, 0x00, 0x3D, 0x80, 0x80, 0x00, 0x61, 0x8C, 0x55, 0xF0, 0x7D, 0x89, 0x03, 0xA6, 0x4E, 0x80, 0x04, 0x21,
  0x3C, 0x60, 0x80, 0x4A, 0x60, 0x63, 0x07, 0x40, 0x38, 0x9E, 0x00, 0x01, 0x38, 0xA0, 0x00, 0x18, 0x3D, 0x80, 0x80, 0x00, 0x61, 0x8C, 0x31, 0xF4,
  0x7D, 0x89, 0x03, 0xA6, 0x4E, 0x80, 0x04, 0x21, 0x80, 0x7E, 0x00, 0x1A, 0x90, 0x7F, 0x00, 0x00, 0x3D, 0x80, 0x80, 0x23, 0x61, 0x8C, 0xCE, 0x4C,
  0x7D, 0x89, 0x03, 0xA6, 0x4E, 0x80, 0x04, 0x21, 0xBA, 0x81, 0x00, 0xB0, 0x80, 0x01, 0x00, 0xE4, 0x38, 0x21, 0x00, 0xE0, 0x7C, 0x08, 0x03, 0xA6,
  0x4E, 0x80, 0x00, 0x20, 0xB8, 0x61, 0x00, 0x08, 0x80, 0x01, 0x01, 0x04, 0x38, 0x21, 0x01, 0x00, 0x7C, 0x08, 0x03, 0xA6, 0x3D, 0x80, 0x80, 0x23,
  0x61, 0x8C, 0xCD, 0x34, 0x7D, 0x89, 0x03, 0xA6, 0x4E, 0x80, 0x04, 0x20, 0x00, 0x00, 0x00, 0x00, 0x04, 0x23, 0xCF, 0x9C, 0x2C, 0x1B, 0x00, 0x08,
  0xC2, 0x23, 0xCF, 0x80, 0x00, 0x00, 0x00, 0x0D, 0x48, 0x00, 0x00, 0x10, 0x4E, 0x80, 0x00, 0x21, 0x00, 0x00, 0x00, 0x00, 0x8E, 0x91, 0x96, 0xFF,
  0x88, 0xCD, 0xAF, 0xA3, 0x2C, 0x06, 0x00, 0x00, 0x41, 0x82, 0x00, 0x44, 0x4B, 0xFF, 0xFF, 0xE9, 0x7C, 0xC8, 0x02, 0xA6, 0x3C, 0x60, 0x80, 0x23,
  0x60, 0x63, 0xCC, 0xA4, 0x80, 0x83, 0x00, 0x00, 0x54, 0x85, 0x30, 0x2E, 0x38, 0x80, 0x00, 0x40, 0x7C, 0x85, 0x23, 0xD6, 0x7C, 0xE3, 0x22, 0x14,
  0x80, 0xE7, 0x00, 0x0C, 0x88, 0xE7, 0x00, 0x04, 0x7C, 0x1B, 0x38, 0x00, 0x41, 0x80, 0x00, 0x0C, 0x3B, 0xA6, 0x00, 0x04, 0x48, 0x00, 0x00, 0x08,
  0x3B, 0xA6, 0x00, 0x00, 0x80, 0x0D, 0x98, 0xD8, 0x60, 0x00, 0x00, 0x00, 0x00, 0x00, 0x00, 0x00, 0xC2, 0x23, 0xB3, 0xD0, 0x00, 0x00, 0x00, 0x06,
  0x88, 0x8D, 0xAF, 0xA3, 0x2C, 0x04, 0x00, 0x00, 0x41, 0x82, 0x00, 0x1C, 0x38, 0x80, 0x00, 0x57, 0x88, 0xAD, 0xAF, 0xA0, 0x2C, 0x05, 0x00, 0x03,
  0x40, 0x82, 0x00, 0x10, 0x38, 0x80, 0x00, 0x58, 0x48, 0x00, 0x00, 0x08, 0x7F, 0xE4, 0xFB, 0x78, 0x60, 0x00, 0x00, 0x00, 0x00, 0x00, 0x00, 0x00,
  0x04, 0x23, 0xC6, 0xC0, 0x48, 0x00, 0x00, 0x4C, 0xC2, 0x23, 0xE9, 0x94, 0x00, 0x00, 0x00, 0x26, 0x88, 0x6D, 0xAF, 0xA3, 0x2C, 0x03, 0x00, 0x00,
  0x41, 0x82, 0x01, 0x20, 0x38, 0x60, 0x00, 0x01, 0x98, 0x6D, 0xAF, 0xCB, 0x48, 0x00, 0x00, 0x04, 0x7C, 0x08, 0x02, 0xA6, 0x90, 0x01, 0x00, 0x04,
  0x94, 0x21, 0xFF, 0x20, 0xBE, 0x81, 0x00, 0xB0, 0x3C, 0x60, 0x80, 0x23, 0x60, 0x63, 0xCC, 0xA4, 0x80, 0x83, 0x00, 0x00, 0x54, 0x85, 0x30, 0x2E,
  0x38, 0x80, 0x00, 0x40, 0x7C, 0x85, 0x23, 0xD6, 0x7F, 0x23, 0x22, 0x14, 0x38, 0x60, 0x00, 0x0A, 0x3D, 0x80, 0x80, 0x37, 0x61, 0x8C, 0xF1, 0xE4,
  0x7D, 0x89, 0x03, 0xA6, 0x4E, 0x80, 0x04, 0x21, 0x90, 0x79, 0x00, 0x0C, 0x38, 0x80, 0x00, 0x0A, 0x3D, 0x80, 0x80, 0x00, 0x61, 0x8C, 0xC1, 0x60,
  0x7D, 0x89, 0x03, 0xA6, 0x4E, 0x80, 0x04, 0x21, 0x38, 0x60, 0x00, 0x20, 0x3D, 0x80, 0x80, 0x37, 0x61, 0x8C, 0xF1, 0xE4, 0x7D, 0x89, 0x03, 0xA6,
  0x4E, 0x80, 0x04, 0x21, 0x80, 0x99, 0x00, 0x0C, 0x90, 0x64, 0x00, 0x06, 0x38, 0x60, 0x00, 0x04, 0x38, 0x80, 0x00, 0x05, 0x38, 0xA0, 0x00, 0x80,
  0x3D, 0x80, 0x80, 0x39, 0x61, 0x8C, 0x01, 0xF0, 0x7D, 0x89, 0x03, 0xA6, 0x4E, 0x80, 0x04, 0x21, 0x7C, 0x7D, 0x1B, 0x78, 0x3C, 0x60, 0x80, 0x00,
  0x60, 0x63, 0x56, 0x14, 0x80, 0x63, 0x00, 0x00, 0x80, 0x63, 0x00, 0x04, 0x80, 0x63, 0x00, 0x0C, 0x3D, 0x80, 0x80, 0x37, 0x61, 0x8C, 0x0E, 0x44,
  0x7D, 0x89, 0x03, 0xA6, 0x4E, 0x80, 0x04, 0x21, 0x7C, 0x7C, 0x1B, 0x78, 0x7F, 0xA3, 0xEB, 0x78, 0x38, 0x80, 0x00, 0x04, 0x7F, 0x85, 0xE3, 0x78,
  0x3D, 0x80, 0x80, 0x39, 0x61, 0x8C, 0x0A, 0x70, 0x7D, 0x89, 0x03, 0xA6, 0x4E, 0x80, 0x04, 0x21, 0x7F, 0xA3, 0xEB, 0x78, 0x3C, 0x80, 0x80, 0x39,
  0x60, 0x84, 0x10, 0x70, 0x38, 0xA0, 0x00, 0x04, 0x38, 0xC0, 0x00, 0x80, 0x3D, 0x80, 0x80, 0x39, 0x61, 0x8C, 0x06, 0x9C, 0x7D, 0x89, 0x03, 0xA6,
  0x4E, 0x80, 0x04, 0x21, 0xBA, 0x81, 0x00, 0xB0, 0x80, 0x01, 0x00, 0xE4, 0x38, 0x21, 0x00, 0xE0, 0x7C, 0x08, 0x03, 0xA6, 0x48, 0x00, 0x00, 0x04,
  0x38, 0x60, 0x00, 0x00, 0x00, 0x00, 0x00, 0x00, 0xC2, 0x23, 0xC5, 0x88, 0x00, 0x00, 0x00, 0x0B, 0x88, 0x6D, 0xAF, 0xA3, 0x2C, 0x03, 0x00, 0x00,
  0x41, 0x82, 0x00, 0x48, 0x3C, 0x60, 0x80, 0x23, 0x60, 0x63, 0xCC, 0xA4, 0x80, 0x83, 0x00, 0x00, 0x54, 0x85, 0x30, 0x2E, 0x38, 0x80, 0x00, 0x40,
  0x7C, 0x85, 0x23, 0xD6, 0x7C, 0xC3, 0x22, 0x14, 0x80, 0xE6, 0x00, 0x0C, 0x88, 0x67, 0x00, 0x05, 0x2C, 0x03, 0x00, 0x00, 0x40, 0x82, 0x00, 0x1C,
  0x38, 0x60, 0x00, 0x01, 0x98, 0x67, 0x00, 0x05, 0x38, 0x66, 0x00, 0x08, 0x7C, 0x69, 0x03, 0xA6, 0x38, 0x60, 0x00, 0x03, 0x4E, 0x80, 0x04, 0x21,
  0x88, 0x6D, 0xB5, 0x6C, 0x00, 0x00, 0x00, 0x00, 0xC2, 0x23, 0xCD, 0x74, 0x00, 0x00, 0x00, 0x10, 0x88, 0x6D, 0xAF, 0xA3, 0x2C, 0x03, 0x00, 0x00,
  0x41, 0x82, 0x00, 0x6C, 0x3C, 0x60, 0x80, 0x23, 0x60, 0x63, 0xCC, 0xA4, 0x80, 0x83, 0x00, 0x00, 0x54, 0x85, 0x30, 0x2E, 0x38, 0x80, 0x00, 0x40,
  0x7C, 0x85, 0x23, 0xD6, 0x7C, 0x63, 0x22, 0x14, 0x80, 0x83, 0x00, 0x0C, 0x88, 0xA4, 0x00, 0x04, 0x2C, 0x05, 0x00, 0x00, 0x40, 0x81, 0x00, 0x30,
  0x38, 0xA5, 0xFF, 0xFF, 0x98, 0xA4, 0x00, 0x04, 0x98, 0xBC, 0x00, 0x58, 0x38, 0x83, 0x00, 0x08, 0x7C, 0x89, 0x03, 0xA6, 0x38, 0x60, 0x00, 0x03,
  0x4E, 0x80, 0x04, 0x21, 0x3D, 0x80, 0x80, 0x23, 0x61, 0x8C, 0xCE, 0x38, 0x7D, 0x89, 0x03, 0xA6, 0x4E, 0x80, 0x04, 0x20, 0x3D, 0x80, 0x80, 0x23,
  0x61, 0x8C, 0xCD, 0x68, 0x7D, 0x89, 0x03, 0xA6, 0x4E, 0x80, 0x04, 0x20, 0x88, 0xBC, 0x00, 0x58, 0x60, 0x00, 0x00, 0x00, 0x00, 0x00, 0x00, 0x00,
  0xC2, 0x23, 0xCA, 0x50, 0x00, 0x00, 0x00, 0x03, 0x3D, 0x80, 0x80, 0x23, 0x61, 0x8C, 0xCC, 0x14, 0x7D, 0x89, 0x03, 0xA6, 0x4E, 0x80, 0x04, 0x20,
  0x60, 0x00, 0x00, 0x00, 0x00, 0x00, 0x00, 0x00, 0xC2, 0x23, 0xCC, 0x14, 0x00, 0x00, 0x00, 0x1C, 0x88, 0x6D, 0xAF, 0xA3, 0x2C, 0x03, 0x00, 0x00,
  0x41, 0x82, 0x00, 0xD0, 0x7C, 0x08, 0x02, 0xA6, 0x90, 0x01, 0x00, 0x04, 0x94, 0x21, 0xFF, 0x20, 0xBE, 0x81, 0x00, 0xB0, 0x3C, 0x60, 0x80, 0x23,
  0x60, 0x63, 0xCC, 0xA4, 0x80, 0x83, 0x00, 0x00, 0x54, 0x85, 0x30, 0x2E, 0x38, 0x80, 0x00, 0x40, 0x7C, 0x85, 0x23, 0xD6, 0x7C, 0x63, 0x22, 0x14,
  0x83, 0xE3, 0x00, 0x0C, 0x88, 0x7F, 0x00, 0x04, 0x2C, 0x03, 0x00, 0x00, 0x40, 0x82, 0x00, 0x38, 0x38, 0x60, 0x00, 0x03, 0x3D, 0x80, 0x80, 0x02,
  0x61, 0x8C, 0x40, 0x30, 0x7D, 0x89, 0x03, 0xA6, 0x4E, 0x80, 0x04, 0x21, 0xBA, 0x81, 0x00, 0xB0, 0x80, 0x01, 0x00, 0xE4, 0x38, 0x21, 0x00, 0xE0,
  0x7C, 0x08, 0x03, 0xA6, 0x3D, 0x80, 0x80, 0x23, 0x61, 0x8C, 0xCE, 0x38, 0x7D, 0x89, 0x03, 0xA6, 0x4E, 0x80, 0x04, 0x20, 0x88, 0x7F, 0x00, 0x04,
  0x2C, 0x03, 0x00, 0x08, 0x40, 0x80, 0x00, 0x10, 0x1C, 0x83, 0x00, 0x03, 0x38, 0xA0, 0x00, 0x00, 0x7C, 0xBE, 0x23, 0x2E, 0x38, 0x60, 0x00, 0x01,
  0x3D, 0x80, 0x80, 0x02, 0x61, 0x8C, 0x40, 0x30, 0x7D, 0x89, 0x03, 0xA6, 0x4E, 0x80, 0x04, 0x21, 0x38, 0x60, 0xFF, 0xFE, 0x81, 0x8D, 0xAF, 0xE8,
  0x7D, 0x89, 0x03, 0xA6, 0x4E, 0x80, 0x04, 0x21, 0xBA, 0x81, 0x00, 0xB0, 0x80, 0x01, 0x00, 0xE4, 0x38, 0x21, 0x00, 0xE0, 0x7C, 0x08, 0x03, 0xA6,
  0x3D, 0x80, 0x80, 0x23, 0x61, 0x8C, 0xCC, 0x80, 0x7D, 0x89, 0x03, 0xA6, 0x4E, 0x80, 0x04, 0x20, 0x38, 0x00, 0x00, 0x00, 0x00, 0x00, 0x00, 0x00,
  0xC2, 0x23, 0xC3, 0x3C, 0x00, 0x00, 0x00, 0x0D, 0x88, 0x6D, 0xAF, 0xA3, 0x2C, 0x03, 0x00, 0x00, 0x41, 0x82, 0x00, 0x4C, 0x3C, 0x60, 0x80, 0x23,
  0x60, 0x63, 0xCC, 0xA4, 0x80, 0x83, 0x00, 0x00, 0x54, 0x85, 0x30, 0x2E, 0x38, 0x80, 0x00, 0x40, 0x7C, 0x85, 0x23, 0xD6, 0x7C, 0x63, 0x22, 0x14,
  0x80, 0x83, 0x00, 0x0C, 0x88, 0xA4, 0x00, 0x04, 0x2C, 0x05, 0x00, 0x08, 0x40, 0x80, 0x00, 0x0C, 0x38, 0xA5, 0x00, 0x01, 0x98, 0xA4, 0x00, 0x04,
  0x38, 0x83, 0x00, 0x08, 0x7C, 0x89, 0x03, 0xA6, 0x38, 0x60, 0x00, 0x03, 0x4E, 0x80, 0x04, 0x21, 0x48, 0x00, 0x00, 0x14, 0x3D, 0x80, 0x80, 0x23,
  0x61, 0x8C, 0xCE, 0x4C, 0x7D, 0x89, 0x03, 0xA6, 0x4E, 0x80, 0x04, 0x21, 0x00, 0x00, 0x00, 0x00, 0xC2, 0x23, 0xC7, 0x2C, 0x00, 0x00, 0x00, 0x0D,
  0x88, 0x6D, 0xAF, 0xA3, 0x2C, 0x03, 0x00, 0x00, 0x41, 0x82, 0x00, 0x4C, 0x3C, 0x60, 0x80, 0x23, 0x60, 0x63, 0xCC, 0xA4, 0x80, 0x83, 0x00, 0x00,
  0x54, 0x85, 0x30, 0x2E, 0x38, 0x80, 0x00, 0x40, 0x7C, 0x85, 0x23, 0xD6, 0x7C, 0x63, 0x22, 0x14, 0x80, 0x83, 0x00, 0x0C, 0x88, 0xA4, 0x00, 0x04,
  0x2C, 0x05, 0x00, 0x08, 0x40, 0x80, 0x00, 0x0C, 0x38, 0xA5, 0x00, 0x01, 0x98, 0xA4, 0x00, 0x04, 0x38, 0x83, 0x00, 0x08, 0x7C, 0x89, 0x03, 0xA6,
  0x38, 0x60, 0x00, 0x03, 0x4E, 0x80, 0x04, 0x21, 0x48, 0x00, 0x00, 0x14, 0x3D, 0x80, 0x80, 0x23, 0x61, 0x8C, 0xCE, 0x4C, 0x7D, 0x89, 0x03, 0xA6,
  0x4E, 0x80, 0x04, 0x21, 0x00, 0x00, 0x00, 0x00, 0xC2, 0x23, 0xC8, 0x1C, 0x00, 0x00, 0x00, 0x03, 0x3D, 0x80, 0x80, 0x23, 0x61, 0x8C, 0xCD, 0x3C,
  0x7D, 0x89, 0x03, 0xA6, 0x4E, 0x80, 0x04, 0x20, 0x60, 0x00, 0x00, 0x00, 0x00, 0x00, 0x00, 0x00, 0xC2, 0x23, 0xCC, 0xBC, 0x00, 0x00, 0x00, 0x0A,
  0x88, 0x6D, 0xAF, 0xA3, 0x2C, 0x03, 0x00, 0x00, 0x41, 0x82, 0x00, 0x40, 0x3C, 0x60, 0x80, 0x23, 0x60, 0x63, 0xCC, 0xA4, 0x80, 0x83, 0x00, 0x00,
  0x54, 0x85, 0x30, 0x2E, 0x38, 0x80, 0x00, 0x40, 0x7C, 0x85, 0x23, 0xD6, 0x7C, 0x63, 0x22, 0x14, 0x38, 0x63, 0x00, 0x08, 0x7C, 0x69, 0x03, 0xA6,
  0x38, 0x60, 0x00, 0x01, 0x4E, 0x80, 0x04, 0x21, 0x3D, 0x80, 0x80, 0x23, 0x61, 0x8C, 0xCE, 0x38, 0x7D, 0x89, 0x03, 0xA6, 0x4E, 0x80, 0x04, 0x20,
  0x88, 0x7C, 0x00, 0x50, 0x00, 0x00, 0x00, 0x00, 0xC2, 0x23, 0xCC, 0xE0, 0x00, 0x00, 0x00, 0x0A, 0x88, 0x6D, 0xAF, 0xA3, 0x2C, 0x03, 0x00, 0x00,
  0x41, 0x82, 0x00, 0x40, 0x3C, 0x60, 0x80, 0x23, 0x60, 0x63, 0xCC, 0xA4, 0x80, 0x83, 0x00, 0x00, 0x54, 0x85, 0x30, 0x2E, 0x38, 0x80, 0x00, 0x40,
  0x7C, 0x85, 0x23, 0xD6, 0x7C, 0x63, 0x22, 0x14, 0x38, 0x63, 0x00, 0x08, 0x7C, 0x69, 0x03, 0xA6, 0x38, 0x60, 0x00, 0x02, 0x4E, 0x80, 0x04, 0x21,
  0x3D, 0x80, 0x80, 0x23, 0x61, 0x8C, 0xCE, 0x38, 0x7D, 0x89, 0x03, 0xA6, 0x4E, 0x80, 0x04, 0x20, 0x88, 0x7C, 0x00, 0x50, 0x00, 0x00, 0x00, 0x00,
  0xC2, 0x23, 0xC9, 0x28, 0x00, 0x00, 0x00, 0x0C, 0x88, 0x6D, 0xAF, 0xA3, 0x2C, 0x03, 0x00, 0x00, 0x41, 0x82, 0x00, 0x40, 0x3C, 0x60, 0x80, 0x23,
  0x60, 0x63, 0xCC, 0xA4, 0x80, 0x83, 0x00, 0x00, 0x54, 0x85, 0x30, 0x2E, 0x38, 0x80, 0x00, 0x40, 0x7C, 0x85, 0x23, 0xD6, 0x7C, 0x63, 0x22, 0x14,
  0x80, 0x83, 0x00, 0x0C, 0x9B, 0xA4, 0x00, 0x04, 0x9B, 0xBC, 0x00, 0x58, 0x38, 0x83, 0x00, 0x08, 0x7C, 0x89, 0x03, 0xA6, 0x38, 0x60, 0x00, 0x03,
  0x4E, 0x80, 0x04, 0x21, 0x48, 0x00, 0x00, 0x14, 0x3D, 0x80, 0x80, 0x23, 0x61, 0x8C, 0xCE, 0x4C, 0x7D, 0x89, 0x03, 0xA6, 0x4E, 0x80, 0x04, 0x21,
  0x60, 0x00, 0x00, 0x00, 0x00, 0x00, 0x00, 0x00, 0xC2, 0x37, 0x86, 0xA4, 0x00, 0x00, 0x00, 0x09, 0x3D, 0x80, 0x80, 0x48, 0x81, 0x8C, 0x9D, 0x30,
  0x55, 0x8C, 0x44, 0x3E, 0x2C, 0x0C, 0x04, 0x08, 0x41, 0x82, 0x00, 0x1C, 0x3D, 0x80, 0x80, 0x48, 0x81, 0x8C, 0x9D, 0x30, 0x55, 0x8C, 0x44, 0x3E,
  0x2C, 0x0C, 0x01, 0x08, 0x41, 0x82, 0x00, 0x08, 0x48, 0x00, 0x00, 0x14, 0x3D, 0x80, 0x80, 0x37, 0x61, 0x8C, 0x86, 0xAC, 0x7D, 0x89, 0x03, 0xA6,
  0x4E, 0x80, 0x04, 0x20, 0x28, 0x00, 0x00, 0x00, 0x60, 0x00, 0x00, 0x00, 0x00, 0x00, 0x00, 0x00, 0xC2, 0x2F, 0x66, 0x94, 0x00, 0x00, 0x00, 0xBE,
  0x3C, 0x60, 0x80, 0x48, 0x80, 0x63, 0x9D, 0x30, 0x54, 0x63, 0x44, 0x3E, 0x2C, 0x03, 0x02, 0x08, 0x40, 0x82, 0x05, 0xD0, 0x48, 0x00, 0x00, 0xAC,
  0x4E, 0x80, 0x00, 0x21, 0x00, 0x00, 0x00, 0x00, 0x3D, 0xCC, 0xCC, 0xCD, 0x3D, 0xCC, 0xCC, 0xCD, 0x43, 0x87, 0x00, 0x00, 0x43, 0x4F, 0x00, 0x00,
  0x3E, 0xA8, 0xF5, 0xC3, 0x3E, 0xA8, 0xF5, 0xC3, 0x00, 0x00, 0x00, 0xFF, 0x3F, 0x1E, 0xB8, 0x52, 0x3F, 0x46, 0x66, 0x66, 0xC1, 0xC0, 0x7A, 0xE1,
  0x3C, 0x6F, 0x34, 0xD7, 0x3F, 0x4C, 0xCC, 0xCD, 0x41, 0xA5, 0x1E, 0xB8, 0x00, 0x00, 0x00, 0x00, 0x3D, 0x75, 0xC2, 0x8F, 0x43, 0x16, 0x00, 0x00,
  0x3F, 0x0A, 0x3D, 0x71, 0x00, 0x00, 0x00, 0x00, 0x44, 0x65, 0x6C, 0x61, 0x79, 0x3A, 0x20, 0x25, 0x64, 0x66, 0x00, 0x00, 0x4E, 0x80, 0x00, 0x21,
  0x7C, 0x08, 0x02, 0xA6, 0x90, 0x01, 0x00, 0x04, 0x94, 0x21, 0xFF, 0x20, 0xBE, 0x81, 0x00, 0xB0, 0x7C, 0x7F, 0x1B, 0x78, 0x88, 0x0D, 0xB6, 0xCC,
  0x2C, 0x00, 0x00, 0x01, 0x41, 0x82, 0x00, 0x18, 0x7F, 0xE3, 0xFB, 0x78, 0x3D, 0x80, 0x80, 0x39, 0x61, 0x8C, 0x10, 0xD8, 0x7D, 0x89, 0x03, 0xA6,
  0x4E, 0x80, 0x04, 0x21, 0xBA, 0x81, 0x00, 0xB0, 0x80, 0x01, 0x00, 0xE4, 0x38, 0x21, 0x00, 0xE0, 0x7C, 0x08, 0x03, 0xA6, 0x4E, 0x80, 0x00, 0x20,
  0x7C, 0x08, 0x02, 0xA6, 0x90, 0x01, 0x00, 0x04, 0x94, 0x21, 0xFF, 0x20, 0xBE, 0x81, 0x00, 0xB0, 0x3C, 0x60, 0x80, 0x4D, 0x60, 0x63, 0x6D, 0x5C,
  0x80, 0x63, 0x00, 0x00, 0x3C, 0x80, 0x80, 0x3F, 0x60, 0x84, 0x94, 0xD0, 0x3D, 0x80, 0x80, 0x38, 0x61, 0x8C, 0x03, 0x58, 0x7D, 0x89, 0x03, 0xA6,
  0x4E, 0x80, 0x04, 0x21, 0x80, 0x63, 0x00, 0x04, 0x80, 0x63, 0x00, 0x00, 0x3D, 0x80, 0x80, 0x36, 0x61, 0x8C, 0xA5, 0x90, 0x7D, 0x89, 0x03, 0xA6,
  0x4E, 0x80, 0x04, 0x21, 0x7C, 0x7E, 0x1B, 0x78, 0x38, 0x60, 0x00, 0x13, 0x38, 0x80, 0x00, 0x14, 0x38, 0xA0, 0x00, 0x00, 0x3D, 0x80, 0x80, 0x39,
  0x61, 0x8C, 0x01, 0xF0, 0x7D, 0x89, 0x03, 0xA6, 0x4E, 0x80, 0x04, 0x21, 0x7C, 0x7D, 0x1B, 0x78, 0x7F, 0xA3, 0xEB, 0x78, 0x88, 0x8D, 0xC1, 0xAB,
  0x7F, 0xC5, 0xF3, 0x78, 0x3D, 0x80, 0x80, 0x39, 0x61, 0x8C, 0x0A, 0x70, 0x7D, 0x89, 0x03, 0xA6, 0x4E, 0x80, 0x04, 0x21, 0x7F, 0xA3, 0xEB, 0x78,
  0x4B, 0xFF, 0xFF, 0x25, 0x7C, 0x88, 0x02, 0xA6, 0x38, 0xA0, 0x00, 0x08, 0x3D, 0x80, 0x80, 0x39, 0x61, 0x8C, 0x07, 0x5C, 0x7D, 0x89, 0x03, 0xA6,
  0x4E, 0x80, 0x04, 0x21, 0x3C, 0x60, 0x00, 0x00, 0x60, 0x63, 0x10, 0x00, 0x90, 0x7D, 0x00, 0x24, 0x38, 0x60, 0x00, 0x02, 0x7F, 0xA4, 0xEB, 0x78,
  0x38, 0xA0, 0x00, 0x09, 0x38, 0xC0, 0x00, 0x0D, 0x38, 0xE0, 0x00, 0x00, 0x39, 0x00, 0x00, 0x0C, 0x39, 0x20, 0x00, 0x50, 0x39, 0x40, 0x00, 0x08,
  0x3D, 0x80, 0x80, 0x3A, 0x61, 0x8C, 0x61, 0x1C, 0x7D, 0x89, 0x03, 0xA6, 0x4E, 0x80, 0x04, 0x21, 0x7C, 0x7F, 0x1B, 0x78, 0x83, 0xCD, 0xB6, 0x1C,
  0x93, 0xFE, 0x0A, 0xCE, 0x4B, 0xFF, 0xFE, 0x65, 0x7F, 0x88, 0x02, 0xA6, 0x38, 0x60, 0x00, 0x02, 0x7F, 0xE4, 0xFB, 0x78, 0x3D, 0x80, 0x80, 0x3A,
  0x61, 0x8C, 0x67, 0x54, 0x7D, 0x89, 0x03, 0xA6, 0x4E, 0x80, 0x04, 0x21, 0x7C, 0x7D, 0x1B, 0x78, 0x38, 0x80, 0x00, 0x01, 0x98, 0x9D, 0x00, 0x49,
  0x38, 0x80, 0x00, 0x01, 0x98, 0x9D, 0x00, 0x4A, 0xC0, 0x3C, 0x00, 0x00, 0xD0, 0x3D, 0x00, 0x08, 0xC0, 0x3C, 0x00, 0x08, 0xD0, 0x3D, 0x00, 0x24,
  0xD0, 0x3D, 0x00, 0x28, 0x93, 0xBE, 0x0A, 0xD2, 0x38, 0x60, 0x00, 0x00, 0x3D, 0x80, 0x80, 0x00, 0x61, 0x8C, 0x56, 0x10, 0x7D, 0x89, 0x03, 0xA6,
  0x4E, 0x80, 0x04, 0x21, 0x7C, 0x7A, 0x1B, 0x78, 0x38, 0x60, 0x00, 0x02, 0x7F, 0xE4, 0xFB, 0x78, 0x3D, 0x80, 0x80, 0x3A, 0x61, 0x8C, 0x67, 0x54,
  0x7D, 0x89, 0x03, 0xA6, 0x4E, 0x80, 0x04, 0x21, 0x7C, 0x7D, 0x1B, 0x78, 0x38, 0x80, 0x00, 0x01, 0x98, 0x9D, 0x00, 0x49, 0x38, 0x80, 0x00, 0x02,
  0x98, 0x9D, 0x00, 0x4A, 0xC0, 0x3C, 0x00, 0x00, 0xD0, 0x3D, 0x00, 0x08, 0xC0, 0x3C, 0x00, 0x04, 0xD0, 0x3D, 0x00, 0x24, 0xD0, 0x3D, 0x00, 0x28,
  0x38, 0x80, 0x00, 0x80, 0x98, 0x9D, 0x00, 0x8F, 0xC0, 0x3C, 0x00, 0x0C, 0xC0, 0x5C, 0x00, 0x10, 0x7F, 0xA3, 0xEB, 0x78, 0x38, 0x9C, 0x00, 0x4C,
  0x88, 0xBE, 0x00, 0x21, 0x3D, 0x80, 0x80, 0x3A, 0x61, 0x8C, 0x6B, 0x98, 0x7D, 0x89, 0x03, 0xA6, 0x4E, 0x80, 0x04, 0x21, 0x7F, 0xA3, 0xEB, 0x78,
  0x38, 0x80, 0x00, 0x00, 0xC0, 0x3C, 0x00, 0x14, 0xC0, 0x5C, 0x00, 0x14, 0x3D, 0x80, 0x80, 0x3A, 0x61, 0x8C, 0x75, 0x48, 0x7D, 0x89, 0x03, 0xA6,
  0x4E, 0x80, 0x04, 0x21, 0x3A, 0x80, 0x00, 0x00, 0x3E, 0xA0, 0x80, 0x4A, 0x62, 0xB5, 0x0F, 0xF0, 0x7E, 0x83, 0xA3, 0x78, 0x3D, 0x80, 0x80, 0x03,
  0x61, 0x8C, 0x24, 0x1C, 0x7D, 0x89, 0x03, 0xA6, 0x4E, 0x80, 0x04, 0x21, 0x2C, 0x03, 0x00, 0x03, 0x41, 0x82, 0x02, 0xE8, 0x7E, 0x83, 0xA3, 0x78,
  0x3D, 0x80, 0x80, 0x2F, 0x61, 0x8C, 0x34, 0x24, 0x7D, 0x89, 0x03, 0xA6, 0x4E, 0x80, 0x04, 0x21, 0xC0, 0x23, 0x00, 0x00, 0xD0, 0x21, 0x00, 0x70,
  0x38, 0x60, 0x00, 0x02, 0x7F, 0xE4, 0xFB, 0x78, 0x3D, 0x80, 0x80, 0x3A, 0x61, 0x8C, 0x67, 0x54, 0x7D, 0x89, 0x03, 0xA6, 0x4E, 0x80, 0x04, 0x21,
  0x7C, 0x7D, 0x1B, 0x78, 0x38, 0x80, 0x00, 0x01, 0x98, 0x9D, 0x00, 0x48, 0x98, 0x9D, 0x00, 0x4A, 0x98, 0x9D, 0x00, 0x4C, 0x98, 0x9D, 0x00, 0x49,
  0xC0, 0x3C, 0x00, 0x3C, 0xD0, 0x3D, 0x00, 0x24, 0xD0, 0x3D, 0x00, 0x28, 0xC0, 0x21, 0x00, 0x70, 0xC0, 0x5C, 0x00, 0x30, 0xEC, 0x21, 0x10, 0x2A,
  0xD0, 0x3D, 0x00, 0x00, 0xC0, 0x3C, 0x00, 0x34, 0xD0, 0x3D, 0x00, 0x04, 0xC0, 0x3C, 0x00, 0x38, 0xD0, 0x3D, 0x00, 0x08, 0xC0, 0x3C, 0x00, 0x40,
  0xD0, 0x3D, 0x00, 0x0C, 0xD0, 0x3D, 0x00, 0x10, 0x4C, 0xC6, 0x32, 0x42, 0xC0, 0x3C, 0x00, 0x48, 0xC0, 0x5C, 0x00, 0x48, 0x7F, 0xA3, 0xEB, 0x78,
  0x38, 0x9A, 0x00, 0x2E, 0x1C, 0xB4, 0x00, 0x1F, 0x7C, 0x84, 0x2A, 0x14, 0x3D, 0x80, 0x80, 0x3A, 0x61, 0x8C, 0x6B, 0x98, 0x7D, 0x89, 0x03, 0xA6,
  0x4E, 0x80, 0x04, 0x21, 0x7F, 0xA3, 0xEB, 0x78, 0x38, 0x80, 0x00, 0x00, 0xC0, 0x3C, 0x00, 0x44, 0xC0, 0x5C, 0x00, 0x44, 0x3D, 0x80, 0x80, 0x3A,
  0x61, 0x8C, 0x75, 0x48, 0x7D, 0x89, 0x03, 0xA6, 0x4E, 0x80, 0x04, 0x21, 0x38, 0x60, 0x00, 0x0E, 0x38, 0x80, 0x00, 0x0F, 0x38, 0xA0, 0x00, 0x00,
  0x3D, 0x80, 0x80, 0x39, 0x61, 0x8C, 0x01, 0xF0, 0x7D, 0x89, 0x03, 0xA6, 0x4E, 0x80, 0x04, 0x21, 0x7C, 0x77, 0x1B, 0x78, 0x3C, 0x60, 0x80, 0x4A,
  0x60, 0x63, 0x1E, 0xD0, 0x80, 0x63, 0x00, 0x00, 0x3D, 0x80, 0x80, 0x37, 0x61, 0x8C, 0x0E, 0x44, 0x7D, 0x89, 0x03, 0xA6, 0x4E, 0x80, 0x04, 0x21,
  0x7C, 0x76, 0x1B, 0x78, 0x7E, 0xE3, 0xBB, 0x78, 0x88, 0x8D, 0xC1, 0xA9, 0x7E, 0xC5, 0xB3, 0x78, 0x3D, 0x80, 0x80, 0x39, 0x61, 0x8C, 0x0A, 0x70,
  0x7D, 0x89, 0x03, 0xA6, 0x4E, 0x80, 0x04, 0x21, 0x7E, 0xE3, 0xBB, 0x78, 0x3C, 0x80, 0x80, 0x39, 0x60, 0x84, 0x10, 0x70, 0x38, 0xA0, 0x00, 0x0C,
  0x38, 0xC0, 0x00, 0x00, 0x3D, 0x80, 0x80, 0x39, 0x61, 0x8C, 0x06, 0x9C, 0x7D, 0x89, 0x03, 0xA6, 0x4E, 0x80, 0x04, 0x21, 0x7E, 0x83, 0xA3, 0x78,
  0x3D, 0x80, 0x80, 0x2F, 0x61, 0x8C, 0x34, 0x24, 0x7D, 0x89, 0x03, 0xA6, 0x4E, 0x80, 0x04, 0x21, 0xC0, 0x23, 0x00, 0x00, 0xC0, 0x5C, 0x00, 0x24,
  0xEC, 0x21, 0x10, 0x2A, 0xD0, 0x36, 0x00, 0x38, 0xC0, 0x3C, 0x00, 0x28, 0xD0, 0x36, 0x00, 0x3C, 0xC0, 0x3C, 0x00, 0x20, 0xD0, 0x36, 0x00, 0x30,
  0x7E, 0xC3, 0xB3, 0x78, 0x38, 0x81, 0x00, 0x80, 0x38, 0xA0, 0x00, 0x01, 0x38, 0xC0, 0xFF, 0xFF, 0x3D, 0x80, 0x80, 0x01, 0x61, 0x8C, 0x1E, 0x24,
  0x7D, 0x89, 0x03, 0xA6, 0x4E, 0x80, 0x04, 0x21, 0x80, 0x61, 0x00, 0x80, 0x38, 0x80, 0x00, 0x00, 0x90, 0x83, 0x00, 0x40, 0x80, 0x61, 0x00, 0x80,
  0x80, 0x63, 0x00, 0x18, 0x80, 0x83, 0x00, 0x14, 0x60, 0x84, 0x00, 0x01, 0x90, 0x83, 0x00, 0x14, 0x80, 0x63, 0x00, 0x04, 0x80, 0x83, 0x00, 0x14,
  0x60, 0x84, 0x00, 0x01, 0x90, 0x83, 0x00, 0x14, 0x80, 0x63, 0x00, 0x04, 0x80, 0x63, 0x00, 0x08, 0x80, 0x63, 0x00, 0x0C, 0xC0, 0x3C, 0x00, 0x18,
  0xD0, 0x23, 0x00, 0x0C, 0x80, 0x9C, 0x00, 0x1C, 0x90, 0x83, 0x00, 0x04, 0x3B, 0x20, 0x00, 0x00, 0x80, 0x7D, 0x00, 0x5C, 0x38, 0x80, 0x00, 0x00,
  0x3D, 0x80, 0x80, 0x3A, 0x61, 0x8C, 0x6F, 0xEC, 0x7D, 0x89, 0x03, 0xA6, 0x4E, 0x80, 0x04, 0x21, 0x39, 0x43, 0x00, 0x0F, 0x3D, 0x80, 0x80, 0x40,
  0x61, 0x8C, 0xCB, 0x00, 0x88, 0x7D, 0x00, 0x4F, 0x1C, 0x63, 0x00, 0x04, 0x3C, 0x80, 0x80, 0x4D, 0x60, 0x84, 0x11, 0x24, 0x7C, 0x63, 0x20, 0x2E,
  0x81, 0x63, 0x00, 0x04, 0x88, 0x6A, 0x00, 0x00, 0x2C, 0x03, 0x00, 0x0B, 0x41, 0x82, 0x00, 0x64, 0x2C, 0x03, 0x00, 0x20, 0x41, 0x82, 0x00, 0x1C,
  0x2C, 0x03, 0x00, 0x40, 0x41, 0x82, 0x00, 0x34, 0x88, 0x6A, 0x00, 0x00, 0x2C, 0x03, 0x00, 0x0F, 0x41, 0x82, 0x00, 0x50, 0x48, 0x00, 0x00, 0x44,
  0x88, 0x6A, 0x00, 0x01, 0x1C, 0x63, 0x00, 0x02, 0x7C, 0x63, 0x60, 0xAE, 0x38, 0x80, 0x00, 0x14, 0x7C, 0x63, 0x20, 0x50, 0x7F, 0x39, 0x1A, 0x14,
  0x39, 0x4A, 0x00, 0x02, 0x4B, 0xFF, 0xFF, 0xB8, 0x88, 0x6A, 0x00, 0x01, 0x1C, 0x63, 0x00, 0x02, 0x7C, 0x63, 0x58, 0xAE, 0x38, 0x80, 0x00, 0x14,
  0x7C, 0x63, 0x20, 0x50, 0x7F, 0x39, 0x1A, 0x14, 0x39, 0x4A, 0x00, 0x02, 0x4B, 0xFF, 0xFF, 0x98, 0x39, 0x4A, 0x00, 0x01, 0x4B, 0xFF, 0xFF, 0x90,
  0x2C, 0x19, 0x00, 0x3C, 0x40, 0x80, 0x00, 0x08, 0x3B, 0x20, 0x00, 0x3C, 0x2C, 0x19, 0x00, 0x90, 0x40, 0x81, 0x00, 0x08, 0x3B, 0x20, 0x00, 0x90,
  0x3C, 0x00, 0x43, 0x30, 0xC8, 0x42, 0x98, 0xA8, 0x6F, 0x23, 0x80, 0x00, 0x90, 0x01, 0x00, 0x80, 0x90, 0x61, 0x00, 0x84, 0xC8, 0x21, 0x00, 0x80,
  0xEC, 0x21, 0x10, 0x28, 0xC0, 0x5C, 0x00, 0x2C, 0xEC, 0x21, 0x00, 0xB2, 0xD0, 0x36, 0x00, 0x2C, 0x3A, 0x94, 0x00, 0x01, 0x2C, 0x14, 0x00, 0x06,
  0x41, 0x80, 0xFC, 0xF8, 0x7F, 0x43, 0xD3, 0x78, 0x3D, 0x80, 0x80, 0x37, 0x61, 0x8C, 0xF1, 0xB0, 0x7D, 0x89, 0x03, 0xA6, 0x4E, 0x80, 0x04, 0x21,
  0xBA, 0x81, 0x00, 0xB0, 0x80, 0x01, 0x00, 0xE4, 0x38, 0x21, 0x00, 0xE0, 0x7C, 0x08, 0x03, 0xA6, 0x80, 0x01, 0x00, 0x1C, 0x83, 0xE1, 0x00, 0x14,
  0x60, 0x00, 0x00, 0x00, 0x00, 0x00, 0x00, 0x00, 0x04, 0x3A, 0x69, 0xC0, 0x48, 0x00, 0x00, 0x3C, 0xC2, 0x17, 0x93, 0x78, 0x00, 0x00, 0x00, 0x0D,
  0x3C, 0x60, 0x80, 0x48, 0x80, 0x63, 0x9D, 0x30, 0x54, 0x63, 0x44, 0x3E, 0x2C, 0x03, 0x03, 0x08, 0x40, 0x82, 0x00, 0x4C, 0x3B, 0x80, 0x00, 0x00,
  0x3C, 0xC0, 0x80, 0x4C, 0x60, 0xC6, 0x20, 0xBC, 0x3C, 0x80, 0x80, 0x45, 0x60, 0x84, 0xAB, 0xF6, 0x88, 0x84, 0x00, 0x00, 0x1C, 0x7C, 0x00, 0x44,
  0x1C, 0x84, 0x00, 0x44, 0x7C, 0x66, 0x1A, 0x14, 0x7C, 0x86, 0x22, 0x14, 0x38, 0xA0, 0x00, 0x44, 0x3D, 0x80, 0x80, 0x00, 0x61, 0x8C, 0x31, 0xF4,
  0x7D, 0x89, 0x03, 0xA6, 0x4E, 0x80, 0x04, 0x21, 0x3B, 0x9C, 0x00, 0x01, 0x2C, 0x1C, 0x00, 0x04, 0x41, 0x80, 0xFF, 0xC0, 0x3B, 0x9F, 0x00, 0x00,
  0x60, 0x00, 0x00, 0x00, 0x00, 0x00, 0x00, 0x00, 0xC2, 0x17, 0x90, 0x0C, 0x00, 0x00, 0x00, 0x0A, 0x3C, 0xE0, 0x80, 0x48, 0x80, 0xE7, 0x9D, 0x30,
  0x54, 0xE7, 0x44, 0x3E, 0x2C, 0x07, 0x03, 0x08, 0x40, 0x82, 0x00, 0x28, 0x3C, 0xE0, 0x80, 0x00, 0x60, 0xE7, 0x56, 0x8C, 0x7C, 0xE9, 0x03, 0xA6,
  0x4E, 0x80, 0x04, 0x21, 0x7C, 0xE8, 0x02, 0xA6, 0x89, 0x07, 0x00, 0x00, 0x7C, 0x08, 0x18, 0x00, 0x41, 0x82, 0x00, 0x08, 0x38, 0xC0, 0x00, 0x01,
  0x3D, 0x80, 0x80, 0x16, 0x61, 0x8C, 0x08, 0x54, 0x7D, 0x89, 0x03, 0xA6, 0x4E, 0x80, 0x04, 0x21, 0x60, 0x00, 0x00, 0x00, 0x00, 0x00, 0x00, 0x00,
  0xC2, 0x17, 0xA8, 0x90, 0x00, 0x00, 0x00, 0x10, 0x48, 0x00, 0x00, 0x70, 0x4E, 0x80, 0x00, 0x21, 0x3F, 0x59, 0x99, 0x9A, 0x3F, 0x4C, 0xCC, 0xCD,
  0x3F, 0x80, 0x00, 0x00, 0x3F, 0x80, 0x00, 0x00, 0x3F, 0x80, 0x00, 0x00, 0x3F, 0x33, 0x33, 0x33, 0x3F, 0x66, 0x66, 0x66, 0x3F, 0x80, 0x00, 0x00,
  0x3F, 0x80, 0x00, 0x00, 0x3F, 0x61, 0x47, 0xAE, 0x3F, 0x4C, 0xCC, 0xCD, 0x3F, 0x80, 0x00, 0x00, 0x3F, 0x66, 0x66, 0x66, 0x3F, 0x80, 0x00, 0x00,
  0x3F, 0x66, 0x66, 0x66, 0x3F, 0x80, 0x00, 0x00, 0x3F, 0x66, 0x66, 0x66, 0x3F, 0x66, 0x66, 0x66, 0x3F, 0x66, 0x66, 0x66, 0x3F, 0x66, 0x66, 0x66,
  0x3F, 0x80, 0x00, 0x00, 0x3F, 0x80, 0x00, 0x00, 0x3F, 0x80, 0x00, 0x00, 0x3F, 0x80, 0x00, 0x00, 0x3F, 0x80, 0x00, 0x00, 0x3F, 0x4A, 0x3D, 0x71,
  0x4B, 0xFF, 0xFF, 0x95, 0x7C, 0x08, 0x02, 0xA6, 0x60, 0x00, 0x00, 0x00, 0x00, 0x00, 0x00, 0x00, 0xC2, 0x25, 0xB8, 0xA4, 0x00, 0x00, 0x00, 0x06,
  0x3C, 0x60, 0x80, 0x48, 0x80, 0x63, 0x9D, 0x30, 0x54, 0x63, 0x44, 0x3E, 0x2C, 0x03, 0x01, 0x08, 0x40, 0x82, 0x00, 0x14, 0x3D, 0x80, 0x80, 0x25,
  0x61, 0x8C, 0xB8, 0xCC, 0x7D, 0x89, 0x03, 0xA6, 0x4E, 0x80, 0x04, 0x20, 0x38, 0x60, 0x00, 0x00, 0x60, 0x00, 0x00, 0x00, 0x00, 0x00, 0x00, 0x00,
  0xC2, 0x25, 0x9C, 0xC8, 0x00, 0x00, 0x00, 0x0D, 0x3C, 0x60, 0x80, 0x48, 0x80, 0x63, 0x9D, 0x30, 0x54, 0x63, 0x44, 0x3E, 0x2C, 0x03, 0x01, 0x08,
  0x40, 0x82, 0x00, 0x50, 0x38, 0x60, 0x00, 0x01, 0x3D, 0x80, 0x80, 0x02, 0x61, 0x8C, 0x40, 0x30, 0x7D, 0x89, 0x03, 0xA6, 0x4E, 0x80, 0x04, 0x21,
  0x88, 0x6D, 0xB6, 0x0E, 0x3D, 0x80, 0x80, 0x25, 0x61, 0x8C, 0xBC, 0x08, 0x7D, 0x89, 0x03, 0xA6, 0x4E, 0x80, 0x04, 0x21, 0x81, 0x8D, 0xAF, 0xE8,
  0x7D, 0x89, 0x03, 0xA6, 0x4E, 0x80, 0x04, 0x21, 0x38, 0x60, 0x00, 0x02, 0x98, 0x6D, 0xB6, 0x0F, 0x3D, 0x80, 0x80, 0x25, 0x61, 0x8C, 0x9D, 0x6C,
  0x7D, 0x89, 0x03, 0xA6, 0x4E, 0x80, 0x04, 0x20, 0x38, 0x60, 0x00, 0x04, 0x00, 0x00, 0x00, 0x00, 0xC2, 0x25, 0x9E, 0x90, 0x00, 0x00, 0x00, 0x0E,
  0x48, 0x00, 0x00, 0x04, 0x7C, 0x08, 0x02, 0xA6, 0x90, 0x01, 0x00, 0x04, 0x94, 0x21, 0xFF, 0x20, 0xBE, 0x81, 0x00, 0xB0, 0x88, 0x6D, 0xB6, 0x0E,
  0x7C, 0x7E, 0x1B, 0x78, 0x2C, 0x1E, 0x00, 0x12, 0x40, 0x82, 0x00, 0x34, 0x3C, 0x60, 0x80, 0x1D, 0x60, 0x63, 0x45, 0x7C, 0x80, 0x83, 0x00, 0x00,
  0x54, 0x85, 0x30, 0x2E, 0x38, 0x80, 0x00, 0x40, 0x7C, 0x85, 0x23, 0xD6, 0x7F, 0xE3, 0x22, 0x14, 0x3B, 0xFF, 0x00, 0x08, 0x80, 0x7F, 0x00, 0x00,
  0x2C, 0x03, 0x00, 0x00, 0x41, 0x82, 0x00, 0x08, 0x3B, 0xC0, 0x00, 0x1F, 0x7F, 0xC3, 0xF3, 0x78, 0xBA, 0x81, 0x00, 0xB0, 0x80, 0x01, 0x00, 0xE4,
  0x38, 0x21, 0x00, 0xE0, 0x7C, 0x08, 0x03, 0xA6, 0x60, 0x00, 0x00, 0x00, 0x00, 0x00, 0x00, 0x00, 0xC2, 0x25, 0x9E, 0x34, 0x00, 0x00, 0x00, 0x2A,
  0x48, 0x00, 0x00, 0x0C, 0x4E, 0x80, 0x00, 0x21, 0x00, 0x00, 0x00, 0x00, 0x7C, 0x08, 0x02, 0xA6, 0x90, 0x01, 0x00, 0x04, 0x94, 0x21, 0xFF, 0x20,
  0xBE, 0x81, 0x00, 0xB0, 0x3C, 0x60, 0x80, 0x1D, 0x60, 0x63, 0x45, 0x7C, 0x80, 0x83, 0x00, 0x00, 0x54, 0x85, 0x30, 0x2E, 0x38, 0x80, 0x00, 0x40,
  0x7C, 0x85, 0x23, 0xD6, 0x7E, 0xC3, 0x22, 0x14, 0x3A, 0xD6, 0x00, 0x08, 0x4B, 0xFF, 0xFF, 0xC9, 0x7E, 0x88, 0x02, 0xA6, 0xA0, 0x7F, 0x00, 0x00,
  0x88, 0x0D, 0xB6, 0x0E, 0x7C, 0x15, 0x03, 0x78, 0x7C, 0x00, 0x18, 0x00, 0x40, 0x82, 0x00, 0xB4, 0x2C, 0x00, 0x00, 0x12, 0x40, 0x82, 0x00, 0xD0,
  0x88, 0x76, 0x00, 0x00, 0x88, 0x94, 0x00, 0x00, 0x7C, 0x03, 0x20, 0x00, 0x41, 0x82, 0x00, 0xC0, 0x98, 0x74, 0x00, 0x00, 0x2C, 0x03, 0x00, 0x00,
  0x41, 0x82, 0x00, 0x0C, 0x3A, 0xA0, 0x00, 0x1F, 0x48, 0x00, 0x00, 0x30, 0x3A, 0xA0, 0x00, 0x12, 0x48, 0x00, 0x00, 0x28, 0x28, 0x03, 0x00, 0x1F,
  0x40, 0x80, 0x00, 0x3C, 0x1C, 0x03, 0x00, 0x1C, 0x3C, 0x60, 0x80, 0x3F, 0x38, 0x63, 0x06, 0xD0, 0x7C, 0x63, 0x02, 0x14, 0x88, 0x03, 0x00, 0x08,
  0x28, 0x00, 0x00, 0x02, 0x41, 0x80, 0x00, 0x20, 0xC0, 0x22, 0xC9, 0xC4, 0x38, 0x7E, 0x00, 0x00, 0x38, 0x80, 0x00, 0x01, 0x3D, 0x80, 0x80, 0x36,
  0x61, 0x8C, 0xF7, 0xB0, 0x7D, 0x89, 0x03, 0xA6, 0x4E, 0x80, 0x04, 0x21, 0x38, 0x60, 0x00, 0x02, 0x3D, 0x80, 0x80, 0x02, 0x61, 0x8C, 0x40, 0x30,
  0x7D, 0x89, 0x03, 0xA6, 0x4E, 0x80, 0x04, 0x21, 0x38, 0x00, 0x00, 0x00, 0x90, 0x1F, 0x00, 0x04, 0x38, 0x00, 0x00, 0x02, 0xB0, 0x1F, 0x00, 0x02,
  0x7E, 0xA3, 0xAB, 0x78, 0x3D, 0x80, 0x80, 0x25, 0x61, 0x8C, 0x9E, 0xD8, 0x7D, 0x89, 0x03, 0xA6, 0x4E, 0x80, 0x04, 0x21, 0x48, 0x00, 0x00, 0x28,
  0xBA, 0x81, 0x00, 0xB0, 0x80, 0x01, 0x00, 0xE4, 0x38, 0x21, 0x00, 0xE0, 0x7C, 0x08, 0x03, 0xA6, 0xA0, 0x7F, 0x00, 0x00, 0x3D, 0x80, 0x80, 0x25,
  0x61, 0x8C, 0x9E, 0x38, 0x7D, 0x89, 0x03, 0xA6, 0x4E, 0x80, 0x04, 0x20, 0xBA, 0x81, 0x00, 0xB0, 0x80, 0x01, 0x00, 0xE4, 0x38, 0x21, 0x00, 0xE0,
  0x7C, 0x08, 0x03, 0xA6, 0x3D, 0x80, 0x80, 0x25, 0x61, 0x8C, 0x9E, 0xC0, 0x7D, 0x89, 0x03, 0xA6, 0x4E, 0x80, 0x04, 0x20, 0x00, 0x00, 0x00, 0x00,
  0xC2, 0x25, 0xA5, 0x30, 0x00, 0x00, 0x00, 0x1A, 0x48, 0x00, 0x00, 0x04, 0x7C, 0x08, 0x02, 0xA6, 0x90, 0x01, 0x00, 0x04, 0x94, 0x21, 0xFF, 0x20,
  0xBE, 0x81, 0x00, 0xB0, 0x3C, 0x60, 0x80, 0x1D, 0x60, 0x63, 0x45, 0x7C, 0x80, 0x83, 0x00, 0x00, 0x54, 0x85, 0x30, 0x2E, 0x38, 0x80, 0x00, 0x40,
  0x7C, 0x85, 0x23, 0xD6, 0x7D, 0x83, 0x22, 0x14, 0x3A, 0x60, 0x00, 0x00, 0x3C, 0x60, 0x80, 0x4C, 0x60, 0x63, 0x1F, 0xAC, 0x1C, 0x13, 0x00, 0x44,
  0x7C, 0x63, 0x02, 0x14, 0x80, 0x83, 0x00, 0x08, 0x54, 0x80, 0x06, 0xF7, 0x41, 0x82, 0x00, 0x14, 0x88, 0x8C, 0x00, 0x08, 0x68, 0x84, 0x00, 0x01,
  0x98, 0x8C, 0x00, 0x08, 0x48, 0x00, 0x00, 0x10, 0x3A, 0x73, 0x00, 0x01, 0x2C, 0x13, 0x00, 0x04, 0x41, 0x80, 0xFF, 0xCC, 0x3C, 0x60, 0x80, 0x4D,
  0x60, 0x63, 0x78, 0x1C, 0x80, 0x63, 0x00, 0x00, 0x82, 0x83, 0x00, 0x28, 0x2C, 0x1E, 0x00, 0x12, 0x40, 0x82, 0x00, 0x20, 0x3C, 0x80, 0x80, 0x52,
  0x60, 0x84, 0xD5, 0xFF, 0x80, 0x74, 0x00, 0x18, 0x80, 0x63, 0x00, 0x08, 0x80, 0x63, 0x00, 0x0C, 0x90, 0x83, 0x00, 0x04, 0x48, 0x00, 0x00, 0x1C,
  0x3C, 0x80, 0x99, 0xB3, 0x60, 0x84, 0xB3, 0xFF, 0x80, 0x74, 0x00, 0x18, 0x80, 0x63, 0x00, 0x08, 0x80, 0x63, 0x00, 0x0C, 0x90, 0x83, 0x00, 0x04,
  0xBA, 0x81, 0x00, 0xB0, 0x80, 0x01, 0x00, 0xE4, 0x38, 0x21, 0x00, 0xE0, 0x7C, 0x08, 0x03, 0xA6, 0x9B, 0xCD, 0xB6, 0x0E, 0x00, 0x00, 0x00, 0x00,
  0x04, 0x25, 0x9F, 0xB4, 0x2C, 0x1E, 0x00, 0x20, 0xC2, 0x25, 0xAC, 0x6C, 0x00, 0x00, 0x00, 0x52, 0x7C, 0x08, 0x02, 0xA6, 0x90, 0x01, 0x00, 0x04,
  0x94, 0x21, 0xFF, 0x20, 0xBE, 0x81, 0x00, 0xB0, 0x7C, 0x7F, 0x1B, 0x78, 0x38, 0x60, 0x00, 0x0C, 0x3D, 0x80, 0x80, 0x37, 0x61, 0x8C, 0xF1, 0xE4,
  0x7D, 0x89, 0x03, 0xA6, 0x4E, 0x80, 0x04, 0x21, 0x7C, 0x7D, 0x1B, 0x78, 0x38, 0x80, 0x00, 0x0C, 0x3D, 0x80, 0x80, 0x00, 0x61, 0x8C, 0xC1, 0x60,
  0x7D, 0x89, 0x03, 0xA6, 0x4E, 0x80, 0x04, 0x21, 0x7F, 0xE3, 0xFB, 0x78, 0x38, 0x80, 0x00, 0x04, 0x3C, 0xA0, 0x80, 0x37, 0x60, 0xA5, 0xF1, 0xB0,
  0x7F, 0xA6, 0xEB, 0x78, 0x3D, 0x80, 0x80, 0x39, 0x61, 0x8C, 0x0B, 0x68, 0x7D, 0x89, 0x03, 0xA6, 0x4E, 0x80, 0x04, 0x21, 0x7F, 0xE3, 0xFB, 0x78,
  0x48, 0x00, 0x00, 0x21, 0x7C, 0x88, 0x02, 0xA6, 0x38, 0xA0, 0x00, 0x00, 0x3D, 0x80, 0x80, 0x38, 0x61, 0x8C, 0xFD, 0x54, 0x7D, 0x89, 0x03, 0xA6,
  0x4E, 0x80, 0x04, 0x21, 0x48, 0x00, 0x01, 0xF8, 0x4E, 0x80, 0x00, 0x21, 0x7C, 0x08, 0x02, 0xA6, 0x90, 0x01, 0x00, 0x04, 0x94, 0x21, 0xFF, 0x20,
  0xBE, 0x81, 0x00, 0xB0, 0x7C, 0x7F, 0x1B, 0x78, 0x83, 0xDF, 0x00, 0x28, 0x83, 0x3E, 0x00, 0x10, 0x83, 0x39, 0x00, 0x08, 0x83, 0x19, 0x00, 0x08,
  0x83, 0xBF, 0x00, 0x2C, 0x83, 0x9D, 0x00, 0x00, 0x83, 0x7D, 0x00, 0x04, 0x3C, 0x60, 0x80, 0x4D, 0x60, 0x63, 0x6C, 0xAE, 0x88, 0x63, 0x00, 0x00,
  0x2C, 0x03, 0x00, 0x12, 0x41, 0x82, 0x00, 0x10, 0x38, 0x80, 0x00, 0x00, 0x90, 0x9D, 0x00, 0x08, 0x48, 0x00, 0x00, 0x0C, 0x38, 0x80, 0x00, 0x01,
  0x90, 0x9D, 0x00, 0x08, 0x83, 0x9D, 0x00, 0x00, 0x83, 0x7D, 0x00, 0x04, 0x83, 0x5D, 0x00, 0x08, 0x2C, 0x1A, 0x00, 0x00, 0x41, 0x82, 0x00, 0x08,
  0x48, 0x00, 0x00, 0x54, 0x2C, 0x1C, 0x00, 0x14, 0x40, 0x80, 0x00, 0x98, 0x3B, 0x9C, 0x00, 0x01, 0x93, 0x9D, 0x00, 0x00, 0x7F, 0x83, 0xE3, 0x78,
  0x3D, 0x80, 0x80, 0x00, 0x61, 0x8C, 0x55, 0xF4, 0x7D, 0x89, 0x03, 0xA6, 0x4E, 0x80, 0x04, 0x21, 0x7F, 0x23, 0xCB, 0x78, 0x3D, 0x80, 0x80, 0x36,
  0x61, 0x8C, 0xF8, 0xBC, 0x7D, 0x89, 0x03, 0xA6, 0x4E, 0x80, 0x04, 0x21, 0x7F, 0x23, 0xCB, 0x78, 0x3D, 0x80, 0x80, 0x37, 0x61, 0x8C, 0x09, 0x28,
  0x7D, 0x89, 0x03, 0xA6, 0x4E, 0x80, 0x04, 0x21, 0x48, 0x00, 0x00, 0x50, 0x2C, 0x1C, 0x00, 0x00, 0x40, 0x81, 0x00, 0x48, 0x3B, 0x9C, 0xFF, 0xFF,
  0x93, 0x9D, 0x00, 0x00, 0x7F, 0x83, 0xE3, 0x78, 0x3D, 0x80, 0x80, 0x00, 0x61, 0x8C, 0x55, 0xF4, 0x7D, 0x89, 0x03, 0xA6, 0x4E, 0x80, 0x04, 0x21,
  0x7F, 0x23, 0xCB, 0x78, 0x3D, 0x80, 0x80, 0x36, 0x61, 0x8C, 0xF8, 0xBC, 0x7D, 0x89, 0x03, 0xA6, 0x4E, 0x80, 0x04, 0x21, 0x7F, 0x23, 0xCB, 0x78,
  0x3D, 0x80, 0x80, 0x37, 0x61, 0x8C, 0x09, 0x28, 0x7D, 0x89, 0x03, 0xA6, 0x4E, 0x80, 0x04, 0x21, 0x2C, 0x1A, 0x00, 0x01, 0x41, 0x82, 0x00, 0x08,
  0x48, 0x00, 0x00, 0x54, 0x2C, 0x1B, 0x00, 0x14, 0x40, 0x80, 0x00, 0x98, 0x3B, 0x7B, 0x00, 0x01, 0x93, 0x7D, 0x00, 0x04, 0x7F, 0x63, 0xDB, 0x78,
  0x3D, 0x80, 0x80, 0x00, 0x61, 0x8C, 0x55, 0xF4, 0x7D, 0x89, 0x03, 0xA6, 0x4E, 0x80, 0x04, 0x21, 0x7F, 0x03, 0xC3, 0x78, 0x3D, 0x80, 0x80, 0x36,
  0x61, 0x8C, 0xF8, 0xBC, 0x7D, 0x89, 0x03, 0xA6, 0x4E, 0x80, 0x04, 0x21, 0x7F, 0x03, 0xC3, 0x78, 0x3D, 0x80, 0x80, 0x37, 0x61, 0x8C, 0x09, 0x28,
  0x7D, 0x89, 0x03, 0xA6, 0x4E, 0x80, 0x04, 0x21, 0x48, 0x00, 0x00, 0x50, 0x2C, 0x1B, 0x00, 0x00, 0x40, 0x81, 0x00, 0x48, 0x3B, 0x7B, 0xFF, 0xFF,
  0x93, 0x7D, 0x00, 0x04, 0x7F, 0x63, 0xDB, 0x78, 0x3D, 0x80, 0x80, 0x00, 0x61, 0x8C, 0x55, 0xF4, 0x7D, 0x89, 0x03, 0xA6, 0x4E, 0x80, 0x04, 0x21,
  0x7F, 0x03, 0xC3, 0x78, 0x3D, 0x80, 0x80, 0x36, 0x61, 0x8C, 0xF8, 0xBC, 0x7D, 0x89, 0x03, 0xA6, 0x4E, 0x80, 0x04, 0x21, 0x7F, 0x03, 0xC3, 0x78,
  0x3D, 0x80, 0x80, 0x37, 0x61, 0x8C, 0x09, 0x28, 0x7D, 0x89, 0x03, 0xA6, 0x4E, 0x80, 0x04, 0x21, 0x7F, 0xC3, 0xF3, 0x78, 0x3D, 0x80, 0x80, 0x37,
  0x61, 0x8C, 0x07, 0x80, 0x7D, 0x89, 0x03, 0xA6, 0x4E, 0x80, 0x04, 0x21, 0x80, 0x7E, 0x00, 0x10, 0x3D, 0x80, 0x80, 0x37, 0x61, 0x8C, 0x07, 0x80,
  0x7D, 0x89, 0x03, 0xA6, 0x4E, 0x80, 0x04, 0x21, 0xBA, 0x81, 0x00, 0xB0, 0x80, 0x01, 0x00, 0xE4, 0x38, 0x21, 0x00, 0xE0, 0x7C, 0x08, 0x03, 0xA6,
  0x4E, 0x80, 0x00, 0x20, 0xBA, 0x81, 0x00, 0xB0, 0x80, 0x01, 0x00, 0xE4, 0x38, 0x21, 0x00, 0xE0, 0x7C, 0x08, 0x03, 0xA6, 0x00, 0x00, 0x00, 0x00,
  0xC2, 0x25, 0x9F, 0xAC, 0x00, 0x00, 0x00, 0x04, 0x2C, 0x1E, 0x00, 0x1F, 0x41, 0x82, 0x00, 0x0C, 0xB3, 0xDC, 0x00, 0x00, 0x48, 0x00, 0x00, 0x0C,
  0x38, 0x00, 0x00, 0x12, 0xB0, 0x1C, 0x00, 0x00, 0x60, 0x00, 0x00, 0x00, 0x00, 0x00, 0x00, 0x00, 0xC2, 0x22, 0xB0, 0x44, 0x00, 0x00, 0x00, 0x06,
  0x40, 0x82, 0x00, 0x20, 0x88, 0x6D, 0xAF, 0xA2, 0x2C, 0x03, 0x00, 0x00, 0x40, 0x82, 0x00, 0x14, 0x3D, 0x80, 0x80, 0x22, 0x61, 0x8C, 0xB1, 0x1C,
  0x7D, 0x89, 0x03, 0xA6, 0x4E, 0x80, 0x04, 0x20, 0x38, 0x60, 0x00, 0x00, 0x98, 0x6D, 0xAF, 0xA2, 0x60, 0x00, 0x00, 0x00, 0x00, 0x00, 0x00, 0x00,
  0xC2, 0x22, 0x99, 0xF0, 0x00, 0x00, 0x00, 0x1B, 0x2C, 0x03, 0x00, 0x08, 0x40, 0x82, 0x00, 0xC8, 0x88, 0x6D, 0xAF, 0xA1, 0x2C, 0x03, 0x00, 0x00,
  0x41, 0x82, 0x00, 0x14, 0x2C, 0x03, 0x00, 0x01, 0x41, 0x82, 0x00, 0x48, 0x2C, 0x03, 0x00, 0x02, 0x41, 0x82, 0x00, 0x5C, 0x2C, 0x04, 0x00, 0x00,
  0x41, 0x82, 0x00, 0x90, 0x2C, 0x04, 0x00, 0x01, 0x41, 0x82, 0x00, 0x88, 0x2C, 0x04, 0x00, 0x02, 0x41, 0x82, 0x00, 0x80, 0x2C, 0x04, 0x00, 0x03,
  0x41, 0x82, 0x00, 0x78, 0x2C, 0x04, 0x00, 0x04, 0x41, 0x82, 0x00, 0x70, 0x2C, 0x04, 0x00, 0x06, 0x41, 0x82, 0x00, 0x68, 0x2C, 0x04, 0x00, 0x07,
  0x41, 0x82, 0x00, 0x60, 0x48, 0x00, 0x00, 0x70, 0x2C, 0x04, 0x00, 0x05, 0x41, 0x82, 0x00, 0x54, 0x2C, 0x04, 0x00, 0x06, 0x41, 0x82, 0x00, 0x4C,
  0x2C, 0x04, 0x00, 0x07, 0x41, 0x82, 0x00, 0x44, 0x48, 0x00, 0x00, 0x54, 0x2C, 0x04, 0x00, 0x00, 0x41, 0x82, 0x00, 0x38, 0x2C, 0x04, 0x00, 0x01,
  0x41, 0x82, 0x00, 0x30, 0x2C, 0x04, 0x00, 0x02, 0x41, 0x82, 0x00, 0x28, 0x2C, 0x04, 0x00, 0x03, 0x41, 0x82, 0x00, 0x20, 0x2C, 0x04, 0x00, 0x04,
  0x41, 0x82, 0x00, 0x18, 0x2C, 0x04, 0x00, 0x05, 0x41, 0x82, 0x00, 0x10, 0x2C, 0x04, 0x00, 0x06, 0x41, 0x82, 0x00, 0x08, 0x48, 0x00, 0x00, 0x18,
  0x38, 0x60, 0x00, 0x00, 0x3D, 0x80, 0x80, 0x22, 0x61, 0x8C, 0x99, 0xF4, 0x7D, 0x89, 0x03, 0xA6, 0x4E, 0x80, 0x04, 0x20, 0x38, 0x60, 0x00, 0x01,
  0x60, 0x00, 0x00, 0x00, 0x00, 0x00, 0x00, 0x00, 0xC2, 0x22, 0xE9, 0x3C, 0x00, 0x00, 0x00, 0x24, 0x48, 0x00, 0x00, 0x20, 0x4E, 0x80, 0x00, 0x21,
  0xC3, 0x4C, 0x00, 0x00, 0xC3, 0x1D, 0x00, 0x00, 0x41, 0x88, 0x00, 0x00, 0x3D, 0x75, 0xC2, 0x8F, 0x4E, 0x80, 0x00, 0x21, 0x01, 0x00, 0x00, 0x00,
  0x7C, 0x08, 0x02, 0xA6, 0x90, 0x01, 0x00, 0x04, 0x94, 0x21, 0xFF, 0x20, 0xBE, 0x81, 0x00, 0xB0, 0x4B, 0xFF, 0xFF, 0xE9, 0x7F, 0xA8, 0x02, 0xA6,
  0x88, 0x7D, 0x00, 0x00, 0x2C, 0x03, 0x00, 0x00, 0x41, 0x82, 0x00, 0x74, 0x3D, 0x80, 0x80, 0x02, 0x61, 0x8C, 0x6F, 0x2C, 0x7D, 0x89, 0x03, 0xA6,
  0x4E, 0x80, 0x04, 0x21, 0x38, 0x60, 0x00, 0x02, 0x38, 0xA0, 0x00, 0x00, 0x38, 0xC0, 0x00, 0x08, 0x3D, 0x80, 0x80, 0x02, 0x61, 0x8C, 0x70, 0x2C,
  0x7D, 0x89, 0x03, 0xA6, 0x4E, 0x80, 0x04, 0x21, 0x3D, 0x80, 0x80, 0x02, 0x61, 0x8C, 0x71, 0x68, 0x7D, 0x89, 0x03, 0xA6, 0x4E, 0x80, 0x04, 0x21,
  0x3D, 0x80, 0x80, 0x02, 0x61, 0x8C, 0x76, 0x48, 0x7D, 0x89, 0x03, 0xA6, 0x4E, 0x80, 0x04, 0x21, 0x38, 0x60, 0x75, 0x35, 0x38, 0x80, 0x00, 0x7F,
  0x38, 0xA0, 0x00, 0x40, 0x3D, 0x80, 0x80, 0x02, 0x61, 0x8C, 0x37, 0xA8, 0x7D, 0x89, 0x03, 0xA6, 0x4E, 0x80, 0x04, 0x21, 0x38, 0x60, 0x00, 0x00,
  0x98, 0x7D, 0x00, 0x00, 0x38, 0x60, 0x00, 0x01, 0x3D, 0x80, 0x80, 0x37, 0x61, 0x8C, 0xF1, 0xE4, 0x7D, 0x89, 0x03, 0xA6, 0x4E, 0x80, 0x04, 0x21,
  0x7C, 0x7C, 0x1B, 0x78, 0x38, 0x60, 0x00, 0xBA, 0x98, 0x7C, 0x00, 0x00, 0x7F, 0x83, 0xE3, 0x78, 0x38, 0x80, 0x00, 0x01, 0x38, 0xA0, 0x00, 0x01,
  0x3D, 0x80, 0x80, 0x00, 0x61, 0x8C, 0x55, 0xF0, 0x7D, 0x89, 0x03, 0xA6, 0x4E, 0x80, 0x04, 0x21, 0x7F, 0x83, 0xE3, 0x78, 0x3D, 0x80, 0x80, 0x37,
  0x61, 0x8C, 0xF1, 0xB0, 0x7D, 0x89, 0x03, 0xA6, 0x4E, 0x80, 0x04, 0x21, 0xBA, 0x81, 0x00, 0xB0, 0x80, 0x01, 0x00, 0xE4, 0x38, 0x21, 0x00, 0xE0,
  0x7C, 0x08, 0x03, 0xA6, 0xB9, 0xC1, 0x04, 0x08, 0x60, 0x00, 0x00, 0x00, 0x00, 0x00, 0x00, 0x00, 0xC2, 0x1B, 0x10, 0x40, 0x00, 0x00, 0x01, 0x63,
  0x7C, 0x08, 0x02, 0xA6, 0x90, 0x01, 0x00, 0x04, 0x94, 0x21, 0xFF, 0x20, 0xBE, 0x81, 0x00, 0xB0, 0x48, 0x00, 0x00, 0xB5, 0x7C, 0x68, 0x02, 0xA6,
  0x3C, 0x80, 0x80, 0x3D, 0x60, 0x84, 0xD9, 0x08, 0x90, 0x64, 0x00, 0x00, 0x3C, 0x60, 0x80, 0x3E, 0x60, 0x63, 0xB7, 0x50, 0x48, 0x00, 0x02, 0x09,
  0x7C, 0x88, 0x02, 0xA6, 0x90, 0x83, 0x00, 0x10, 0x48, 0x00, 0x05, 0x81, 0x7C, 0x88, 0x02, 0xA6, 0x38, 0xA0, 0x00, 0x10, 0x3D, 0x80, 0x80, 0x00,
  0x61, 0x8C, 0x31, 0xF4, 0x7D, 0x89, 0x03, 0xA6, 0x4E, 0x80, 0x04, 0x21, 0x3C, 0x60, 0x80, 0x3E, 0x60, 0x63, 0xB7, 0x50, 0x48, 0x00, 0x05, 0x71,
  0x7C, 0x88, 0x02, 0xA6, 0x90, 0x83, 0x00, 0x08, 0x3C, 0x60, 0x80, 0x3E, 0x60, 0x63, 0xB6, 0x6C, 0x38, 0x80, 0x06, 0x44, 0xB0, 0x83, 0x00, 0x04,
  0x48, 0x00, 0x00, 0xB1, 0x7C, 0x68, 0x02, 0xA6, 0x90, 0x6D, 0xB6, 0x14, 0x3D, 0x80, 0x80, 0x00, 0x61, 0x8C, 0x56, 0x18, 0x7D, 0x89, 0x03, 0xA6,
  0x4E, 0x80, 0x04, 0x21, 0x7E, 0xA8, 0x02, 0xA6, 0x39, 0x95, 0x00, 0x14, 0x7D, 0x89, 0x03, 0xA6, 0x4E, 0x80, 0x04, 0x21, 0x39, 0x95, 0x00, 0x0C,
  0x7D, 0x89, 0x03, 0xA6, 0x4E, 0x80, 0x04, 0x21, 0xBA, 0x81, 0x00, 0xB0, 0x80, 0x01, 0x00, 0xE4, 0x38, 0x21, 0x00, 0xE0, 0x7C, 0x08, 0x03, 0xA6,
  0x48, 0x00, 0x0A, 0x50, 0x4E, 0x80, 0x00, 0x21, 0x3D, 0x80, 0x80, 0x00, 0x61, 0x8C, 0x56, 0x18, 0x7D, 0x89, 0x03, 0xA6, 0x4E, 0x80, 0x04, 0x21,
  0x7F, 0xC8, 0x02, 0xA6, 0x38, 0x00, 0x00, 0x08, 0x98, 0x1F, 0x00, 0x00, 0x38, 0x60, 0x00, 0x08, 0x88, 0x8D, 0xAF, 0xA0, 0x3D, 0x80, 0x80, 0x22,
  0x61, 0x8C, 0x99, 0x38, 0x7D, 0x89, 0x03, 0xA6, 0x4E, 0x80, 0x04, 0x21, 0x2C, 0x03, 0x00, 0x00, 0x88, 0x6D, 0xAF, 0xA0, 0x40, 0x82, 0x00, 0x10,
  0x39, 0x9E, 0x00, 0x10, 0x7D, 0x89, 0x03, 0xA6, 0x4E, 0x80, 0x04, 0x21, 0x98, 0x7F, 0x00, 0x01, 0x3D, 0x80, 0x80, 0x1B, 0x61, 0x8C, 0x13, 0x6C,
  0x7D, 0x89, 0x03, 0xA6, 0x4E, 0x80, 0x04, 0x20, 0x4E, 0x80, 0x00, 0x21, 0x7C, 0x08, 0x02, 0xA6, 0x90, 0x01, 0x00, 0x04, 0x94, 0x21, 0xFF, 0x20,
  0xBE, 0x81, 0x00, 0xB0, 0x3F, 0xE0, 0x80, 0x4A, 0x63, 0xFF, 0x04, 0xF0, 0x3F, 0xC0, 0x80, 0x3E, 0x63, 0xDE, 0xAE, 0x68, 0x38, 0x00, 0x00, 0x05,
  0xB0, 0x0D, 0xB5, 0x28, 0x3D, 0x80, 0x80, 0x00, 0x61, 0x8C, 0x56, 0x18, 0x7D, 0x89, 0x03, 0xA6, 0x4E, 0x80, 0x04, 0x21, 0x7C, 0x68, 0x02, 0xA6,
  0x39, 0x83, 0x00, 0x10, 0x7D, 0x89, 0x03, 0xA6, 0x4E, 0x80, 0x04, 0x21, 0x7C, 0x60, 0x1B, 0x78, 0x38, 0x80, 0x00, 0x08, 0x88, 0xBF, 0x00, 0x00,
  0x38, 0x60, 0x00, 0x01, 0x98, 0xBF, 0x00, 0x01, 0x98, 0x9F, 0x00, 0x00, 0xB0, 0x1F, 0x00, 0x02, 0x3D, 0x80, 0x80, 0x22, 0x61, 0x8C, 0xB3, 0xA0,
  0x7D, 0x89, 0x03, 0xA6, 0x4E, 0x80, 0x04, 0x21, 0x3D, 0x80, 0x80, 0x39, 0x61, 0x8C, 0x0C, 0xD4, 0x7D, 0x89, 0x03, 0xA6, 0x4E, 0x80, 0x04, 0x21,
  0x80, 0x6D, 0xC1, 0x7C, 0x3D, 0x80, 0x80, 0x39, 0x61, 0x8C, 0x02, 0x28, 0x7D, 0x89, 0x03, 0xA6, 0x4E, 0x80, 0x04, 0x21, 0x83, 0x7E, 0x08, 0xF8,
  0x28, 0x1B, 0x00, 0x00, 0x41, 0x82, 0x00, 0x00, 0x38, 0x60, 0x00, 0x00, 0x38, 0x80, 0x00, 0x01, 0x38, 0xA0, 0x00, 0x80, 0x3D, 0x80, 0x80, 0x39,
  0x61, 0x8C, 0x01, 0xF0, 0x7D, 0x89, 0x03, 0xA6, 0x4E, 0x80, 0x04, 0x21, 0x38, 0x9B, 0x00, 0x00, 0x38, 0xA0, 0x00, 0x00, 0x3D, 0x80, 0x80, 0x38,
  0x61, 0x8C, 0xFD, 0x54, 0x7D, 0x89, 0x03, 0xA6, 0x4E, 0x80, 0x04, 0x21, 0x80, 0x8D, 0xC1, 0x9C, 0x88, 0x03, 0x00, 0x0D, 0x50, 0x80, 0x26, 0xB6,
  0x98, 0x03, 0x00, 0x0D, 0x38, 0x60, 0x00, 0x01, 0x98, 0x6D, 0xAF, 0xA2, 0x7F, 0x63, 0xDB, 0x78, 0xBA, 0x81, 0x00, 0xB0, 0x80, 0x01, 0x00, 0xE4,
  0x38, 0x21, 0x00, 0xE0, 0x7C, 0x08, 0x03, 0xA6, 0x4E, 0x80, 0x00, 0x20, 0x4E, 0x80, 0x00, 0x21, 0x7C, 0x08, 0x02, 0xA6, 0x90, 0x01, 0x00, 0x04,
  0x94, 0x21, 0xFF, 0x08, 0xBD, 0xC1, 0x00, 0xB0, 0x7C, 0x73, 0x1B, 0x78, 0x80, 0x73, 0x00, 0x08, 0x2C, 0x03, 0x00, 0x00, 0x40, 0x82, 0x03, 0x54,
  0x3C, 0x60, 0x80, 0x4A, 0x3B, 0xA3, 0x04, 0xF0, 0x38, 0x60, 0x00, 0x04, 0x3D, 0x80, 0x80, 0x22, 0x61, 0x8C, 0x96, 0x24, 0x7D, 0x89, 0x03, 0xA6,
  0x4E, 0x80, 0x04, 0x21, 0x90, 0x7D, 0x00, 0x0C, 0x3B, 0xC0, 0x00, 0x00, 0x93, 0xDD, 0x00, 0x08, 0x54, 0x60, 0x06, 0xF7, 0x41, 0x82, 0x01, 0x8C,
  0x38, 0x00, 0x00, 0x05, 0xB0, 0x0D, 0xB5, 0x28, 0x3B, 0xE0, 0x00, 0x01, 0x3B, 0x9E, 0x00, 0x00, 0x9B, 0xFD, 0x00, 0x11, 0x57, 0x83, 0x06, 0x3E,
  0x3D, 0x80, 0x80, 0x1A, 0x61, 0x8C, 0x36, 0xA0, 0x7D, 0x89, 0x03, 0xA6, 0x4E, 0x80, 0x04, 0x21, 0x7C, 0x60, 0xF8, 0x38, 0x7C, 0x84, 0xF0, 0x38,
  0x7C, 0x83, 0xF2, 0x78, 0x7C, 0x00, 0xF2, 0x78, 0x7C, 0x60, 0x03, 0x79, 0x41, 0x82, 0x00, 0x0C, 0x57, 0x83, 0x06, 0x3E, 0x48, 0x00, 0x00, 0x14,
  0x3B, 0x9C, 0x00, 0x01, 0x2C, 0x1C, 0x00, 0x04, 0x41, 0x80, 0xFF, 0xC4, 0x38, 0x60, 0x00, 0x00, 0x3D, 0x80, 0x80, 0x16, 0x61, 0x8C, 0x77, 0xE8,
  0x7D, 0x89, 0x03, 0xA6, 0x4E, 0x80, 0x04, 0x21, 0xA0, 0x1D, 0x00, 0x02, 0x2C, 0x00, 0x00, 0x00, 0x41, 0x82, 0x00, 0x40, 0x2C, 0x00, 0x00, 0x01,
  0x41, 0x82, 0x00, 0x40, 0x2C, 0x00, 0x00, 0x02, 0x41, 0x82, 0x00, 0x40, 0x2C, 0x00, 0x00, 0x03, 0x41, 0x82, 0x00, 0x40, 0x2C, 0x00, 0x00, 0x04,
  0x41, 0x82, 0x00, 0x40, 0x2C, 0x00, 0x00, 0x05, 0x41, 0x82, 0x00, 0x40, 0x2C, 0x00, 0x00, 0x06, 0x41, 0x82, 0x00, 0x54, 0x2C, 0x00, 0x00, 0x07,
  0x41, 0x82, 0x00, 0x70, 0x48, 0x00, 0x02, 0x74, 0x38, 0x60, 0x00, 0x00, 0x48, 0x00, 0x00, 0x80, 0x38, 0x60, 0x00, 0x01, 0x48, 0x00, 0x00, 0x78,
  0x38, 0x60, 0x00, 0x02, 0x48, 0x00, 0x00, 0x70, 0x38, 0x60, 0x00, 0x03, 0x48, 0x00, 0x00, 0x68, 0x38, 0x60, 0x00, 0x04, 0x48, 0x00, 0x00, 0x60,
  0x38, 0x60, 0x00, 0x01, 0x3D, 0x80, 0x80, 0x02, 0x61, 0x8C, 0x40, 0x30, 0x7D, 0x89, 0x03, 0xA6, 0x4E, 0x80, 0x04, 0x21, 0x38, 0x80, 0x00, 0xB6,
  0x48, 0x00, 0x00, 0x74, 0x38, 0x60, 0x00, 0xBC, 0x38, 0x80, 0x00, 0x7F, 0x38, 0xA0, 0x00, 0x40, 0x3D, 0x80, 0x80, 0x02, 0x61, 0x8C, 0x37, 0xA8,
  0x7D, 0x89, 0x03, 0xA6, 0x4E, 0x80, 0x04, 0x21, 0x48, 0x00, 0x02, 0x49, 0x48, 0x00, 0x02, 0x0C, 0x38, 0x60, 0x00, 0x01, 0x3D, 0x80, 0x80, 0x02,
  0x61, 0x8C, 0x40, 0x30, 0x7D, 0x89, 0x03, 0xA6, 0x4E, 0x80, 0x04, 0x21, 0x38, 0x80, 0x00, 0xB8, 0x48, 0x00, 0x00, 0x34, 0x98, 0x6D, 0xAF, 0xA0,
  0x38, 0x60, 0x00, 0x01, 0x3D, 0x80, 0x80, 0x02, 0x61, 0x8C, 0x40, 0x30, 0x7D, 0x89, 0x03, 0xA6, 0x4E, 0x80, 0x04, 0x21, 0x38, 0x60, 0x00, 0x08,
  0x3D, 0x80, 0x80, 0x22, 0x61, 0x8C, 0x98, 0x60, 0x7D, 0x89, 0x03, 0xA6, 0x4E, 0x80, 0x04, 0x21, 0x48, 0x00, 0x01, 0xC0, 0x80, 0x6D, 0xAF, 0xC4,
  0x98, 0x83, 0x00, 0x00, 0x38, 0x80, 0x00, 0x01, 0x38, 0xA0, 0x00, 0x01, 0x3D, 0x80, 0x80, 0x00, 0x61, 0x8C, 0x55, 0xF0, 0x7D, 0x89, 0x03, 0xA6,
  0x4E, 0x80, 0x04, 0x21, 0x48, 0x00, 0x01, 0x9C, 0x54, 0x60, 0x06, 0xB5, 0x41, 0x82, 0x00, 0xD0, 0x38, 0x60, 0x00, 0x00, 0x3D, 0x80, 0x80, 0x02,
  0x61, 0x8C, 0x40, 0x30, 0x7D, 0x89, 0x03, 0xA6, 0x4E, 0x80, 0x04, 0x21, 0x9B, 0xDD, 0x00, 0x11, 0x38, 0x60, 0x00, 0x05, 0x38, 0x00, 0x00, 0x01,
  0xB0, 0x6D, 0xB5, 0x28, 0x38, 0x60, 0x00, 0x03, 0x88, 0x9D, 0x00, 0x00, 0x98, 0x9D, 0x00, 0x01, 0x98, 0x1D, 0x00, 0x00, 0x38, 0x00, 0x00, 0x02,
  0xB0, 0x1D, 0x00, 0x02, 0x3D, 0x80, 0x80, 0x22, 0x61, 0x8C, 0xB3, 0xA0, 0x7D, 0x89, 0x03, 0xA6, 0x4E, 0x80, 0x04, 0x21, 0x3D, 0x80, 0x80, 0x39,
  0x61, 0x8C, 0x0C, 0xD4, 0x7D, 0x89, 0x03, 0xA6, 0x4E, 0x80, 0x04, 0x21, 0x80, 0x6D, 0xC1, 0x7C, 0x3D, 0x80, 0x80, 0x39, 0x61, 0x8C, 0x02, 0x28,
  0x7D, 0x89, 0x03, 0xA6, 0x4E, 0x80, 0x04, 0x21, 0x3C, 0x60, 0x80, 0x3F, 0x38, 0x63, 0xB6, 0xB0, 0x83, 0x83, 0x00, 0x24, 0x28, 0x1C, 0x00, 0x00,
  0x41, 0x82, 0x01, 0x10, 0x38, 0x60, 0x00, 0x00, 0x38, 0x80, 0x00, 0x01, 0x38, 0xA0, 0x00, 0x80, 0x3D, 0x80, 0x80, 0x39, 0x61, 0x8C, 0x01, 0xF0,
  0x7D, 0x89, 0x03, 0xA6, 0x4E, 0x80, 0x04, 0x21, 0x38, 0x9C, 0x00, 0x00, 0x38, 0xA0, 0x00, 0x00, 0x3D, 0x80, 0x80, 0x38, 0x61, 0x8C, 0xFD, 0x54,
  0x7D, 0x89, 0x03, 0xA6, 0x4E, 0x80, 0x04, 0x21, 0x80, 0x8D, 0xC1, 0x9C, 0x88, 0x03, 0x00, 0x0D, 0x50, 0x80, 0x26, 0xB6, 0x98, 0x03, 0x00, 0x0D,
  0x48, 0x00, 0x00, 0xC8, 0x54, 0x60, 0x07, 0xFF, 0x41, 0x82, 0x00, 0x60, 0x38, 0x60, 0x00, 0x02, 0x3D, 0x80, 0x80, 0x02, 0x61, 0x8C, 0x40, 0x30,
  0x7D, 0x89, 0x03, 0xA6, 0x4E, 0x80, 0x04, 0x21, 0x3B, 0xE0, 0x00, 0x07, 0x3B, 0x9D, 0x00, 0x02, 0xA0, 0x7C, 0x00, 0x00, 0x28, 0x03, 0x00, 0x00,
  0x41, 0x82, 0x00, 0x10, 0x38, 0x03, 0xFF, 0xFF, 0xB0, 0x1C, 0x00, 0x00, 0x48, 0x00, 0x00, 0x08, 0xB3, 0xFC, 0x00, 0x00, 0x38, 0x60, 0x00, 0x08,
  0xA0, 0x9C, 0x00, 0x00, 0x3D, 0x80, 0x80, 0x22, 0x61, 0x8C, 0x99, 0x38, 0x7D, 0x89, 0x03, 0xA6, 0x4E, 0x80, 0x04, 0x21, 0x2C, 0x03, 0x00, 0x00,
  0x41, 0x82, 0xFF, 0xC8, 0x48, 0x00, 0x00, 0x64, 0x54, 0x60, 0x07, 0xBD, 0x41, 0x82, 0x00, 0x5C, 0x38, 0x60, 0x00, 0x02, 0x3D, 0x80, 0x80, 0x02,
  0x61, 0x8C, 0x40, 0x30, 0x7D, 0x89, 0x03, 0xA6, 0x4E, 0x80, 0x04, 0x21, 0x3B, 0x9D, 0x00, 0x02, 0xA0, 0x7C, 0x00, 0x00, 0x28, 0x03, 0x00, 0x07,
  0x41, 0x82, 0x00, 0x10, 0x38, 0x03, 0x00, 0x01, 0xB0, 0x1C, 0x00, 0x00, 0x48, 0x00, 0x00, 0x08, 0xB3, 0xDC, 0x00, 0x00, 0x38, 0x60, 0x00, 0x08,
  0xA0, 0x9C, 0x00, 0x00, 0x3D, 0x80, 0x80, 0x22, 0x61, 0x8C, 0x99, 0x38, 0x7D, 0x89, 0x03, 0xA6, 0x4E, 0x80, 0x04, 0x21, 0x2C, 0x03, 0x00, 0x00,
  0x41, 0x82, 0xFF, 0xC8, 0x48, 0x00, 0x00, 0x04, 0xB9, 0xC1, 0x00, 0xB0, 0x80, 0x01, 0x00, 0xFC, 0x38, 0x21, 0x00, 0xF8, 0x7C, 0x08, 0x03, 0xA6,
  0x4E, 0x80, 0x00, 0x21, 0x80, 0x3E, 0xB5, 0x7C, 0x43, 0x0C, 0x00, 0x00, 0x80, 0x3E, 0xB6, 0x84, 0x08, 0x00, 0x00, 0x00, 0x4E, 0x80, 0x00, 0x21,
  0x06, 0x45, 0x06, 0x46, 0x06, 0x47, 0x06, 0x4B, 0x06, 0x4C, 0x06, 0x48, 0x06, 0x49, 0x06, 0x4A, 0x7C, 0x08, 0x02, 0xA6, 0x90, 0x01, 0x00, 0x04,
  0x94, 0x21, 0xFF, 0x10, 0xBE, 0x81, 0x00, 0xB0, 0xDB, 0xE1, 0x00, 0xE0, 0xDB, 0xC1, 0x00, 0xE8, 0x80, 0x6D, 0xB5, 0x18, 0x3C, 0x80, 0x80, 0x3E,
  0x60, 0x84, 0xFA, 0x0C, 0x3D, 0x80, 0x80, 0x38, 0x61, 0x8C, 0x03, 0x58, 0x7D, 0x89, 0x03, 0xA6, 0x4E, 0x80, 0x04, 0x21, 0x7C, 0x7A, 0x1B, 0x78,
  0x80, 0x6D, 0xB5, 0x18, 0x3C, 0x80, 0x80, 0x3E, 0x60, 0x84, 0xFA, 0x24, 0x3D, 0x80, 0x80, 0x38, 0x61, 0x8C, 0x03, 0x58, 0x7D, 0x89, 0x03, 0xA6,
  0x4E, 0x80, 0x04, 0x21, 0x7C, 0x7B, 0x1B, 0x78, 0x80, 0x6D, 0xB5, 0x18, 0x3C, 0x80, 0x80, 0x3E, 0x60, 0x84, 0xFA, 0x40, 0x3D, 0x80, 0x80, 0x38,
  0x61, 0x8C, 0x03, 0x58, 0x7D, 0x89, 0x03, 0xA6, 0x4E, 0x80, 0x04, 0x21, 0x7C, 0x7C, 0x1B, 0x78, 0x80, 0x6D, 0xB5, 0x18, 0x3C, 0x80, 0x80, 0x3E,
  0x60, 0x84, 0xFA, 0x60, 0x3D, 0x80, 0x80, 0x38, 0x61, 0x8C, 0x03, 0x58, 0x7D, 0x89, 0x03, 0xA6, 0x4E, 0x80, 0x04, 0x21, 0x7C, 0x7D, 0x1B, 0x78,
  0x48, 0x00, 0x04, 0x7D, 0x7F, 0xC8, 0x02, 0xA6, 0xC3, 0xFE, 0x00, 0x10, 0xC3, 0xDE, 0x00, 0x14, 0x3A, 0xC0, 0x00, 0x16, 0x7E, 0xC3, 0xB3, 0x78,
  0x3D, 0x80, 0x80, 0x37, 0x61, 0x8C, 0xF1, 0xE4, 0x7D, 0x89, 0x03, 0xA6, 0x4E, 0x80, 0x04, 0x21, 0x7C, 0x77, 0x1B, 0x78, 0x7E, 0xC4, 0xB3, 0x78,
  0x3D, 0x80, 0x80, 0x00, 0x61, 0x8C, 0xC1, 0x60, 0x7D, 0x89, 0x03, 0xA6, 0x4E, 0x80, 0x04, 0x21, 0x38, 0x60, 0x00, 0x00, 0x98, 0x77, 0x00, 0x00,
  0x7E, 0x63, 0x9B, 0x78, 0x90, 0x77, 0x00, 0x01, 0x92, 0xF3, 0x00, 0x08, 0x38, 0x60, 0x00, 0x06, 0x38, 0x80, 0x00, 0x07, 0x38, 0xA0, 0x00, 0x80,
  0x3D, 0x80, 0x80, 0x39, 0x61, 0x8C, 0x01, 0xF0, 0x7D, 0x89, 0x03, 0xA6, 0x4E, 0x80, 0x04, 0x21, 0x7C, 0x78, 0x1B, 0x78, 0x7F, 0x43, 0xD3, 0x78,
  0x3D, 0x80, 0x80, 0x37, 0x61, 0x8C, 0x0E, 0x44, 0x7D, 0x89, 0x03, 0xA6, 0x4E, 0x80, 0x04, 0x21, 0x7C, 0x79, 0x1B, 0x78, 0x7F, 0x03, 0xC3, 0x78,
  0x38, 0x80, 0x00, 0x03, 0x7F, 0x25, 0xCB, 0x78, 0x3D, 0x80, 0x80, 0x39, 0x61, 0x8C, 0x0A, 0x70, 0x7D, 0x89, 0x03, 0xA6, 0x4E, 0x80, 0x04, 0x21,
  0x7F, 0x23, 0xCB, 0x78, 0x38, 0x81, 0x00, 0x08, 0x38, 0xA0, 0x00, 0x0A, 0x38, 0xC0, 0xFF, 0xFF, 0x3D, 0x80, 0x80, 0x01, 0x61, 0x8C, 0x1E, 0x24,
  0x7D, 0x89, 0x03, 0xA6, 0x4E, 0x80, 0x04, 0x21, 0x80, 0x61, 0x00, 0x08, 0x38, 0x80, 0x00, 0x10, 0x3D, 0x80, 0x80, 0x37, 0x61, 0x8C, 0x1D, 0x9C,
  0x7D, 0x89, 0x03, 0xA6, 0x4E, 0x80, 0x04, 0x21, 0x7F, 0x23, 0xCB, 0x78, 0x38, 0x81, 0x00, 0x08, 0x38, 0xA0, 0x00, 0x0B, 0x38, 0xC0, 0xFF, 0xFF,
  0x3D, 0x80, 0x80, 0x01, 0x61, 0x8C, 0x1E, 0x24, 0x7D, 0x89, 0x03, 0xA6, 0x4E, 0x80, 0x04, 0x21, 0x80, 0x61, 0x00, 0x08, 0x38, 0x80, 0x00, 0x10,
  0x3D, 0x80, 0x80, 0x37, 0x61, 0x8C, 0x1D, 0x9C, 0x7D, 0x89, 0x03, 0xA6, 0x4E, 0x80, 0x04, 0x21, 0x7F, 0x23, 0xCB, 0x78, 0x7F, 0x64, 0xDB, 0x78,
  0x7F, 0x85, 0xE3, 0x78, 0x7F, 0xA6, 0xEB, 0x78, 0x3D, 0x80, 0x80, 0x36, 0x61, 0x8C, 0xFB, 0x5C, 0x7D, 0x89, 0x03, 0xA6, 0x4E, 0x80, 0x04, 0x21,
  0x7F, 0x23, 0xCB, 0x78, 0xFC, 0x20, 0xF8, 0x90, 0x3D, 0x80, 0x80, 0x36, 0x61, 0x8C, 0xF8, 0xBC, 0x7D, 0x89, 0x03, 0xA6, 0x4E, 0x80, 0x04, 0x21,
  0x7F, 0x23, 0xCB, 0x78, 0x38, 0x81, 0x00, 0x08, 0x38, 0xA0, 0x00, 0x06, 0x38, 0xC0, 0xFF, 0xFF, 0x3D, 0x80, 0x80, 0x01, 0x61, 0x8C, 0x1E, 0x24,
  0x7D, 0x89, 0x03, 0xA6, 0x4E, 0x80, 0x04, 0x21, 0x80, 0x61, 0x00, 0x08, 0x3C, 0x80, 0xC0, 0x60, 0x60, 0x84, 0x00, 0x00, 0x90, 0x83, 0x00, 0x38,
  0x7F, 0x23, 0xCB, 0x78, 0x38, 0x81, 0x00, 0x08, 0x38, 0xA0, 0x00, 0x07, 0x38, 0xC0, 0xFF, 0xFF, 0x3D, 0x80, 0x80, 0x01, 0x61, 0x8C, 0x1E, 0x24,
  0x7D, 0x89, 0x03, 0xA6, 0x4E, 0x80, 0x04, 0x21, 0x80, 0x61, 0x00, 0x08, 0x3C, 0x80, 0x40, 0x5C, 0x60, 0x84, 0x00, 0x00, 0x90, 0x83, 0x00, 0x38,
  0x7F, 0x03, 0xC3, 0x78, 0x3C, 0x80, 0x80, 0x39, 0x60, 0x84, 0x10, 0x70, 0x38, 0xA0, 0x00, 0x06, 0x38, 0xC0, 0x00, 0x80, 0x3D, 0x80, 0x80, 0x39,
  0x61, 0x8C, 0x06, 0x9C, 0x7D, 0x89, 0x03, 0xA6, 0x4E, 0x80, 0x04, 0x21, 0x7F, 0x03, 0xC3, 0x78, 0x38, 0x80, 0x00, 0x04, 0x3C, 0xA0, 0x80, 0x37,
  0x60, 0xA5, 0xF1, 0xB0, 0x7E, 0xE6, 0xBB, 0x78, 0x3D, 0x80, 0x80, 0x39, 0x61, 0x8C, 0x0B, 0x68, 0x7D, 0x89, 0x03, 0xA6, 0x4E, 0x80, 0x04, 0x21,
  0x7F, 0x03, 0xC3, 0x78, 0x48, 0x00, 0x00, 0x39, 0x7C, 0x88, 0x02, 0xA6, 0x38, 0xA0, 0x00, 0x0F, 0x3D, 0x80, 0x80, 0x38, 0x61, 0x8C, 0xFD, 0x54,
  0x7D, 0x89, 0x03, 0xA6, 0x4E, 0x80, 0x04, 0x21, 0xBA, 0x81, 0x00, 0xB0, 0xCB, 0xE1, 0x00, 0xE0, 0xCB, 0xC1, 0x00, 0xE8, 0x80, 0x01, 0x00, 0xF4,
  0x38, 0x21, 0x00, 0xF0, 0x7C, 0x08, 0x03, 0xA6, 0x4E, 0x80, 0x00, 0x20, 0x4E, 0x80, 0x00, 0x21, 0x7C, 0x08, 0x02, 0xA6, 0x90, 0x01, 0x00, 0x04,
  0x94, 0x21, 0xFF, 0x10, 0xBE, 0x81, 0x00, 0xB0, 0xDB, 0xE1, 0x00, 0xE0, 0xDB, 0xC1, 0x00, 0xE8, 0x48, 0x00, 0x02, 0x2D, 0x7F, 0xC8, 0x02, 0xA6,
  0xC3, 0xFE, 0x00, 0x10, 0xC3, 0xDE, 0x00, 0x14, 0x7C, 0x78, 0x1B, 0x78, 0x83, 0x38, 0x00, 0x28, 0x83, 0x58, 0x00, 0x2C, 0x8B, 0x7A, 0x00, 0x00,
  0x83, 0x9A, 0x00, 0x01, 0x83, 0xBA, 0x00, 0x05, 0x7F, 0x23, 0xCB, 0x78, 0x3D, 0x80, 0x80, 0x37, 0x61, 0x8C, 0x09, 0x28, 0x7D, 0x89, 0x03, 0xA6,
  0x4E, 0x80, 0x04, 0x21, 0x2C, 0x1D, 0x00, 0x00, 0x40, 0x82, 0x00, 0x3C, 0x38, 0x60, 0x01, 0x3F, 0x38, 0x80, 0x00, 0x00, 0x38, 0xA0, 0x00, 0x02,
  0x38, 0xC0, 0x00, 0x01, 0xC0, 0x3E, 0x00, 0x00, 0xC0, 0x5E, 0x00, 0x04, 0xC0, 0x7E, 0x00, 0x08, 0xC0, 0x9E, 0x00, 0x0C, 0x3D, 0x80, 0x80, 0x00,
  0x61, 0x8C, 0x56, 0xB4, 0x7D, 0x89, 0x03, 0xA6, 0x4E, 0x80, 0x04, 0x21, 0x90, 0x7A, 0x00, 0x05, 0x48, 0x00, 0x01, 0x98, 0x7F, 0x23, 0xCB, 0x78,
  0x38, 0x81, 0x00, 0x08, 0x38, 0xA0, 0x00, 0x07, 0x38, 0xC0, 0xFF, 0xFF, 0x3D, 0x80, 0x80, 0x01, 0x61, 0x8C, 0x1E, 0x24, 0x7D, 0x89, 0x03, 0xA6,
  0x4E, 0x80, 0x04, 0x21, 0xFC, 0x20, 0xF8, 0x90, 0x2C, 0x1B, 0x00, 0x00, 0x40, 0x82, 0x00, 0x08, 0xFC, 0x20, 0xF0, 0x90, 0x80, 0x61, 0x00, 0x08,
  0x3D, 0x80, 0x80, 0x36, 0x61, 0x8C, 0xF8, 0xBC, 0x7D, 0x89, 0x03, 0xA6, 0x4E, 0x80, 0x04, 0x21, 0x80, 0x61, 0x00, 0x08, 0x3D, 0x80, 0x80, 0x37,
  0x61, 0x8C, 0x09, 0x28, 0x7D, 0x89, 0x03, 0xA6, 0x4E, 0x80, 0x04, 0x21, 0x7F, 0x23, 0xCB, 0x78, 0x38, 0x81, 0x00, 0x08, 0x38, 0xA0, 0x00, 0x06,
  0x38, 0xC0, 0xFF, 0xFF, 0x3D, 0x80, 0x80, 0x01, 0x61, 0x8C, 0x1E, 0x24, 0x7D, 0x89, 0x03, 0xA6, 0x4E, 0x80, 0x04, 0x21, 0xFC, 0x20, 0xF8, 0x90,
  0x2C, 0x1B, 0x00, 0x01, 0x40, 0x82, 0x00, 0x08, 0xFC, 0x20, 0xF0, 0x90, 0x80, 0x61, 0x00, 0x08, 0x3D, 0x80, 0x80, 0x36, 0x61, 0x8C, 0xF8, 0xBC,
  0x7D, 0x89, 0x03, 0xA6, 0x4E, 0x80, 0x04, 0x21, 0x80, 0x61, 0x00, 0x08, 0x3D, 0x80, 0x80, 0x37, 0x61, 0x8C, 0x09, 0x28, 0x7D, 0x89, 0x03, 0xA6,
  0x4E, 0x80, 0x04, 0x21, 0x39, 0xC0, 0x00, 0x00, 0x7D, 0xC3, 0x73, 0x78, 0x3D, 0x80, 0x80, 0x1A, 0x61, 0x8C, 0x36, 0xA0, 0x7D, 0x89, 0x03, 0xA6,
  0x4E, 0x80, 0x04, 0x21, 0x2C, 0x03, 0x00, 0x40, 0x41, 0x82, 0x00, 0x2C, 0x2C, 0x03, 0x00, 0x80, 0x41, 0x82, 0x00, 0x24, 0x2C, 0x03, 0x00, 0x01,
  0x41, 0x82, 0x00, 0x3C, 0x2C, 0x03, 0x00, 0x02, 0x41, 0x82, 0x00, 0x64, 0x39, 0xCE, 0x00, 0x01, 0x2C, 0x0E, 0x00, 0x04, 0x41, 0x80, 0xFF, 0xC4,
  0x48, 0x00, 0x00, 0xA0, 0x38, 0x60, 0x00, 0x02, 0x3D, 0x80, 0x80, 0x02, 0x61, 0x8C, 0x40, 0x30, 0x7D, 0x89, 0x03, 0xA6, 0x4E, 0x80, 0x04, 0x21,
  0x6B, 0x63, 0x00, 0x01, 0x98, 0x7A, 0x00, 0x00, 0x48, 0x00, 0x00, 0x80, 0x2C, 0x1B, 0x00, 0x01, 0x40, 0x82, 0x00, 0x2C, 0x38, 0x80, 0x00, 0xB7,
  0x80, 0x6D, 0xAF, 0xC4, 0x98, 0x83, 0x00, 0x00, 0x38, 0x80, 0x00, 0x01, 0x38, 0xA0, 0x00, 0x01, 0x3D, 0x80, 0x80, 0x00, 0x61, 0x8C, 0x55, 0xF0,
  0x7D, 0x89, 0x03, 0xA6, 0x4E, 0x80, 0x04, 0x21, 0x48, 0x00, 0x00, 0x04, 0x38, 0x60, 0x00, 0x00, 0x3D, 0x80, 0x80, 0x02, 0x61, 0x8C, 0x40, 0x30,
  0x7D, 0x89, 0x03, 0xA6, 0x4E, 0x80, 0x04, 0x21, 0x7F, 0x03, 0xC3, 0x78, 0x3D, 0x80, 0x80, 0x39, 0x61, 0x8C, 0x02, 0x28, 0x7D, 0x89, 0x03, 0xA6,
  0x4E, 0x80, 0x04, 0x21, 0x7F, 0xA3, 0xEB, 0x78, 0x3D, 0x80, 0x80, 0x3A, 0x61, 0x8C, 0x5C, 0xC4, 0x7D, 0x89, 0x03, 0xA6, 0x4E, 0x80, 0x04, 0x21,
  0x3C, 0x60, 0x00, 0x00, 0x60, 0x63, 0x00, 0x00, 0x90, 0x7C, 0x00, 0x08, 0x48, 0x00, 0x00, 0x04, 0xBA, 0x81, 0x00, 0xB0, 0xCB, 0xE1, 0x00, 0xE0,
  0xCB, 0xC1, 0x00, 0xE8, 0x80, 0x01, 0x00, 0xF4, 0x38, 0x21, 0x00, 0xF0, 0x7C, 0x08, 0x03, 0xA6, 0x4E, 0x80, 0x00, 0x20, 0x4E, 0x80, 0x00, 0x21,
  0xC0, 0xB0, 0x00, 0x00, 0xC0, 0x33, 0x33, 0x33, 0x41, 0xB8, 0x00, 0x00, 0x3D, 0x38, 0x51, 0xEC, 0x00, 0x00, 0x00, 0x00, 0x3F, 0x80, 0x00, 0x00,
  0x3C, 0x60, 0x80, 0x4A, 0x00, 0x00, 0x00, 0x00, 0xC2, 0x22, 0xD8, 0x8C, 0x00, 0x00, 0x00, 0x08, 0x40, 0x82, 0x00, 0x38, 0x38, 0x60, 0x00, 0x01,
  0x3D, 0x80, 0x80, 0x02, 0x61, 0x8C, 0x40, 0x30, 0x7D, 0x89, 0x03, 0xA6, 0x4E, 0x80, 0x04, 0x21, 0x80, 0x6D, 0xB6, 0x14, 0x7C, 0x69, 0x03, 0xA6,
  0x4E, 0x80, 0x04, 0x21, 0x7C, 0x7B, 0x1B, 0x78, 0x3D, 0x80, 0x80, 0x22, 0x61, 0x8C, 0xDA, 0xFC, 0x7D, 0x89, 0x03, 0xA6, 0x4E, 0x80, 0x04, 0x20,
  0x60, 0x00, 0x00, 0x00, 0x00, 0x00, 0x00, 0x00, 0x04, 0x22, 0x99, 0xC4, 0x38, 0x60, 0x00, 0x01, 0xC2, 0x1B, 0x36, 0x68, 0x00, 0x00, 0x00, 0x05,
  0x3D, 0x80, 0x80, 0x48, 0x81, 0x8C, 0x9D, 0x30, 0x55, 0x8C, 0x44, 0x3E, 0x2C, 0x0C, 0x04, 0x08, 0x41, 0x82, 0x00, 0x14, 0x3D, 0x80, 0x80, 0x17,
  0x61, 0x8C, 0xBE, 0xC8, 0x7D, 0x89, 0x03, 0xA6, 0x4E, 0x80, 0x04, 0x21, 0x00, 0x00, 0x00, 0x00, 0xC2, 0x18, 0x6E, 0xC4, 0x00, 0x00, 0x00, 0x77,
  0x3C, 0x60, 0x80, 0x48, 0x80, 0x63, 0x9D, 0x30, 0x54, 0x63, 0x44, 0x3E, 0x2C, 0x03, 0x04, 0x08, 0x40, 0x82, 0x03, 0x9C, 0x48, 0x00, 0x00, 0x64,
  0x4E, 0x80, 0x00, 0x21, 0x00, 0x00, 0x00, 0x00, 0x3F, 0x80, 0x00, 0x00, 0x3F, 0x00, 0x00, 0x00, 0xE5, 0x4C, 0x4C, 0xFF, 0x4B, 0x4C, 0xE5, 0xFF,
  0xFF, 0xCB, 0x00, 0xFF, 0x00, 0xB2, 0x00, 0xFF, 0xFF, 0xFF, 0xFF, 0xFF, 0x42, 0x70, 0x00, 0x00, 0x43, 0xD2, 0x00, 0x00, 0x43, 0x6E, 0x00, 0x00,
  0x42, 0xA0, 0x00, 0x00, 0x43, 0xDC, 0x00, 0x00, 0x41, 0xF0, 0x00, 0x00, 0x43, 0x20, 0x00, 0x00, 0x43, 0x96, 0x00, 0x00, 0xC1, 0xB0, 0x00, 0x00,
  0xC1, 0xB0, 0x00, 0x00, 0x42, 0x10, 0x00, 0x00, 0x52, 0x54, 0x00, 0x42, 0x54, 0x00, 0x47, 0x54, 0x00, 0x50, 0x25, 0x64, 0x00, 0x00, 0x00, 0x00,
  0x7C, 0x08, 0x02, 0xA6, 0x90, 0x01, 0x00, 0x04, 0x94, 0x21, 0xFF, 0x18, 0xBE, 0x81, 0x00, 0xB0, 0xDB, 0xE1, 0x00, 0xE0, 0x38, 0x60, 0x00, 0x00,
  0x3C, 0x80, 0x80, 0x3F, 0x60, 0x84, 0x11, 0xA4, 0x3C, 0xA0, 0x80, 0x3F, 0x60, 0xA5, 0x11, 0x94, 0x3D, 0x80, 0x80, 0x3A, 0x61, 0x8C, 0x62, 0xA0,
  0x7D, 0x89, 0x03, 0xA6, 0x4E, 0x80, 0x04, 0x21, 0x38, 0x60, 0x00, 0x00, 0x3D, 0x80, 0x80, 0x00, 0x61, 0x8C, 0x56, 0x10, 0x7D, 0x89, 0x03, 0xA6,
  0x4E, 0x80, 0x04, 0x21, 0x7C, 0x7D, 0x1B, 0x78, 0x4B, 0xFF, 0xFF, 0x51, 0x7F, 0xE8, 0x02, 0xA6, 0x38, 0x60, 0x00, 0x00, 0x38, 0x80, 0x00, 0x00,
  0x3D, 0x80, 0x80, 0x3A, 0x61, 0x8C, 0x67, 0x54, 0x7D, 0x89, 0x03, 0xA6, 0x4E, 0x80, 0x04, 0x21, 0x7C, 0x7E, 0x1B, 0x78, 0x38, 0x80, 0x00, 0x01,
  0x98, 0x9E, 0x00, 0x49, 0x38, 0x80, 0x00, 0x00, 0x98, 0x9E, 0x00, 0x4A, 0xC0, 0x3F, 0x00, 0x00, 0xD0, 0x3E, 0x00, 0x08, 0xC0, 0x3F, 0x00, 0x04,
  0xD0, 0x3E, 0x00, 0x24, 0xD0, 0x3E, 0x00, 0x28, 0x8B, 0x9D, 0x00, 0x03, 0x1C, 0x7C, 0x00, 0x24, 0x38, 0x63, 0x02, 0xBF, 0x7F, 0x7D, 0x18, 0xAE,
  0x3B, 0x20, 0x00, 0x00, 0x3B, 0x00, 0x00, 0x00, 0x3B, 0x40, 0x00, 0x03, 0x39, 0x9D, 0x02, 0x56, 0x1C, 0x7A, 0x00, 0x24, 0x7D, 0x8C, 0x1A, 0x14,
  0x88, 0x6C, 0x00, 0x61, 0x2C, 0x03, 0x00, 0x03, 0x40, 0x80, 0x00, 0x7C, 0x7C, 0x1A, 0xE0, 0x00, 0x41, 0x82, 0x00, 0x20, 0x88, 0x7D, 0x02, 0x5E,
  0x2C, 0x03, 0x00, 0x00, 0x41, 0x82, 0x00, 0x24, 0x88, 0x6C, 0x00, 0x69, 0x7C, 0x03, 0xD8, 0x00, 0x41, 0x82, 0x00, 0x08, 0x48, 0x00, 0x00, 0x14,
  0x7F, 0x23, 0xCB, 0x78, 0xC3, 0xFF, 0x00, 0x20, 0x3B, 0x39, 0x00, 0x01, 0x48, 0x00, 0x00, 0x10, 0x7F, 0x03, 0xC3, 0x78, 0xC3, 0xFF, 0x00, 0x24,
  0x3B, 0x18, 0x00, 0x01, 0x3D, 0x80, 0x80, 0x00, 0x61, 0x8C, 0x55, 0xF4, 0x7D, 0x89, 0x03, 0xA6, 0x4E, 0x80, 0x04, 0x21, 0xFC, 0x60, 0x08, 0x90,
  0xC0, 0x9F, 0x00, 0x40, 0xEC, 0x83, 0x01, 0x32, 0xEC, 0x3F, 0x20, 0x2A, 0xC0, 0x9F, 0x00, 0x44, 0xEC, 0x83, 0x01, 0x32, 0xC0, 0x5F, 0x00, 0x2C,
  0xEC, 0x42, 0x20, 0x2A, 0x7F, 0x43, 0xD3, 0x78, 0x48, 0x00, 0x01, 0x01, 0x3B, 0x5A, 0xFF, 0xFF, 0x2C, 0x1A, 0x00, 0x00, 0x40, 0x80, 0xFF, 0x68,
  0x38, 0x60, 0x00, 0x00, 0x38, 0x80, 0x00, 0x00, 0x3D, 0x80, 0x80, 0x3A, 0x61, 0x8C, 0x67, 0x54, 0x7D, 0x89, 0x03, 0xA6, 0x4E, 0x80, 0x04, 0x21,
  0x7C, 0x7E, 0x1B, 0x78, 0xC0, 0x3F, 0x00, 0x28, 0xD0, 0x3E, 0x00, 0x00, 0xC0, 0x3F, 0x00, 0x30, 0xD0, 0x3E, 0x00, 0x04, 0xC0, 0x3F, 0x00, 0x34,
  0xD0, 0x3E, 0x00, 0x08, 0xC0, 0x3F, 0x00, 0x38, 0xD0, 0x3E, 0x00, 0x0C, 0xC0, 0x3F, 0x00, 0x3C, 0xD0, 0x3E, 0x00, 0x10, 0xC0, 0x3F, 0x00, 0x04,
  0xD0, 0x3E, 0x00, 0x24, 0xD0, 0x3E, 0x00, 0x28, 0x38, 0x80, 0x00, 0x01, 0x98, 0x9E, 0x00, 0x4A, 0x98, 0x9E, 0x00, 0x49, 0xC0, 0x3F, 0x00, 0x00,
  0xD0, 0x3E, 0x00, 0x08, 0x7F, 0xC3, 0xF3, 0x78, 0xA0, 0x9D, 0x02, 0x64, 0x3D, 0x80, 0x80, 0x00, 0x61, 0x8C, 0x56, 0x90, 0x7D, 0x89, 0x03, 0xA6,
  0x4E, 0x80, 0x04, 0x21, 0x2C, 0x03, 0x00, 0x01, 0x41, 0x82, 0x00, 0x58, 0x3C, 0xA0, 0x80, 0x3B, 0x60, 0xA5, 0x78, 0x08, 0xA0, 0xDD, 0x02, 0x64,
  0x38, 0x60, 0x00, 0x00, 0x1C, 0x83, 0x00, 0x02, 0x7C, 0x85, 0x22, 0x2E, 0x7C, 0x04, 0x30, 0x00, 0x41, 0x82, 0x00, 0x14, 0x38, 0x63, 0x00, 0x01,
  0x2C, 0x03, 0x00, 0x1D, 0x41, 0x80, 0xFF, 0xE8, 0x38, 0x60, 0x00, 0x00, 0x3C, 0x80, 0x80, 0x3E, 0x60, 0x84, 0xD4, 0x88, 0x7C, 0x84, 0x1A, 0x14,
  0x88, 0x84, 0x00, 0x5C, 0x7F, 0xC3, 0xF3, 0x78, 0x3D, 0x80, 0x80, 0x3A, 0x61, 0x8C, 0x63, 0x68, 0x7D, 0x89, 0x03, 0xA6, 0x4E, 0x80, 0x04, 0x21,
  0xBA, 0x81, 0x00, 0xB0, 0xCB, 0xE1, 0x00, 0xE0, 0x80, 0x01, 0x00, 0xEC, 0x38, 0x21, 0x00, 0xE8, 0x7C, 0x08, 0x03, 0xA6, 0x48, 0x00, 0x00, 0xF8,
  0x7C, 0x08, 0x02, 0xA6, 0x90, 0x01, 0x00, 0x04, 0x94, 0x21, 0xFF, 0x10, 0xBE, 0x81, 0x00, 0xB0, 0xDB, 0xE1, 0x00, 0xE0, 0xDB, 0xC1, 0x00, 0xE8,
  0xFF, 0xE0, 0x08, 0x90, 0xFF, 0xC0, 0x10, 0x90, 0x7C, 0x7A, 0x1B, 0x78, 0x88, 0x7D, 0x02, 0x5E, 0x2C, 0x03, 0x00, 0x00, 0x40, 0x82, 0x00, 0x1C,
  0x1C, 0x7A, 0x00, 0x04, 0x38, 0x9F, 0x00, 0x0C, 0x7C, 0x84, 0x1A, 0x14, 0x38, 0xFF, 0x00, 0x55, 0x39, 0x1A, 0x00, 0x01, 0x48, 0x00, 0x00, 0x38,
  0x1C, 0x7A, 0x00, 0x24, 0x38, 0x63, 0x02, 0xBF, 0x7D, 0x9D, 0x18, 0xAE, 0x7D, 0x8B, 0x63, 0x78, 0x2C, 0x0B, 0x00, 0x02, 0x41, 0x80, 0x00, 0x08,
  0x39, 0x6B, 0x00, 0x01, 0x1C, 0x6B, 0x00, 0x04, 0x38, 0x9F, 0x00, 0x0C, 0x7C, 0x84, 0x1A, 0x14, 0x1C, 0x6C, 0x00, 0x03, 0x38, 0xFF, 0x00, 0x4C,
  0x7C, 0xE7, 0x1A, 0x14, 0x7F, 0xC3, 0xF3, 0x78, 0x38, 0xA0, 0x00, 0x00, 0xC0, 0x3F, 0x00, 0x08, 0xFC, 0x40, 0xF8, 0x90, 0xFC, 0x60, 0xF0, 0x90,
  0x3D, 0x80, 0x80, 0x00, 0x61, 0x8C, 0x56, 0xB4, 0x7D, 0x89, 0x03, 0xA6, 0x4E, 0x80, 0x04, 0x21, 0x7F, 0xC3, 0xF3, 0x78, 0x38, 0x9F, 0x00, 0x1C,
  0x38, 0xA0, 0x00, 0x00, 0x38, 0xFD, 0x00, 0x2E, 0x1D, 0x1A, 0x00, 0x1F, 0x7C, 0xE7, 0x42, 0x14, 0xC0, 0x3F, 0x00, 0x08, 0xC0, 0x5F, 0x00, 0x48,
  0xEC, 0x5F, 0x10, 0x2A, 0xFC, 0x60, 0xF0, 0x90, 0x3D, 0x80, 0x80, 0x00, 0x61, 0x8C, 0x56, 0xB4, 0x7D, 0x89, 0x03, 0xA6, 0x4E, 0x80, 0x04, 0x21,
  0xBA, 0x81, 0x00, 0xB0, 0xCB, 0xE1, 0x00, 0xE0, 0xCB, 0xC1, 0x00, 0xE8, 0x80, 0x01, 0x00, 0xF4, 0x38, 0x21, 0x00, 0xF0, 0x7C, 0x08, 0x03, 0xA6,
  0x4E, 0x80, 0x00, 0x20, 0x38, 0x00, 0xFF, 0xFF, 0x60, 0x00, 0x00, 0x00, 0x00, 0x00, 0x00, 0x00, 0xC2, 0x18, 0x4D, 0xE4, 0x00, 0x00, 0x00, 0x10,
  0x3D, 0x80, 0x80, 0x48, 0x81, 0x8C, 0x9D, 0x30, 0x55, 0x8C, 0x44, 0x3E, 0x2C, 0x0C, 0x04, 0x08, 0x40, 0x82, 0x00, 0x68, 0x7C, 0x08, 0x02, 0xA6,
  0x90, 0x01, 0x00, 0x04, 0x94, 0x21, 0xFF, 0x20, 0xBE, 0x81, 0x00, 0xB0, 0x38, 0x60, 0x00, 0x00, 0x3D, 0x80, 0x80, 0x00, 0x61, 0x8C, 0x56, 0x10,
  0x7D, 0x89, 0x03, 0xA6, 0x4E, 0x80, 0x04, 0x21, 0x7C, 0x7F, 0x1B, 0x78, 0x88, 0x7F, 0x00, 0x04, 0x1C, 0x63, 0x00, 0x24, 0x38, 0x9F, 0x02, 0xB6,
  0x7F, 0xC4, 0x18, 0xAE, 0x7F, 0xE3, 0xFB, 0x78, 0x3D, 0x80, 0x80, 0x37, 0x61, 0x8C, 0xF1, 0xB0, 0x7D, 0x89, 0x03, 0xA6, 0x4E, 0x80, 0x04, 0x21,
  0x7F, 0xC3, 0xF3, 0x78, 0xBA, 0x81, 0x00, 0xB0, 0x80, 0x01, 0x00, 0xE4, 0x38, 0x21, 0x00, 0xE0, 0x7C, 0x08, 0x03, 0xA6, 0x48, 0x00, 0x00, 0x08,
  0x88, 0x7E, 0x00, 0xF4, 0x00, 0x00, 0x00, 0x00, 0xC2, 0x1B, 0x36, 0x50, 0x00, 0x00, 0x00, 0x04, 0x3C, 0x80, 0x80, 0x48, 0x80, 0x84, 0x9D, 0x30,
  0x54, 0x84, 0x44, 0x3E, 0x2C, 0x04, 0x04, 0x08, 0x41, 0x82, 0x00, 0x08, 0x98, 0x79, 0x00, 0x16, 0x60, 0x00, 0x00, 0x00, 0x00, 0x00, 0x00, 0x00,
  0xC2, 0x18, 0x50, 0x60, 0x00, 0x00, 0x00, 0x13, 0x3D, 0x80, 0x80, 0x48, 0x81, 0x8C, 0x9D, 0x30, 0x55, 0x8C, 0x44, 0x3E, 0x2C, 0x0C, 0x04, 0x08,
  0x40, 0x82, 0x00, 0x78, 0x7C, 0x08, 0x02, 0xA6, 0x90, 0x01, 0x00, 0x04, 0x94, 0x21, 0xFF, 0x20, 0xBE, 0x81, 0x00, 0xB0, 0x83, 0xE3, 0x00, 0x28,
  0x3B, 0xC0, 0x00, 0x00, 0x7F, 0xE3, 0xFB, 0x78, 0x38, 0x81, 0x00, 0x80, 0x7F, 0xC5, 0xF3, 0x78, 0x38, 0xC0, 0xFF, 0xFF, 0x3D, 0x80, 0x80, 0x01,
  0x61, 0x8C, 0x1E, 0x24, 0x7D, 0x89, 0x03, 0xA6, 0x4E, 0x80, 0x04, 0x21, 0x80, 0x81, 0x00, 0x80, 0x80, 0x64, 0x00, 0x14, 0x60, 0x63, 0x00, 0x10,
  0x90, 0x64, 0x00, 0x14, 0x3B, 0xDE, 0x00, 0x01, 0x2C, 0x1E, 0x00, 0x1B, 0x41, 0x80, 0xFF, 0xC8, 0xBA, 0x81, 0x00, 0xB0, 0x80, 0x01, 0x00, 0xE4,
  0x38, 0x21, 0x00, 0xE0, 0x7C, 0x08, 0x03, 0xA6, 0x3D, 0x80, 0x80, 0x18, 0x61, 0x8C, 0x51, 0xAC, 0x7D, 0x89, 0x03, 0xA6, 0x4E, 0x80, 0x04, 0x20,
  0x3C, 0x60, 0x80, 0x47, 0x3B, 0xE3, 0x35, 0xA8, 0x60, 0x00, 0x00, 0x00, 0x00, 0x00, 0x00, 0x00, 0x04, 0x18, 0x50, 0x50, 0x60, 0x00, 0x00, 0x00,
  0xC2, 0x18, 0x4A, 0xDC, 0x00, 0x00, 0x00, 0x10, 0x3D, 0x80, 0x80, 0x48, 0x81, 0x8C, 0x9D, 0x30, 0x55, 0x8C, 0x44, 0x3E, 0x2C, 0x0C, 0x04, 0x08,
  0x40, 0x82, 0x00, 0x68, 0x7C, 0x08, 0x02, 0xA6, 0x90, 0x01, 0x00, 0x04, 0x94, 0x21, 0xFF, 0x20, 0xBE, 0x81, 0x00, 0xB0, 0x3B, 0xE0, 0x00, 0x09,
  0x7F, 0x63, 0xDB, 0x78, 0x38, 0x81, 0x00, 0x80, 0x7F, 0xE5, 0xFB, 0x78, 0x38, 0xC0, 0xFF, 0xFF, 0x3D, 0x80, 0x80, 0x01, 0x61, 0x8C, 0x1E, 0x24,
  0x7D, 0x89, 0x03, 0xA6, 0x4E, 0x80, 0x04, 0x21, 0x80, 0x61, 0x00, 0x80, 0x3D, 0x80, 0x80, 0x36, 0x61, 0x8C, 0xF6, 0xB4, 0x7D, 0x89, 0x03, 0xA6,
  0x4E, 0x80, 0x04, 0x21, 0x3B, 0xFF, 0x00, 0x01, 0x2C, 0x1F, 0x00, 0x0E, 0x41, 0x80, 0xFF, 0xC4, 0xBA, 0x81, 0x00, 0xB0, 0x80, 0x01, 0x00, 0xE4,
  0x38, 0x21, 0x00, 0xE0, 0x7C, 0x08, 0x03, 0xA6, 0x3B, 0xBE, 0x00, 0x38, 0x00, 0x00, 0x00, 0x00, 0x04, 0x18, 0x4B, 0x1C, 0x48, 0x00, 0x01, 0xD8,
  0xC2, 0x1B, 0xFA, 0x20, 0x00, 0x00, 0x00, 0x1C, 0x7C, 0x08, 0x02, 0xA6, 0x90, 0x01, 0x00, 0x04, 0x94, 0x21, 0xFF, 0x20, 0xBE, 0x81, 0x00, 0xB0,
  0x3C, 0x80, 0x80, 0x3D, 0x60, 0x84, 0xD8, 0xE8, 0x48, 0x00, 0x00, 0x41, 0x7C, 0x68, 0x02, 0xA6, 0x90, 0x64, 0x00, 0xA0, 0x3B, 0xE0, 0x00, 0x00,
  0x3F, 0xC0, 0x80, 0x3E, 0x63, 0xDE, 0x16, 0x20, 0x80, 0x7E, 0x00, 0x00, 0x3D, 0x80, 0x80, 0x01, 0x61, 0x8C, 0x63, 0xD8, 0x7D, 0x89, 0x03, 0xA6,
  0x4E, 0x80, 0x04, 0x21, 0x3B, 0xFF, 0x00, 0x01, 0x3B, 0xDE, 0x00, 0x04, 0x2C, 0x1F, 0x00, 0x04, 0x41, 0x80, 0xFF, 0xE0, 0x48, 0x00, 0x00, 0x74,
  0x4E, 0x80, 0x00, 0x21, 0x3D, 0x80, 0x80, 0x00, 0x61, 0x8C, 0x56, 0x18, 0x7D, 0x89, 0x03, 0xA6, 0x4E, 0x80, 0x04, 0x21, 0x7F, 0xC8, 0x02, 0xA6,
  0x39, 0x9E, 0x00, 0x14, 0x7D, 0x89, 0x03, 0xA6, 0x4E, 0x80, 0x04, 0x21, 0x39, 0x9E, 0x00, 0x0C, 0x7D, 0x89, 0x03, 0xA6, 0x4E, 0x80, 0x04, 0x21,
  0x38, 0x00, 0x00, 0x08, 0x98, 0x1F, 0x00, 0x00, 0x39, 0x9E, 0x00, 0x10, 0x7D, 0x89, 0x03, 0xA6, 0x4E, 0x80, 0x04, 0x21, 0x7C, 0x60, 0x1B, 0x78,
  0x98, 0x1F, 0x00, 0x01, 0x3C, 0x80, 0x80, 0x3D, 0x60, 0x84, 0xD8, 0xE8, 0x3C, 0x60, 0x80, 0x1B, 0x60, 0x63, 0x13, 0x60, 0x90, 0x64, 0x00, 0xA0,
  0x3D, 0x80, 0x80, 0x1B, 0x61, 0x8C, 0x13, 0x6C, 0x7D, 0x89, 0x03, 0xA6, 0x4E, 0x80, 0x04, 0x20, 0xBA, 0x81, 0x00, 0xB0, 0x80, 0x01, 0x00, 0xE4,
  0x38, 0x21, 0x00, 0xE0, 0x7C, 0x08, 0x03, 0xA6, 0x38, 0x60, 0x00, 0x01, 0x00, 0x00, 0x00, 0x00, 0xC2, 0x1A, 0x45, 0xB8, 0x00, 0x00, 0x02, 0x02,
  0x3B, 0xA3, 0x00, 0x04, 0x7C, 0x08, 0x02, 0xA6, 0x90, 0x01, 0x00, 0x04, 0x94, 0x21, 0xFF, 0x20, 0xBE, 0x81, 0x00, 0xB0, 0x3C, 0x80, 0x80, 0x3E,
  0x60, 0x84, 0xDC, 0x1C, 0x48, 0x00, 0x02, 0x81, 0x7C, 0x68, 0x02, 0xA6, 0x38, 0x63, 0x00, 0x00, 0x90, 0x64, 0x00, 0x08, 0x38, 0x60, 0x00, 0x00,
  0x98, 0x6D, 0xAF, 0xA3, 0x98, 0x6D, 0xAF, 0xC8, 0x98, 0x6D, 0xAF, 0xEC, 0x98, 0x6D, 0xAF, 0xE0, 0x38, 0x60, 0x00, 0x08, 0x48, 0x00, 0x01, 0xC1,
  0x7C, 0x88, 0x02, 0xA6, 0x48, 0x00, 0x00, 0x2D, 0x48, 0x00, 0x0F, 0xA0, 0x80, 0x83, 0x00, 0x00, 0x54, 0x85, 0x46, 0x7A, 0x2C, 0x05, 0x00, 0x48,
  0x40, 0x82, 0x00, 0x14, 0x54, 0x84, 0x01, 0xBA, 0x7C, 0x84, 0x07, 0x34, 0x7C, 0x84, 0x1A, 0x14, 0x90, 0x83, 0x00, 0x00, 0x4E, 0x80, 0x00, 0x20,
  0x7C, 0x08, 0x02, 0xA6, 0x90, 0x01, 0x00, 0x04, 0x94, 0x21, 0xFF, 0x20, 0xBE, 0x81, 0x00, 0xB0, 0x7C, 0x7F, 0x1B, 0x78, 0x7C, 0x9E, 0x23, 0x78,
  0x3C, 0x80, 0x80, 0x3D, 0x60, 0x84, 0xAD, 0x30, 0x48, 0x00, 0x00, 0x91, 0x7C, 0x68, 0x02, 0xA6, 0x90, 0x64, 0x00, 0x04, 0x48, 0x00, 0x01, 0x29,
  0x7C, 0x68, 0x02, 0xA6, 0x90, 0x64, 0x00, 0x08, 0x38, 0x60, 0x00, 0x01, 0x98, 0x64, 0x00, 0x00, 0x3C, 0x60, 0x80, 0x3D, 0x60, 0x63, 0xAC, 0xA4,
  0x88, 0x83, 0x00, 0x01, 0x7C, 0x04, 0xF8, 0x00, 0x41, 0x82, 0x00, 0x0C, 0x38, 0x63, 0x00, 0x14, 0x4B, 0xFF, 0xFF, 0xF0, 0x93, 0xC3, 0x00, 0x10,
  0x7F, 0xD4, 0xF3, 0x78, 0x88, 0x74, 0x00, 0x00, 0x7C, 0x63, 0x07, 0x74, 0x2C, 0x03, 0xFF, 0xFF, 0x41, 0x82, 0x00, 0x2C, 0x38, 0x74, 0x00, 0x04,
  0x4B, 0xFF, 0xFF, 0x65, 0x38, 0x74, 0x00, 0x08, 0x4B, 0xFF, 0xFF, 0x5D, 0x38, 0x74, 0x00, 0x10, 0x4B, 0xFF, 0xFF, 0x55, 0x38, 0x74, 0x00, 0x14,
  0x4B, 0xFF, 0xFF, 0x4D, 0x3A, 0x94, 0x00, 0x18, 0x4B, 0xFF, 0xFF, 0xCC, 0xBA, 0x81, 0x00, 0xB0, 0x80, 0x01, 0x00, 0xE4, 0x38, 0x21, 0x00, 0xE0,
  0x7C, 0x08, 0x03, 0xA6, 0x4E, 0x80, 0x00, 0x20, 0x4E, 0x80, 0x00, 0x21, 0x7C, 0x08, 0x02, 0xA6, 0x90, 0x01, 0x00, 0x04, 0x94, 0x21, 0xFF, 0x20,
  0xBE, 0x81, 0x00, 0xB0, 0x3C, 0x80, 0x80, 0x45, 0x60, 0x84, 0xAB, 0xF0, 0x88, 0x6D, 0xAE, 0xF8, 0x98, 0x64, 0x00, 0x06, 0x48, 0x00, 0x01, 0x59,
  0x7C, 0x88, 0x02, 0xA6, 0x48, 0x00, 0x0B, 0x69, 0x7C, 0x68, 0x02, 0xA6, 0x90, 0x64, 0x00, 0x18, 0x3D, 0x80, 0x80, 0x00, 0x61, 0x8C, 0x56, 0xB8,
  0x7D, 0x89, 0x03, 0xA6, 0x4E, 0x80, 0x04, 0x21, 0x7C, 0x74, 0x1B, 0x78, 0x3D, 0x80, 0x80, 0x00, 0x61, 0x8C, 0x56, 0x98, 0x7D, 0x89, 0x03, 0xA6,
  0x4E, 0x80, 0x04, 0x21, 0x7C, 0x75, 0x1B, 0x78, 0x3A, 0xC0, 0x00, 0x00, 0x48, 0x00, 0x00, 0x24, 0x88, 0x74, 0x00, 0xDD, 0x2C, 0x03, 0x00, 0x12,
  0x40, 0x82, 0x00, 0x10, 0x38, 0x60, 0x00, 0x13, 0x98, 0x74, 0x00, 0xDD, 0x48, 0x00, 0x00, 0x14, 0x3A, 0xD6, 0x00, 0x01, 0x3A, 0x94, 0x00, 0x1C,
  0x7C, 0x16, 0xA8, 0x00, 0x41, 0x80, 0xFF, 0xDC, 0xBA, 0x81, 0x00, 0xB0, 0x80, 0x01, 0x00, 0xE4, 0x38, 0x21, 0x00, 0xE0, 0x7C, 0x08, 0x03, 0xA6,
  0x4E, 0x80, 0x00, 0x20, 0x4E, 0x80, 0x00, 0x21, 0x7C, 0x08, 0x02, 0xA6, 0x90, 0x01, 0x00, 0x04, 0x94, 0x21, 0xFF, 0x20, 0xBE, 0x81, 0x00, 0xB0,
  0x38, 0x60, 0x00, 0x12, 0x3C, 0x80, 0x80, 0x3F, 0x60, 0x84, 0x0C, 0xC8, 0x98, 0x64, 0x00, 0x01, 0xBA, 0x81, 0x00, 0xB0, 0x80, 0x01, 0x00, 0xE4,
  0x38, 0x21, 0x00, 0xE0, 0x7C, 0x08, 0x03, 0xA6, 0x4E, 0x80, 0x00, 0x20, 0x4E, 0x80, 0x00, 0x21, 0x00, 0x03, 0x00, 0x00, 0x48, 0x00, 0x00, 0xB9,
  0x48, 0x00, 0x01, 0x2D, 0x08, 0x00, 0x00, 0x00, 0x80, 0x49, 0x77, 0x58, 0x80, 0x49, 0x77, 0x58, 0x01, 0x03, 0x00, 0x00, 0x48, 0x00, 0x02, 0x4D,
  0x48, 0x00, 0x02, 0x7D, 0x09, 0x00, 0x00, 0x00, 0x80, 0x48, 0x06, 0x68, 0x80, 0x48, 0x06, 0x68, 0x02, 0x03, 0x00, 0x00, 0x80, 0x1B, 0x15, 0x88,
  0x48, 0x00, 0x03, 0x75, 0x02, 0x00, 0x00, 0x00, 0x80, 0x48, 0x05, 0x30, 0x80, 0x47, 0x9D, 0x98, 0x03, 0x03, 0x00, 0x00, 0x80, 0x1B, 0x16, 0xA8,
  0x80, 0x1B, 0x16, 0xC8, 0x05, 0x00, 0x00, 0x00, 0x80, 0x47, 0xC0, 0x20, 0x00, 0x00, 0x00, 0x00, 0x04, 0x03, 0x00, 0x00, 0x48, 0x00, 0x06, 0x6D,
  0x48, 0x00, 0x09, 0x91, 0x20, 0x00, 0x00, 0x00, 0x80, 0x49, 0x08, 0x80, 0x80, 0x4D, 0x68, 0xD0, 0x05, 0x03, 0x00, 0x00, 0x48, 0x00, 0x0C, 0x8D,
  0x48, 0x00, 0x0C, 0xCD, 0x50, 0x00, 0x00, 0x00, 0x48, 0x00, 0x00, 0x19, 0x48, 0x00, 0x00, 0x15, 0xFF, 0x00, 0x00, 0x00, 0x4E, 0x80, 0x00, 0x21,
  0x81, 0x94, 0x00, 0x00, 0x4E, 0x80, 0x00, 0x21, 0x00, 0x00, 0x00, 0x00, 0x00, 0x00, 0x00, 0x00, 0x00, 0x00, 0x00, 0x00, 0x00, 0x00, 0x00, 0x00,
  0x00, 0x00, 0x00, 0x00, 0x00, 0x00, 0x00, 0x00, 0x00, 0x00, 0x00, 0x00, 0x7C, 0x08, 0x02, 0xA6, 0x90, 0x01, 0x00, 0x04, 0x94, 0x21, 0xFF, 0x20,
  0xBE, 0x81, 0x00, 0xB0, 0x80, 0x8D, 0x88, 0x40, 0x3B, 0xE4, 0x05, 0x30, 0x3D, 0x80, 0x80, 0x1A, 0x61, 0x8C, 0x42, 0x7C, 0x7D, 0x89, 0x03, 0xA6,
  0x4E, 0x80, 0x04, 0x21, 0x88, 0xBF, 0x00, 0x02, 0x38, 0x80, 0x00, 0x0E, 0x88, 0xFF, 0x00, 0x03, 0x38, 0xC0, 0x00, 0x00, 0x89, 0x1F, 0x00, 0x04,
  0x89, 0x5F, 0x00, 0x06, 0x39, 0x20, 0x00, 0x00, 0x3D, 0x80, 0x80, 0x1B, 0x61, 0x8C, 0x06, 0xB0, 0x7D, 0x89, 0x03, 0xA6, 0x4E, 0x80, 0x04, 0x21,
  0x3D, 0x80, 0x80, 0x01, 0x61, 0x8C, 0x74, 0xBC, 0x7D, 0x89, 0x03, 0xA6, 0x4E, 0x80, 0x04, 0x21, 0xBA, 0x81, 0x00, 0xB0, 0x80, 0x01, 0x00, 0xE4,
  0x38, 0x21, 0x00, 0xE0, 0x7C, 0x08, 0x03, 0xA6, 0x4E, 0x80, 0x00, 0x20, 0x7C, 0x08, 0x02, 0xA6, 0x90, 0x01, 0x00, 0x04, 0x94, 0x21, 0xFF, 0x20,
  0xBE, 0x81, 0x00, 0xB0, 0x7C, 0x7E, 0x1B, 0x78, 0x3D, 0x80, 0x80, 0x1B, 0x61, 0x8C, 0xAA, 0xD0, 0x7D, 0x89, 0x03, 0xA6, 0x4E, 0x80, 0x04, 0x21,
  0x80, 0x9E, 0x00, 0x14, 0x88, 0x84, 0x00, 0x03, 0x2C, 0x04, 0x00, 0x02, 0x40, 0x82, 0x00, 0x08, 0x48, 0x00, 0x00, 0xEC, 0x88, 0x6D, 0xAF, 0xA0,
  0x2C, 0x03, 0x00, 0x00, 0x41, 0x82, 0x00, 0x28, 0x2C, 0x03, 0x00, 0x01, 0x41, 0x82, 0x00, 0x1C, 0x2C, 0x03, 0x00, 0x04, 0x41, 0x82, 0x00, 0x14,
  0x2C, 0x03, 0x00, 0x02, 0x41, 0x82, 0x00, 0x6C, 0x2C, 0x03, 0x00, 0x03, 0x41, 0x82, 0x00, 0x64, 0x48, 0x00, 0x00, 0x90, 0x4B, 0xFF, 0xFF, 0x01,
  0x7F, 0x68, 0x02, 0xA6, 0x7F, 0x63, 0xDB, 0x78, 0x38, 0x80, 0x00, 0x1C, 0x3D, 0x80, 0x80, 0x00, 0x61, 0x8C, 0xC1, 0x60, 0x7D, 0x89, 0x03, 0xA6,
  0x4E, 0x80, 0x04, 0x21, 0x48, 0x00, 0x08, 0xF9, 0x7C, 0x68, 0x02, 0xA6, 0x90, 0x7B, 0x00, 0x18, 0x38, 0x60, 0x00, 0x03, 0x98, 0x7B, 0x00, 0x00,
  0x38, 0x60, 0x00, 0x01, 0xB0, 0x7B, 0x00, 0x01, 0x38, 0x60, 0x00, 0x00, 0x98, 0x7B, 0x00, 0x06, 0x98, 0x7B, 0x00, 0x14, 0x3C, 0x80, 0x80, 0x47,
  0x60, 0x84, 0x9D, 0x30, 0x38, 0x60, 0x00, 0x06, 0x98, 0x64, 0x00, 0x05, 0x48, 0x00, 0x00, 0x60, 0x88, 0x6D, 0xAF, 0xC9, 0x7C, 0x63, 0x07, 0x74,
  0x2C, 0x03, 0xFF, 0xFF, 0x41, 0x82, 0x00, 0x24, 0x2C, 0x03, 0x00, 0x01, 0x41, 0x82, 0x00, 0x1C, 0x2C, 0x03, 0x00, 0x00, 0x40, 0x82, 0x00, 0x00,
  0x88, 0x6D, 0xAF, 0xCA, 0x2C, 0x03, 0x00, 0x00, 0x41, 0x82, 0x00, 0x20, 0x48, 0x00, 0x00, 0x04, 0x48, 0x00, 0x08, 0x05, 0x3C, 0x80, 0x80, 0x47,
  0x60, 0x84, 0x9D, 0x30, 0x38, 0x60, 0x00, 0x05, 0x98, 0x64, 0x00, 0x05, 0x48, 0x00, 0x00, 0x18, 0x3C, 0x80, 0x80, 0x47, 0x60, 0x84, 0x9D, 0x30,
  0x38, 0x60, 0x00, 0x02, 0x98, 0x64, 0x00, 0x05, 0x48, 0x00, 0x00, 0x04, 0xBA, 0x81, 0x00, 0xB0, 0x80, 0x01, 0x00, 0xE4, 0x38, 0x21, 0x00, 0xE0,
  0x7C, 0x08, 0x03, 0xA6, 0x4E, 0x80, 0x00, 0x20, 0x7C, 0x08, 0x02, 0xA6, 0x90, 0x01, 0x00, 0x04, 0x94, 0x21, 0xFF, 0x20, 0xBE, 0x81, 0x00, 0xB0,
  0x3D, 0x80, 0x80, 0x1B, 0x61, 0x8C, 0x15, 0x14, 0x7D, 0x89, 0x03, 0xA6, 0x4E, 0x80, 0x04, 0x21, 0xBA, 0x81, 0x00, 0xB0, 0x80, 0x01, 0x00, 0xE4,
  0x38, 0x21, 0x00, 0xE0, 0x7C, 0x08, 0x03, 0xA6, 0x4E, 0x80, 0x00, 0x20, 0x7C, 0x08, 0x02, 0xA6, 0x90, 0x01, 0x00, 0x04, 0x94, 0x21, 0xFF, 0x20,
  0xBE, 0x81, 0x00, 0xB0, 0x7C, 0x7F, 0x1B, 0x78, 0x80, 0x9F, 0x00, 0x14, 0x88, 0x84, 0x00, 0x04, 0x2C, 0x04, 0x00, 0x00, 0x40, 0x82, 0x00, 0x1C,
  0x38, 0x60, 0x00, 0x00, 0x3D, 0x80, 0x80, 0x1A, 0x61, 0x8C, 0x42, 0xA0, 0x7D, 0x89, 0x03, 0xA6, 0x4E, 0x80, 0x04, 0x21, 0x48, 0x00, 0x00, 0x64,
  0x38, 0x60, 0x00, 0x01, 0x98, 0x6D, 0xAF, 0xCA, 0x38, 0x60, 0x00, 0x00, 0x3D, 0x80, 0x80, 0x00, 0x61, 0x8C, 0x56, 0x10, 0x7D, 0x89, 0x03, 0xA6,
  0x4E, 0x80, 0x04, 0x21, 0x7C, 0x7E, 0x1B, 0x78, 0x88, 0x7E, 0x00, 0x01, 0x88, 0x9E, 0x00, 0x02, 0x7C, 0x03, 0x20, 0x00, 0x40, 0x82, 0x00, 0x1C,
  0x48, 0x00, 0x07, 0x25, 0x3C, 0x80, 0x80, 0x47, 0x60, 0x84, 0x9D, 0x30, 0x38, 0x60, 0x00, 0x05, 0x98, 0x64, 0x00, 0x05, 0x48, 0x00, 0x00, 0x1C,
  0x38, 0x60, 0x00, 0x00, 0x3D, 0x80, 0x80, 0x1A, 0x61, 0x8C, 0x42, 0xA0, 0x7D, 0x89, 0x03, 0xA6, 0x4E, 0x80, 0x04, 0x21, 0x48, 0x00, 0x00, 0x04,
  0xBA, 0x81, 0x00, 0xB0, 0x80, 0x01, 0x00, 0xE4, 0x38, 0x21, 0x00, 0xE0, 0x7C, 0x08, 0x03, 0xA6, 0x4E, 0x80, 0x00, 0x20, 0x7C, 0x08, 0x02, 0xA6,
  0x90, 0x01, 0x00, 0x04, 0x94, 0x21, 0xFF, 0x20, 0xBE, 0x81, 0x00, 0xB0, 0x7C, 0x7F, 0x1B, 0x78, 0x38, 0x60, 0x00, 0x02, 0x3D, 0x80, 0x80, 0x37,
  0x61, 0x8C, 0xF1, 0xE4, 0x7D, 0x89, 0x03, 0xA6, 0x4E, 0x80, 0x04, 0x21, 0x38, 0x80, 0x00, 0xC2, 0x98, 0x83, 0x00, 0x00, 0x9B, 0xE3, 0x00, 0x01,
  0x38, 0x80, 0x00, 0x01, 0x38, 0xA0, 0x00, 0x01, 0x3D, 0x80, 0x80, 0x00, 0x61, 0x8C, 0x55, 0xF0, 0x7D, 0x89, 0x03, 0xA6, 0x4E, 0x80, 0x04, 0x21,
  0xBA, 0x81, 0x00, 0xB0, 0x80, 0x01, 0x00, 0xE4, 0x38, 0x21, 0x00, 0xE0, 0x7C, 0x08, 0x03, 0xA6, 0x4E, 0x80, 0x00, 0x20, 0x7C, 0x08, 0x02, 0xA6,
  0x90, 0x01, 0x00, 0x04, 0x94, 0x21, 0xFF, 0x20, 0xBE, 0x81, 0x00, 0xB0, 0x3D, 0x80, 0x80, 0x1B, 0x61, 0x8C, 0x15, 0xC8, 0x7D, 0x89, 0x03, 0xA6,
  0x4E, 0x80, 0x04, 0x21, 0x38, 0x60, 0x00, 0x00, 0x3D, 0x80, 0x80, 0x00, 0x61, 0x8C, 0x56, 0x10, 0x7D, 0x89, 0x03, 0xA6, 0x4E, 0x80, 0x04, 0x21,
  0x7C, 0x7F, 0x1B, 0x78, 0x3B, 0x40, 0x00, 0x01, 0x88, 0x6D, 0xAF, 0xA0, 0x2C, 0x03, 0x00, 0x00, 0x41, 0x82, 0x00, 0x18, 0x2C, 0x03, 0x00, 0x04,
  0x41, 0x82, 0x00, 0x08, 0x48, 0x00, 0x01, 0x38, 0x3B, 0x40, 0x00, 0x04, 0x48, 0x00, 0x00, 0xE0, 0x88, 0x7F, 0x00, 0x00, 0x2C, 0x03, 0x00, 0x00,
  0x41, 0x82, 0x00, 0x18, 0x80, 0x8D, 0xB6, 0x1C, 0x88, 0x64, 0x00, 0x11, 0x2C, 0x03, 0x00, 0x01, 0x41, 0x82, 0x00, 0x08, 0x48, 0x00, 0x00, 0x10,
  0x38, 0x60, 0x00, 0x01, 0x4B, 0xFF, 0xFF, 0x21, 0x48, 0x00, 0x00, 0xB4, 0x4B, 0xFF, 0xFC, 0x69, 0x7F, 0x68, 0x02, 0xA6, 0x3C, 0x80, 0x80, 0x46,
  0x60, 0x84, 0xB6, 0xA0, 0x88, 0x64, 0x00, 0x08, 0x98, 0x7B, 0x00, 0x17, 0x48, 0x00, 0x06, 0x6D, 0x7C, 0x7C, 0x1B, 0x78, 0x2C, 0x1C, 0x00, 0x00,
  0x40, 0x80, 0x00, 0x14, 0x88, 0x7B, 0x00, 0x06, 0x38, 0x63, 0x00, 0x01, 0x98, 0x7B, 0x00, 0x06, 0x48, 0x00, 0x00, 0x60, 0x9B, 0x9B, 0x00, 0x05,
  0xA0, 0x9B, 0x00, 0x01, 0x38, 0x84, 0x00, 0x06, 0x7F, 0x9B, 0x21, 0xAE, 0x38, 0x7C, 0x00, 0x03, 0x7C, 0x9B, 0x18, 0xAE, 0x38, 0xA4, 0x00, 0x01,
  0x7C, 0xBB, 0x19, 0xAE, 0x1C, 0x9C, 0x00, 0x02, 0x38, 0x84, 0x00, 0x10, 0xA0, 0x7F, 0x02, 0x64, 0x7C, 0x7B, 0x23, 0x2E, 0x88, 0x9B, 0x00, 0x00,
  0x38, 0x84, 0x00, 0x01, 0x38, 0x60, 0x00, 0x02, 0x7C, 0x84, 0x1B, 0x96, 0x7C, 0x05, 0x20, 0x00, 0x40, 0x80, 0x00, 0x2C, 0xA0, 0x7B, 0x00, 0x01,
  0x38, 0x63, 0x00, 0x01, 0xB0, 0x7B, 0x00, 0x01, 0x38, 0x60, 0x00, 0x00, 0x98, 0x7B, 0x00, 0x06, 0x3C, 0x80, 0x80, 0x47, 0x60, 0x84, 0x9D, 0x30,
  0x38, 0x60, 0x00, 0x06, 0x98, 0x64, 0x00, 0x05, 0x48, 0x00, 0x00, 0x6C, 0x38, 0x60, 0x00, 0x00, 0x4B, 0xFF, 0xFE, 0x6D, 0x38, 0x60, 0x00, 0x01,
  0x3D, 0x80, 0x80, 0x37, 0x61, 0x8C, 0xF1, 0xE4, 0x7D, 0x89, 0x03, 0xA6, 0x4E, 0x80, 0x04, 0x21, 0x7C, 0x7E, 0x1B, 0x78, 0x38, 0x60, 0x00, 0xBA,
  0x98, 0x7E, 0x00, 0x00, 0x7F, 0xC3, 0xF3, 0x78, 0x38, 0x80, 0x00, 0x01, 0x38, 0xA0, 0x00, 0x01, 0x3D, 0x80, 0x80, 0x00, 0x61, 0x8C, 0x55, 0xF0,
  0x7D, 0x89, 0x03, 0xA6, 0x4E, 0x80, 0x04, 0x21, 0x7F, 0xC3, 0xF3, 0x78, 0x3D, 0x80, 0x80, 0x37, 0x61, 0x8C, 0xF1, 0xB0, 0x7D, 0x89, 0x03, 0xA6,
  0x4E, 0x80, 0x04, 0x21, 0x3C, 0x80, 0x80, 0x47, 0x60, 0x84, 0x9D, 0x30, 0x7F, 0x43, 0xD3, 0x78, 0x98, 0x64, 0x00, 0x05, 0x88, 0x7F, 0x00, 0x03,
  0x48, 0x00, 0x06, 0xC5, 0x98, 0x6D, 0xAF, 0xC9, 0x88, 0x6D, 0xAF, 0xA0, 0x2C, 0x03, 0x00, 0x03, 0x40, 0x82, 0x00, 0x20, 0x88, 0x7F, 0x00, 0x03,
  0x38, 0x80, 0x00, 0x01, 0x2C, 0x03, 0x00, 0x00, 0x40, 0x82, 0x00, 0x08, 0x38, 0x80, 0x00, 0x00, 0x98, 0x8D, 0xAF, 0xC9, 0x48, 0x00, 0x00, 0x3C,
  0x3A, 0x80, 0x00, 0x00, 0x3A, 0xA0, 0x00, 0x00, 0x7E, 0x83, 0xA3, 0x78, 0x48, 0x00, 0x06, 0x89, 0x2C, 0x03, 0x00, 0x00, 0x41, 0x82, 0x00, 0x08,
  0x3A, 0xB5, 0x00, 0x01, 0x3A, 0x94, 0x00, 0x01, 0x2C, 0x14, 0x00, 0x04, 0x41, 0x80, 0xFF, 0xE4, 0x2C, 0x15, 0x00, 0x01, 0x41, 0x82, 0x00, 0x0C,
  0x38, 0x60, 0x00, 0x00, 0x98, 0x6D, 0xAF, 0xC9, 0x88, 0x6D, 0xAF, 0xA0, 0x2C, 0x03, 0x00, 0x04, 0x41, 0x82, 0x00, 0x5C, 0x3E, 0x80, 0x80, 0x47,
  0x62, 0x94, 0x9D, 0xA4, 0x88, 0x7F, 0x00, 0x03, 0x48, 0x00, 0x06, 0x45, 0x2C, 0x03, 0x00, 0x00, 0x41, 0x82, 0x00, 0x18, 0x38, 0x60, 0x00, 0x01,
  0x98, 0x74, 0x00, 0x00, 0x38, 0x60, 0x00, 0x00, 0x98, 0x74, 0x00, 0x5D, 0x48, 0x00, 0x00, 0x14, 0x38, 0x60, 0x00, 0x00, 0x98, 0x74, 0x00, 0x00,
  0x38, 0x60, 0x00, 0x01, 0x98, 0x74, 0x00, 0x5D, 0x88, 0x6D, 0xAF, 0xA0, 0x2C, 0x03, 0x00, 0x03, 0x41, 0x82, 0x00, 0x0C, 0x2C, 0x03, 0x00, 0x00,
  0x40, 0x82, 0x00, 0x0C, 0x38, 0x60, 0x00, 0x00, 0x98, 0x74, 0x00, 0x04, 0x38, 0x60, 0x00, 0x00, 0x98, 0x6D, 0xAF, 0xCA, 0x38, 0x60, 0x00, 0x04,
  0x3D, 0x80, 0x80, 0x37, 0x61, 0x8C, 0xF1, 0xE4, 0x7D, 0x89, 0x03, 0xA6, 0x4E, 0x80, 0x04, 0x21, 0x7C, 0x7E, 0x1B, 0x78, 0x38, 0x60, 0x00, 0xBC,
  0x98, 0x7E, 0x00, 0x00, 0x7F, 0xC3, 0xF3, 0x78, 0x38, 0x80, 0x00, 0x01, 0x38, 0xA0, 0x00, 0x01, 0x3D, 0x80, 0x80, 0x00, 0x61, 0x8C, 0x55, 0xF0,
  0x7D, 0x89, 0x03, 0xA6, 0x4E, 0x80, 0x04, 0x21, 0x7F, 0xC3, 0xF3, 0x78, 0x38, 0x80, 0x00, 0x04, 0x38, 0xA0, 0x00, 0x00, 0x3D, 0x80, 0x80, 0x00,
  0x61, 0x8C, 0x55, 0xF0, 0x7D, 0x89, 0x03, 0xA6, 0x4E, 0x80, 0x04, 0x21, 0x3C, 0x80, 0x80, 0x4D, 0x80, 0x7E, 0x00, 0x00, 0x90, 0x64, 0x5F, 0x90,
  0x7F, 0xC3, 0xF3, 0x78, 0x3D, 0x80, 0x80, 0x37, 0x61, 0x8C, 0xF1, 0xB0, 0x7D, 0x89, 0x03, 0xA6, 0x4E, 0x80, 0x04, 0x21, 0x7F, 0xE3, 0xFB, 0x78,
  0x3D, 0x80, 0x80, 0x37, 0x61, 0x8C, 0xF1, 0xB0, 0x7D, 0x89, 0x03, 0xA6, 0x4E, 0x80, 0x04, 0x21, 0xBA, 0x81, 0x00, 0xB0, 0x80, 0x01, 0x00, 0xE4,
  0x38, 0x21, 0x00, 0xE0, 0x7C, 0x08, 0x03, 0xA6, 0x4E, 0x80, 0x00, 0x20, 0x4E, 0x80, 0x00, 0x21, 0x01, 0x78, 0x01, 0x01, 0x01, 0xFF, 0x21, 0x21,
  0xFF, 0x21, 0x21, 0xEE, 0x00, 0x00, 0xEE, 0x00, 0x7C, 0x08, 0x02, 0xA6, 0x90, 0x01, 0x00, 0x04, 0x94, 0x21, 0xFF, 0x20, 0xBE, 0x81, 0x00, 0xB0,
  0x38, 0x60, 0x00, 0x00, 0x3D, 0x80, 0x80, 0x00, 0x61, 0x8C, 0x56, 0x10, 0x7D, 0x89, 0x03, 0xA6, 0x4E, 0x80, 0x04, 0x21, 0x7C, 0x7E, 0x1B, 0x78,
  0x83, 0xED, 0x88, 0x40, 0x3B, 0xFF, 0x05, 0x98, 0x88, 0x6D, 0xAF, 0xA0, 0x2C, 0x03, 0x00, 0x03, 0x40, 0x82, 0x00, 0x48, 0x3B, 0xA0, 0x00, 0x00,
  0x1C, 0xBD, 0x00, 0x24, 0x38, 0x65, 0x00, 0x69, 0x7C, 0x7F, 0x18, 0xAE, 0x38, 0x63, 0x00, 0x01, 0x38, 0x85, 0x00, 0x60, 0x7C, 0x9F, 0x20, 0xAE,
  0x3D, 0x80, 0x80, 0x00, 0x61, 0x8C, 0x56, 0xB0, 0x7D, 0x89, 0x03, 0xA6, 0x4E, 0x80, 0x04, 0x21, 0x1C, 0x9D, 0x00, 0x24, 0x38, 0x84, 0x00, 0x63,
  0x7C, 0x7F, 0x21, 0xAE, 0x3B, 0xBD, 0x00, 0x01, 0x2C, 0x1D, 0x00, 0x04, 0x41, 0x80, 0xFF, 0xC4, 0x3C, 0x60, 0x80, 0x49, 0x60, 0x63, 0x08, 0x88,
  0x4B, 0xFF, 0xFF, 0x65, 0x7C, 0x88, 0x02, 0xA6, 0x38, 0xA0, 0x00, 0x10, 0x3D, 0x80, 0x80, 0x00, 0x61, 0x8C, 0x31, 0xF4, 0x7D, 0x89, 0x03, 0xA6,
  0x4E, 0x80, 0x04, 0x21, 0x3C, 0x80, 0x80, 0x49, 0x60, 0x84, 0x08, 0x88, 0x38, 0x60, 0x00, 0x00, 0x98, 0x64, 0xFF, 0xFF, 0x98, 0x64, 0xFF, 0xFB,
  0x8B, 0x1E, 0x02, 0x5E, 0x38, 0x60, 0x00, 0x02, 0x98, 0x64, 0x00, 0x02, 0x38, 0x60, 0x00, 0x01, 0x98, 0x64, 0x00, 0x06, 0x98, 0x64, 0x00, 0x07,
  0x98, 0x64, 0x00, 0x09, 0x98, 0x64, 0x00, 0x0A, 0x98, 0x64, 0x00, 0x0C, 0x98, 0x64, 0x00, 0x0D, 0x98, 0x64, 0x00, 0x0F, 0x98, 0x64, 0x00, 0x10,
  0x9B, 0x04, 0xFF, 0xFB, 0x8B, 0x5E, 0x00, 0x03, 0x3B, 0xA0, 0x00, 0x00, 0x3B, 0x80, 0x00, 0x00, 0x3B, 0x60, 0x00, 0x00, 0x1C, 0x7A, 0x00, 0x24,
  0x38, 0x63, 0x02, 0xBF, 0x7F, 0x3E, 0x18, 0xAE, 0x1C, 0x7D, 0x00, 0x24, 0x38, 0x63, 0x00, 0x61, 0x7C, 0x7F, 0x18, 0xAE, 0x2C, 0x03, 0x00, 0x03,
  0x40, 0x80, 0x00, 0x84, 0x7C, 0x1D, 0xD0, 0x00, 0x41, 0x82, 0x00, 0x28, 0x2C, 0x18, 0x00, 0x00, 0x40, 0x82, 0x00, 0x08, 0x48, 0x00, 0x00, 0x48,
  0x1C, 0x7D, 0x00, 0x24, 0x38, 0x63, 0x00, 0x69, 0x7C, 0x7F, 0x18, 0xAE, 0x7C, 0x03, 0xC8, 0x00, 0x41, 0x82, 0x00, 0x08, 0x48, 0x00, 0x00, 0x30,
  0x1C, 0xFD, 0x00, 0x24, 0x38, 0xA7, 0x00, 0x60, 0x7C, 0xBF, 0x28, 0xAE, 0x38, 0xDC, 0x00, 0x05, 0x7C, 0xA6, 0x21, 0xAE, 0x38, 0xA7, 0x00, 0x63,
  0x7C, 0xBF, 0x28, 0xAE, 0x38, 0xDC, 0x00, 0x0B, 0x7C, 0xA6, 0x21, 0xAE, 0x3B, 0x9C, 0x00, 0x01, 0x48, 0x00, 0x00, 0x2C, 0x1C, 0xFD, 0x00, 0x24,
  0x38, 0xA7, 0x00, 0x60, 0x7C, 0xBF, 0x28, 0xAE, 0x38, 0xDB, 0x00, 0x08, 0x7C, 0xA6, 0x21, 0xAE, 0x38, 0xA7, 0x00, 0x63, 0x7C, 0xBF, 0x28, 0xAE,
  0x38, 0xDB, 0x00, 0x0E, 0x7C, 0xA6, 0x21, 0xAE, 0x3B, 0x7B, 0x00, 0x01, 0x3B, 0xBD, 0x00, 0x01, 0x2C, 0x1D, 0x00, 0x04, 0x41, 0x80, 0xFF, 0x64,
  0x9B, 0x84, 0x00, 0x03, 0x9B, 0x64, 0x00, 0x04, 0x3C, 0x80, 0x80, 0x43, 0x60, 0x84, 0x20, 0x78, 0x88, 0x7F, 0x00, 0x60, 0x90, 0x64, 0x00, 0x14,
  0x88, 0x7F, 0x00, 0x63, 0x98, 0x64, 0x00, 0x18, 0x88, 0x7F, 0x00, 0x84, 0x90, 0x64, 0x00, 0x1C, 0x88, 0x7F, 0x00, 0x87, 0x98, 0x64, 0x00, 0x20,
  0x88, 0x7E, 0x02, 0xFF, 0x2C, 0x03, 0x00, 0x03, 0x40, 0x80, 0x00, 0x14, 0x88, 0x7F, 0x00, 0xA8, 0x90, 0x64, 0x00, 0x24, 0x88, 0x7F, 0x00, 0xAB,
  0x98, 0x64, 0x00, 0x28, 0x88, 0x7E, 0x03, 0x23, 0x2C, 0x03, 0x00, 0x03, 0x40, 0x80, 0x00, 0x14, 0x88, 0x7F, 0x00, 0xCC, 0x90, 0x64, 0x00, 0x2C,
  0x88, 0x7F, 0x00, 0xCF, 0x98, 0x64, 0x00, 0x30, 0xA0, 0x7F, 0x00, 0x0E, 0x90, 0x64, 0x00, 0x0C, 0x3D, 0x80, 0x80, 0x01, 0x61, 0x8C, 0x82, 0x54,
  0x7D, 0x89, 0x03, 0xA6, 0x4E, 0x80, 0x04, 0x21, 0x38, 0x60, 0x00, 0xC7, 0x3D, 0x80, 0x80, 0x01, 0x61, 0x8C, 0x8C, 0x2C, 0x7D, 0x89, 0x03, 0xA6,
  0x4E, 0x80, 0x04, 0x21, 0x38, 0x60, 0x00, 0x04, 0x3D, 0x80, 0x80, 0x01, 0x61, 0x8C, 0x77, 0x00, 0x7D, 0x89, 0x03, 0xA6, 0x4E, 0x80, 0x04, 0x21,
  0x38, 0x60, 0x00, 0x1C, 0x3D, 0x80, 0x80, 0x02, 0x61, 0x8C, 0x6F, 0x2C, 0x7D, 0x89, 0x03, 0xA6, 0x4E, 0x80, 0x04, 0x21, 0x3A, 0x80, 0x00, 0x00,
  0x1C, 0x14, 0x00, 0x24, 0x7F, 0xF5, 0xFB, 0x78, 0x7E, 0xB5, 0x02, 0x14, 0x3D, 0x80, 0x80, 0x00, 0x61, 0x8C, 0x56, 0x9C, 0x7D, 0x89, 0x03, 0xA6,
  0x4E, 0x80, 0x04, 0x21, 0x88, 0x95, 0x00, 0x60, 0x7C, 0x84, 0x07, 0x74, 0x7C, 0x04, 0x18, 0x00, 0x41, 0x82, 0x00, 0x28, 0x38, 0x60, 0x00, 0x00,
  0x3D, 0x80, 0x80, 0x00, 0x61, 0x8C, 0x56, 0xA0, 0x7D, 0x89, 0x03, 0xA6, 0x4E, 0x80, 0x04, 0x21, 0x3D, 0x80, 0x80, 0x00, 0x61, 0x8C, 0x56, 0xA8,
  0x7D, 0x89, 0x03, 0xA6, 0x4E, 0x80, 0x04, 0x21, 0x3A, 0x94, 0x00, 0x01, 0x2C, 0x14, 0x00, 0x06, 0x3A, 0xB5, 0x00, 0x24, 0x41, 0x80, 0xFF, 0xB0,
  0xA0, 0x7F, 0x00, 0x0E, 0x3D, 0x80, 0x80, 0x22, 0x61, 0x8C, 0x51, 0x9C, 0x7D, 0x89, 0x03, 0xA6, 0x4E, 0x80, 0x04, 0x21, 0x7C, 0x64, 0x1B, 0x78,
  0x38, 0x60, 0x00, 0x01, 0x3D, 0x80, 0x80, 0x00, 0x61, 0x8C, 0x56, 0xA0, 0x7D, 0x89, 0x03, 0xA6, 0x4E, 0x80, 0x04, 0x21, 0x3D, 0x80, 0x80, 0x00,
  0x61, 0x8C, 0x56, 0xA8, 0x7D, 0x89, 0x03, 0xA6, 0x4E, 0x80, 0x04, 0x21, 0x3D, 0x80, 0x80, 0x02, 0x61, 0x8C, 0x71, 0x68, 0x7D, 0x89, 0x03, 0xA6,
  0x4E, 0x80, 0x04, 0x21, 0xBA, 0x81, 0x00, 0xB0, 0x80, 0x01, 0x00, 0xE4, 0x38, 0x21, 0x00, 0xE0, 0x7C, 0x08, 0x03, 0xA6, 0x4E, 0x80, 0x00, 0x20,
  0x7C, 0x08, 0x02, 0xA6, 0x90, 0x01, 0x00, 0x04, 0x94, 0x21, 0xFF, 0x20, 0xBE, 0x81, 0x00, 0xB0, 0x3C, 0x80, 0x80, 0x47, 0x60, 0x84, 0x9D, 0x30,
  0x38, 0x60, 0x00, 0x03, 0x98, 0x64, 0x00, 0x05, 0xBA, 0x81, 0x00, 0xB0, 0x80, 0x01, 0x00, 0xE4, 0x38, 0x21, 0x00, 0xE0, 0x7C, 0x08, 0x03, 0xA6,
  0x4E, 0x80, 0x00, 0x20, 0x7C, 0x08, 0x02, 0xA6, 0x90, 0x01, 0x00, 0x04, 0x94, 0x21, 0xFF, 0x20, 0xBE, 0x81, 0x00, 0xB0, 0x38, 0x60, 0x00, 0x00,
  0x3D, 0x80, 0x80, 0x00, 0x61, 0x8C, 0x56, 0x10, 0x7D, 0x89, 0x03, 0xA6, 0x4E, 0x80, 0x04, 0x21, 0x7C, 0x7F, 0x1B, 0x78, 0x83, 0xCD, 0x88, 0x40,
  0x3B, 0xDE, 0x05, 0x98, 0x7F, 0xC3, 0xF3, 0x78, 0x38, 0x9F, 0x02, 0x56, 0x38, 0xA0, 0x01, 0x38, 0x3D, 0x80, 0x80, 0x00, 0x61, 0x8C, 0x31, 0xF4,
  0x7D, 0x89, 0x03, 0xA6, 0x4E, 0x80, 0x04, 0x21, 0x7F, 0xC3, 0xF3, 0x78, 0x3D, 0x80, 0x80, 0x00, 0x61, 0x8C, 0x56, 0x94, 0x7D, 0x89, 0x03, 0xA6,
  0x4E, 0x80, 0x04, 0x21, 0x7F, 0xE3, 0xFB, 0x78, 0x3D, 0x80, 0x80, 0x37, 0x61, 0x8C, 0xF1, 0xB0, 0x7D, 0x89, 0x03, 0xA6, 0x4E, 0x80, 0x04, 0x21,
  0xBA, 0x81, 0x00, 0xB0, 0x80, 0x01, 0x00, 0xE4, 0x38, 0x21, 0x00, 0xE0, 0x7C, 0x08, 0x03, 0xA6, 0x4E, 0x80, 0x00, 0x20, 0x4E, 0x80, 0x00, 0x21,
  0x7C, 0x08, 0x02, 0xA6, 0x90, 0x01, 0x00, 0x04, 0x94, 0x21, 0xFF, 0x20, 0xBE, 0x81, 0x00, 0xB0, 0x3F, 0xE0, 0x80, 0x47, 0x63, 0xFF, 0x9D, 0xA4,
  0x88, 0x7F, 0x00, 0x04, 0x2C, 0x03, 0x00, 0x01, 0x41, 0x82, 0x00, 0x10, 0x2C, 0x03, 0x00, 0x02, 0x41, 0x82, 0x00, 0xC8, 0x48, 0x00, 0x01, 0x10,
  0x38, 0x60, 0x00, 0x00, 0x3D, 0x80, 0x80, 0x04, 0x61, 0x8C, 0x0A, 0xF0, 0x7D, 0x89, 0x03, 0xA6, 0x4E, 0x80, 0x04, 0x21, 0x7C, 0x7B, 0x1B, 0x78,
  0x38, 0x60, 0x00, 0x01, 0x3D, 0x80, 0x80, 0x04, 0x61, 0x8C, 0x0A, 0xF0, 0x7D, 0x89, 0x03, 0xA6, 0x4E, 0x80, 0x04, 0x21, 0x2C, 0x1B, 0x00, 0x2D,
  0x40, 0x81, 0x00, 0x0C, 0x2C, 0x03, 0x00, 0x2D, 0x41, 0x81, 0x00, 0x14, 0x2C, 0x1B, 0x00, 0x2D, 0x41, 0x81, 0x00, 0xC4, 0x2C, 0x03, 0x00, 0x2D,
  0x41, 0x81, 0x00, 0xB4, 0x38, 0x60, 0x00, 0x00, 0x3D, 0x80, 0x80, 0x03, 0x61, 0x8C, 0x3B, 0xD8, 0x7D, 0x89, 0x03, 0xA6, 0x4E, 0x80, 0x04, 0x21,
  0x7C, 0x7B, 0x1B, 0x78, 0x38, 0x60, 0x00, 0x01, 0x3D, 0x80, 0x80, 0x03, 0x61, 0x8C, 0x3B, 0xD8, 0x7D, 0x89, 0x03, 0xA6, 0x4E, 0x80, 0x04, 0x21,
  0x7C, 0x1B, 0x18, 0x00, 0x41, 0x81, 0x00, 0x80, 0x41, 0x80, 0x00, 0x84, 0x38, 0x60, 0x00, 0x00, 0x3D, 0x80, 0x80, 0x03, 0x61, 0x8C, 0x42, 0xB4,
  0x7D, 0x89, 0x03, 0xA6, 0x4E, 0x80, 0x04, 0x21, 0x7C, 0x7B, 0x1B, 0x78, 0x38, 0x60, 0x00, 0x01, 0x3D, 0x80, 0x80, 0x03, 0x61, 0x8C, 0x42, 0xB4,
  0x7D, 0x89, 0x03, 0xA6, 0x4E, 0x80, 0x04, 0x21, 0x7C, 0x1B, 0x18, 0x00, 0x41, 0x80, 0x00, 0x48, 0x41, 0x81, 0x00, 0x4C, 0x48, 0x00, 0x00, 0x50,
  0x38, 0x60, 0x00, 0x00, 0x3D, 0x80, 0x80, 0x03, 0x61, 0x8C, 0x3B, 0xD8, 0x7D, 0x89, 0x03, 0xA6, 0x4E, 0x80, 0x04, 0x21, 0x2C, 0x03, 0x00, 0x00,
  0x40, 0x82, 0x00, 0x24, 0x38, 0x60, 0x00, 0x01, 0x3D, 0x80, 0x80, 0x03, 0x61, 0x8C, 0x3B, 0xD8, 0x7D, 0x89, 0x03, 0xA6, 0x4E, 0x80, 0x04, 0x21,
  0x2C, 0x03, 0x00, 0x00, 0x40, 0x82, 0x00, 0x10, 0x48, 0x00, 0x00, 0x14, 0x38, 0x60, 0x00, 0x00, 0x48, 0x00, 0x00, 0x10, 0x38, 0x60, 0x00, 0x01,
  0x48, 0x00, 0x00, 0x08, 0x38, 0x60, 0xFF, 0xFF, 0xBA, 0x81, 0x00, 0xB0, 0x80, 0x01, 0x00, 0xE4, 0x38, 0x21, 0x00, 0xE0, 0x7C, 0x08, 0x03, 0xA6,
  0x4E, 0x80, 0x00, 0x20, 0x7C, 0x08, 0x02, 0xA6, 0x90, 0x01, 0x00, 0x04, 0x94, 0x21, 0xFF, 0x20, 0xBE, 0x81, 0x00, 0xB0, 0x7C, 0x7D, 0x1B, 0x78,
  0x3F, 0xE0, 0x80, 0x47, 0x63, 0xFF, 0x9D, 0xA4, 0x1F, 0xDD, 0x00, 0xA8, 0x7F, 0xDE, 0xFA, 0x14, 0x88, 0x7F, 0x00, 0x04, 0x2C, 0x03, 0x00, 0x00,
  0x41, 0x82, 0x00, 0xB0, 0x3C, 0x60, 0x80, 0x46, 0x60, 0x63, 0xB6, 0xA0, 0x88, 0x63, 0x24, 0xD0, 0x88, 0x9F, 0x00, 0x06, 0x7C, 0x03, 0x20, 0x00,
  0x40, 0x82, 0x00, 0x98, 0x88, 0x7E, 0x00, 0x58, 0x2C, 0x03, 0x00, 0x03, 0x41, 0x82, 0x00, 0x8C, 0x88, 0x7F, 0x00, 0x04, 0x2C, 0x03, 0x00, 0x07,
  0x40, 0x82, 0x00, 0x40, 0x88, 0x7F, 0x00, 0x06, 0x2C, 0x03, 0x00, 0x01, 0x40, 0x82, 0x00, 0x24, 0x88, 0x7F, 0x00, 0x00, 0x1C, 0x63, 0x00, 0xA8,
  0x7C, 0x63, 0xFA, 0x14, 0x88, 0x63, 0x00, 0x5F, 0x88, 0x9E, 0x00, 0x5F, 0x7C, 0x03, 0x20, 0x00, 0x41, 0x82, 0x00, 0x58, 0x48, 0x00, 0x00, 0x5C,
  0x88, 0x7F, 0x00, 0x00, 0x7C, 0x03, 0xE8, 0x00, 0x41, 0x82, 0x00, 0x48, 0x48, 0x00, 0x00, 0x4C, 0x88, 0x7F, 0x00, 0x06, 0x2C, 0x03, 0x00, 0x01,
  0x40, 0x82, 0x00, 0x28, 0x7F, 0xE3, 0xFB, 0x78, 0x3D, 0x80, 0x80, 0x16, 0x61, 0x8C, 0x54, 0xA0, 0x7D, 0x89, 0x03, 0xA6, 0x4E, 0x80, 0x04, 0x21,
  0x88, 0x9E, 0x00, 0x5F, 0x7C, 0x03, 0x20, 0x00, 0x41, 0x82, 0x00, 0x20, 0x48, 0x00, 0x00, 0x14, 0x88, 0x7E, 0x00, 0x5D, 0x2C, 0x03, 0x00, 0x00,
  0x41, 0x82, 0x00, 0x10, 0x48, 0x00, 0x00, 0x04, 0x38, 0x60, 0x00, 0x00, 0x48, 0x00, 0x00, 0x08, 0x38, 0x60, 0x00, 0x01, 0xBA, 0x81, 0x00, 0xB0,
  0x80, 0x01, 0x00, 0xE4, 0x38, 0x21, 0x00, 0xE0, 0x7C, 0x08, 0x03, 0xA6, 0x4E, 0x80, 0x00, 0x20, 0x7C, 0x08, 0x02, 0xA6, 0x90, 0x01, 0x00, 0x04,
  0x94, 0x21, 0xFF, 0x20, 0xBE, 0x81, 0x00, 0xB0, 0x83, 0xE3, 0x00, 0x10, 0x88, 0x7F, 0x00, 0x06, 0x2C, 0x03, 0x00, 0x00, 0x40, 0x82, 0x00, 0x14,
  0x3D, 0x80, 0x80, 0x01, 0x61, 0x8C, 0x74, 0xBC, 0x7D, 0x89, 0x03, 0xA6, 0x4E, 0x80, 0x04, 0x21, 0xBA, 0x81, 0x00, 0xB0, 0x80, 0x01, 0x00, 0xE4,
  0x38, 0x21, 0x00, 0xE0, 0x7C, 0x08, 0x03, 0xA6, 0x4E, 0x80, 0x00, 0x20, 0x7C, 0x08, 0x02, 0xA6, 0x90, 0x01, 0x00, 0x04, 0x94, 0x21, 0xFF, 0x20,
  0xBE, 0x81, 0x00, 0xB0, 0x83, 0xE3, 0x00, 0x10, 0x38, 0x60, 0x00, 0x00, 0x3D, 0x80, 0x80, 0x00, 0x61, 0x8C, 0x56, 0x10, 0x7D, 0x89, 0x03, 0xA6,
  0x4E, 0x80, 0x04, 0x21, 0x7C, 0x7E, 0x1B, 0x78, 0x88, 0x7E, 0x00, 0x00, 0x2C, 0x03, 0x00, 0x04, 0x41, 0x82, 0x00, 0x20, 0x38, 0x60, 0x00, 0x01,
  0x4B, 0xFF, 0xF5, 0xC5, 0x3C, 0x80, 0x80, 0x47, 0x60, 0x84, 0x9D, 0x30, 0x38, 0x60, 0x00, 0x01, 0x98, 0x64, 0x00, 0x05, 0x48, 0x00, 0x00, 0x38,
  0x88, 0x7F, 0x00, 0x06, 0x2C, 0x03, 0x00, 0x00, 0x41, 0x82, 0x00, 0x18, 0x3C, 0x80, 0x80, 0x47, 0x60, 0x84, 0x9D, 0x30, 0x38, 0x60, 0x00, 0x03,
  0x98, 0x64, 0x00, 0x05, 0x48, 0x00, 0x00, 0x18, 0x4B, 0xFF, 0xFC, 0x6D, 0x3C, 0x80, 0x80, 0x47, 0x60, 0x84, 0x9D, 0x30, 0x38, 0x60, 0x00, 0x05,
  0x98, 0x64, 0x00, 0x05, 0xBA, 0x81, 0x00, 0xB0, 0x80, 0x01, 0x00, 0xE4, 0x38, 0x21, 0x00, 0xE0, 0x7C, 0x08, 0x03, 0xA6, 0x4E, 0x80, 0x00, 0x20,
  0xBA, 0x81, 0x00, 0xB0, 0x80, 0x01, 0x00, 0xE4, 0x38, 0x21, 0x00, 0xE0, 0x7C, 0x08, 0x03, 0xA6, 0x38, 0x60, 0x00, 0x28, 0x98, 0x7E, 0x00, 0x00,
  0x60, 0x00, 0x00, 0x00, 0x00, 0x00, 0x00, 0x00, 0x04, 0x00, 0x56, 0x94, 0x4E, 0x80, 0x00, 0x20, 0xC2, 0x00, 0x56, 0xBC, 0x00, 0x00, 0x00, 0x12,
  0x7C, 0x08, 0x02, 0xA6, 0x90, 0x01, 0x00, 0x04, 0x94, 0x21, 0xFF, 0x20, 0xBE, 0x81, 0x00, 0xB0, 0x7C, 0x7F, 0x1B, 0x78, 0x7C, 0x9E, 0x23, 0x78,
  0x7C, 0xBD, 0x2B, 0x78, 0x7C, 0xDC, 0x33, 0x78, 0x3D, 0x80, 0x80, 0x00, 0x61, 0x8C, 0x56, 0xB8, 0x7D, 0x89, 0x03, 0xA6, 0x4E, 0x80, 0x04, 0x21,
  0x7C, 0x65, 0x1B, 0x78, 0x1C, 0x7F, 0x00, 0x24, 0x3C, 0x80, 0x80, 0x3F, 0x60, 0x84, 0x0A, 0x48, 0x7C, 0x83, 0x22, 0x14, 0x88, 0x64, 0x03, 0xC2,
  0x1C, 0x63, 0x00, 0x1C, 0x7C, 0x83, 0x2A, 0x14, 0x8B, 0xC4, 0x00, 0xDC, 0x1C, 0xBD, 0x00, 0x1E, 0x7C, 0x9E, 0x2A, 0x14, 0x7F, 0xE3, 0xFB, 0x78,
  0x7F, 0x85, 0xE3, 0x78, 0x3D, 0x80, 0x80, 0x25, 0x61, 0x8C, 0xD5, 0xAC, 0x7D, 0x89, 0x03, 0xA6, 0x4E, 0x80, 0x04, 0x21, 0xBA, 0x81, 0x00, 0xB0,
  0x80, 0x01, 0x00, 0xE4, 0x38, 0x21, 0x00, 0xE0, 0x7C, 0x08, 0x03, 0xA6, 0x4E, 0x80, 0x00, 0x20, 0x60, 0x00, 0x00, 0x00, 0x00, 0x00, 0x00, 0x00,
  0xC2, 0x00, 0x56, 0x90, 0x00, 0x00, 0x00, 0x0C, 0x7C, 0x08, 0x02, 0xA6, 0x90, 0x01, 0x00, 0x04, 0x94, 0x21, 0xFF, 0x20, 0xBE, 0x81, 0x00, 0xB0,
  0x7C, 0x7E, 0x1B, 0x78, 0x38, 0x60, 0x00, 0x00, 0x2C, 0x04, 0x00, 0x03, 0x40, 0x82, 0x00, 0x2C, 0x88, 0x1D, 0x03, 0xC1, 0x2C, 0x00, 0x00, 0x00,
  0x41, 0x82, 0x00, 0x20, 0x7F, 0xC3, 0xF3, 0x78, 0x38, 0x80, 0x00, 0x59, 0x3D, 0x80, 0x80, 0x3A, 0x61, 0x8C, 0x63, 0x68, 0x7D, 0x89, 0x03, 0xA6,
  0x4E, 0x80, 0x04, 0x21, 0x38, 0x60, 0x00, 0x01, 0xBA, 0x81, 0x00, 0xB0, 0x80, 0x01, 0x00, 0xE4, 0x38, 0x21, 0x00, 0xE0, 0x7C, 0x08, 0x03, 0xA6,
  0x4E, 0x80, 0x00, 0x20, 0x00, 0x00, 0x00, 0x00, 0xC2, 0x00, 0x56, 0xB8, 0x00, 0x00, 0x00, 0x02, 0x3C, 0x60, 0x80, 0x3F, 0x60, 0x63, 0x0A, 0x48,
  0x4E, 0x80, 0x00, 0x20, 0x00, 0x00, 0x00, 0x00, 0xC2, 0x00, 0x56, 0x98, 0x00, 0x00, 0x00, 0x02, 0x38, 0x60, 0x00, 0x19, 0x4E, 0x80, 0x00, 0x20,
  0x60, 0x00, 0x00, 0x00, 0x00, 0x00, 0x00, 0x00, 0xC2, 0x00, 0x56, 0xB0, 0x00, 0x00, 0x00, 0x11, 0x7C, 0x08, 0x02, 0xA6, 0x90, 0x01, 0x00, 0x04,
  0x94, 0x21, 0xFF, 0x20, 0xBE, 0x81, 0x00, 0xB0, 0x7C, 0x7F, 0x1B, 0x78, 0x7C, 0x9E, 0x23, 0x78, 0x7F, 0xC3, 0xF3, 0x78, 0x2C, 0x1F, 0x00, 0x03,
  0x41, 0x82, 0x00, 0x28, 0x2C, 0x1F, 0x00, 0x02, 0x41, 0x82, 0x00, 0x0C, 0x2C, 0x1F, 0x00, 0x01, 0x41, 0x82, 0x00, 0x2C, 0x3D, 0x80, 0x80, 0x16,
  0x61, 0x8C, 0x92, 0xBC, 0x7D, 0x89, 0x03, 0xA6, 0x4E, 0x80, 0x04, 0x21, 0x48, 0x00, 0x00, 0x28, 0x3D, 0x80, 0x80, 0x16, 0x61, 0x8C, 0x92, 0x90,
  0x7D, 0x89, 0x03, 0xA6, 0x4E, 0x80, 0x04, 0x21, 0x48, 0x00, 0x00, 0x14, 0x3D, 0x80, 0x80, 0x16, 0x61, 0x8C, 0x92, 0x64, 0x7D, 0x89, 0x03, 0xA6,
  0x4E, 0x80, 0x04, 0x21, 0xBA, 0x81, 0x00, 0xB0, 0x80, 0x01, 0x00, 0xE4, 0x38, 0x21, 0x00, 0xE0, 0x7C, 0x08, 0x03, 0xA6, 0x4E, 0x80, 0x00, 0x20,
  0x60, 0x00, 0x00, 0x00, 0x00, 0x00, 0x00, 0x00, 0xC2, 0x00, 0x55, 0xF4, 0x00, 0x00, 0x00, 0x07, 0x94, 0x21, 0xFF, 0x00, 0xD0, 0x41, 0x00, 0x08,
  0x3C, 0x00, 0x43, 0x30, 0xC8, 0x42, 0x98, 0xA8, 0x6C, 0x63, 0x80, 0x00, 0x90, 0x01, 0x00, 0xF0, 0x90, 0x61, 0x00, 0xF4, 0xC8, 0x21, 0x00, 0xF0,
  0xEC, 0x21, 0x10, 0x28, 0xC0, 0x41, 0x00, 0x08, 0x38, 0x21, 0x01, 0x00, 0x4E, 0x80, 0x00, 0x20, 0x60, 0x00, 0x00, 0x00, 0x00, 0x00, 0x00, 0x00,
  0xC2, 0x00, 0x56, 0x10, 0x00, 0x00, 0x00, 0x12, 0x7C, 0x08, 0x02, 0xA6, 0x90, 0x01, 0x00, 0x04, 0x94, 0x21, 0xFF, 0x20, 0xBE, 0x81, 0x00, 0xB0,
  0x2C, 0x03, 0x00, 0x00, 0x40, 0x82, 0x00, 0x18, 0x38, 0x60, 0x03, 0xC2, 0x3D, 0x80, 0x80, 0x37, 0x61, 0x8C, 0xF1, 0xE4, 0x7D, 0x89, 0x03, 0xA6,
  0x4E, 0x80, 0x04, 0x21, 0x7C, 0x7F, 0x1B, 0x78, 0x38, 0x60, 0x00, 0xB3, 0x98, 0x7F, 0x00, 0x00, 0x7F, 0xE3, 0xFB, 0x78, 0x38, 0x80, 0x00, 0x01,
  0x38, 0xA0, 0x00, 0x01, 0x3D, 0x80, 0x80, 0x00, 0x61, 0x8C, 0x55, 0xF0, 0x7D, 0x89, 0x03, 0xA6, 0x4E, 0x80, 0x04, 0x21, 0x7F, 0xE3, 0xFB, 0x78,
  0x38, 0x80, 0x03, 0xC2, 0x38, 0xA0, 0x00, 0x00, 0x3D, 0x80, 0x80, 0x00, 0x61, 0x8C, 0x55, 0xF0, 0x7D, 0x89, 0x03, 0xA6, 0x4E, 0x80, 0x04, 0x21,
  0x7F, 0xE3, 0xFB, 0x78, 0xBA, 0x81, 0x00, 0xB0, 0x80, 0x01, 0x00, 0xE4, 0x38, 0x21, 0x00, 0xE0, 0x7C, 0x08, 0x03, 0xA6, 0x4E, 0x80, 0x00, 0x20,
  0x60, 0x00, 0x00, 0x00, 0x00, 0x00, 0x00, 0x00, 0xC2, 0x00, 0x56, 0xA4, 0x00, 0x00, 0x00, 0x22, 0x7C, 0x08, 0x02, 0xA6, 0x90, 0x01, 0x00, 0x04,
  0x94, 0x21, 0xFF, 0x20, 0xBE, 0x81, 0x00, 0xB0, 0x7C, 0x7F, 0x1B, 0x78, 0x7C, 0x9E, 0x23, 0x78, 0x3B, 0x80, 0x00, 0x04, 0x7F, 0x83, 0xE3, 0x78,
  0x3D, 0x80, 0x80, 0x37, 0x61, 0x8C, 0xF1, 0xE4, 0x7D, 0x89, 0x03, 0xA6, 0x4E, 0x80, 0x04, 0x21, 0x7C, 0x7D, 0x1B, 0x78, 0x7F, 0x84, 0xE3, 0x78,
  0x3D, 0x80, 0x80, 0x00, 0x61, 0x8C, 0xC1, 0x60, 0x7D, 0x89, 0x03, 0xA6, 0x4E, 0x80, 0x04, 0x21, 0x38, 0x60, 0x00, 0xE1, 0x48, 0x00, 0x00, 0x55,
  0x83, 0x9D, 0x00, 0x00, 0x7F, 0xA3, 0xEB, 0x78, 0x3D, 0x80, 0x80, 0x37, 0x61, 0x8C, 0xF1, 0xB0, 0x7D, 0x89, 0x03, 0xA6, 0x4E, 0x80, 0x04, 0x21,
  0x7F, 0x83, 0xE3, 0x78, 0x3D, 0x80, 0x80, 0x37, 0x61, 0x8C, 0xF1, 0xE4, 0x7D, 0x89, 0x03, 0xA6, 0x4E, 0x80, 0x04, 0x21, 0x7C, 0x7D, 0x1B, 0x78,
  0x38, 0x60, 0x00, 0xE2, 0x48, 0x00, 0x00, 0x1D, 0x7F, 0xA3, 0xEB, 0x78, 0xBA, 0x81, 0x00, 0xB0, 0x80, 0x01, 0x00, 0xE4, 0x38, 0x21, 0x00, 0xE0,
  0x7C, 0x08, 0x03, 0xA6, 0x4E, 0x80, 0x00, 0x20, 0x7C, 0x08, 0x02, 0xA6, 0x90, 0x01, 0x00, 0x04, 0x94, 0x21, 0xFF, 0x20, 0xBE, 0x81, 0x00, 0xB0,
  0x98, 0x7D, 0x00, 0x00, 0x9B, 0xFD, 0x00, 0x01, 0x9B, 0xDD, 0x00, 0x02, 0x7F, 0xA3, 0xEB, 0x78, 0x38, 0x80, 0x00, 0x03, 0x38, 0xA0, 0x00, 0x01,
  0x3D, 0x80, 0x80, 0x00, 0x61, 0x8C, 0x55, 0xF0, 0x7D, 0x89, 0x03, 0xA6, 0x4E, 0x80, 0x04, 0x21, 0x7F, 0xA3, 0xEB, 0x78, 0x7F, 0x84, 0xE3, 0x78,
  0x38, 0xA0, 0x00, 0x00, 0x3D, 0x80, 0x80, 0x00, 0x61, 0x8C, 0x55, 0xF0, 0x7D, 0x89, 0x03, 0xA6, 0x4E, 0x80, 0x04, 0x21, 0xBA, 0x81, 0x00, 0xB0,
  0x80, 0x01, 0x00, 0xE4, 0x38, 0x21, 0x00, 0xE0, 0x7C, 0x08, 0x03, 0xA6, 0x4E, 0x80, 0x00, 0x20, 0x60, 0x00, 0x00, 0x00, 0x00, 0x00, 0x00, 0x00,
  0xC2, 0x00, 0x56, 0x0C, 0x00, 0x00, 0x00, 0x33, 0x7C, 0x08, 0x02, 0xA6, 0x90, 0x01, 0x00, 0x04, 0x94, 0x21, 0xFF, 0x20, 0xBE, 0x81, 0x00, 0xB0,
  0x7C, 0x7B, 0x1B, 0x78, 0x7C, 0x98, 0x23, 0x78, 0x7C, 0xBA, 0x2B, 0x78, 0x88, 0xDA, 0x00, 0x00, 0x3A, 0xC0, 0x00, 0x00, 0x3A, 0xD6, 0x00, 0x01,
  0x2C, 0x16, 0x00, 0x07, 0x40, 0x81, 0x00, 0xDC, 0x48, 0x00, 0x00, 0x44, 0x4E, 0x80, 0x00, 0x21, 0x4C, 0x6F, 0x61, 0x64, 0x20, 0x73, 0x74, 0x61,
  0x74, 0x65, 0x20, 0x72, 0x65, 0x71, 0x75, 0x65, 0x73, 0x74, 0x65, 0x64, 0x20, 0x66, 0x6F, 0x72, 0x20, 0x66, 0x72, 0x61, 0x6D, 0x65, 0x20, 0x25,
  0x64, 0x20, 0x62, 0x75, 0x74, 0x20, 0x66, 0x72, 0x61, 0x6D, 0x65, 0x20, 0x77, 0x61, 0x73, 0x20, 0x6E, 0x6F, 0x74, 0x20, 0x66, 0x6F, 0x75, 0x6E,
  0x64, 0x2E, 0x00, 0x00, 0x7C, 0x08, 0x02, 0xA6, 0x90, 0x01, 0x00, 0x04, 0x94, 0x21, 0xFF, 0x00, 0xBC, 0x61, 0x00, 0x08, 0x7F, 0x05, 0xC3, 0x78,
  0x60, 0x00, 0x00, 0x00, 0x60, 0x00, 0x00, 0x00, 0x60, 0x00, 0x00, 0x00, 0x60, 0x00, 0x00, 0x00, 0x60, 0x00, 0x00, 0x00, 0x80, 0x6D, 0xAF, 0xC4,
  0x38, 0x63, 0x00, 0x03, 0x4B, 0xFF, 0xFF, 0x91, 0x7C, 0x88, 0x02, 0xA6, 0x4C, 0xC6, 0x32, 0x42, 0x3D, 0x80, 0x80, 0x32, 0x61, 0x8C, 0x3C, 0xF4,
  0x7D, 0x89, 0x03, 0xA6, 0x4E, 0x80, 0x04, 0x21, 0x80, 0x6D, 0xAF, 0xC4, 0x38, 0x80, 0x00, 0xD0, 0x98, 0x83, 0x00, 0x00, 0x38, 0x80, 0x00, 0x00,
  0x98, 0x83, 0x00, 0x01, 0x38, 0x80, 0x00, 0x01, 0x98, 0x83, 0x00, 0x02, 0x38, 0x80, 0x00, 0x80, 0x38, 0xA0, 0x00, 0x01, 0x3D, 0x80, 0x80, 0x00,
  0x61, 0x8C, 0x55, 0xF0, 0x7D, 0x89, 0x03, 0xA6, 0x4E, 0x80, 0x04, 0x21, 0xB8, 0x61, 0x00, 0x08, 0x80, 0x01, 0x01, 0x04, 0x38, 0x21, 0x01, 0x00,
  0x7C, 0x08, 0x03, 0xA6, 0x48, 0x00, 0x00, 0x00, 0x38, 0xC6, 0xFF, 0xFF, 0x2C, 0x06, 0x00, 0x00, 0x40, 0x80, 0x00, 0x08, 0x38, 0xC6, 0x00, 0x07,
  0x1C, 0x66, 0x00, 0x04, 0x38, 0x63, 0x00, 0x02, 0x7F, 0x3A, 0x1A, 0x14, 0x80, 0x79, 0x00, 0x00, 0x7C, 0x03, 0xC0, 0x00, 0x40, 0x82, 0xFE, 0xF8,
  0x3D, 0x80, 0x80, 0x34, 0x61, 0x8C, 0x73, 0x64, 0x7D, 0x89, 0x03, 0xA6, 0x4E, 0x80, 0x04, 0x21, 0x7C, 0x77, 0x1B, 0x78, 0x38, 0x60, 0x00, 0xB2,
  0x98, 0x7B, 0x00, 0x00, 0x93, 0x1B, 0x00, 0x01, 0x7F, 0x63, 0xDB, 0x78, 0x38, 0x80, 0x00, 0x21, 0x38, 0xA0, 0x00, 0x01, 0x3D, 0x80, 0x80, 0x00,
  0x61, 0x8C, 0x55, 0xF0, 0x7D, 0x89, 0x03, 0xA6, 0x4E, 0x80, 0x04, 0x21, 0x7E, 0xE3, 0xBB, 0x78, 0x3D, 0x80, 0x80, 0x34, 0x61, 0x8C, 0x73, 0x8C,
  0x7D, 0x89, 0x03, 0xA6, 0x4E, 0x80, 0x04, 0x21, 0xBA, 0x81, 0x00, 0xB0, 0x80, 0x01, 0x00, 0xE4, 0x38, 0x21, 0x00, 0xE0, 0x7C, 0x08, 0x03, 0xA6,
  0x4E, 0x80, 0x00, 0x20, 0x00, 0x00, 0x00, 0x00, 0xC2, 0x00, 0x55, 0xEC, 0x00, 0x00, 0x00, 0x08, 0x7C, 0x08, 0x02, 0xA6, 0x90, 0x01, 0x00, 0x04,
  0x94, 0x21, 0xFF, 0x20, 0xBE, 0x81, 0x00, 0xB0, 0x3D, 0x80, 0x80, 0x00, 0x61, 0x8C, 0x55, 0xF4, 0x7D, 0x89, 0x03, 0xA6, 0x4E, 0x80, 0x04, 0x21,
  0xEC, 0x21, 0x00, 0xB2, 0xBA, 0x81, 0x00, 0xB0, 0x80, 0x01, 0x00, 0xE4, 0x38, 0x21, 0x00, 0xE0, 0x7C, 0x08, 0x03, 0xA6, 0x4E, 0x80, 0x00, 0x20,
  0x60, 0x00, 0x00, 0x00, 0x00, 0x00, 0x00, 0x00, 0xC2, 0x00, 0x56, 0x08, 0x00, 0x00, 0x00, 0x16, 0x7C, 0x08, 0x02, 0xA6, 0x90, 0x01, 0x00, 0x04,
  0x94, 0x21, 0xFF, 0x20, 0xBE, 0x81, 0x00, 0xB0, 0x7C, 0x7B, 0x1B, 0x78, 0x7C, 0x98, 0x23, 0x78, 0x7C, 0xBA, 0x2B, 0x78, 0x88, 0x7A, 0x00, 0x00,
  0x1C, 0x63, 0x00, 0x04, 0x38, 0x9A, 0x00, 0x02, 0x7F, 0x24, 0x1A, 0x14, 0x88, 0x7A, 0x00, 0x00, 0x38, 0x63, 0x00, 0x01, 0x2C, 0x03, 0x00, 0x07,
  0x41, 0x80, 0x00, 0x08, 0x38, 0x63, 0xFF, 0xF9, 0x98, 0x7A, 0x00, 0x00, 0x3D, 0x80, 0x80, 0x34, 0x61, 0x8C, 0x73, 0x64, 0x7D, 0x89, 0x03, 0xA6,
  0x4E, 0x80, 0x04, 0x21, 0x7C, 0x77, 0x1B, 0x78, 0x93, 0x19, 0x00, 0x00, 0x38, 0x60, 0x00, 0xB1, 0x98, 0x7B, 0x00, 0x00, 0x93, 0x1B, 0x00, 0x01,
  0x7F, 0x63, 0xDB, 0x78, 0x38, 0x80, 0x00, 0x21, 0x38, 0xA0, 0x00, 0x01, 0x3D, 0x80, 0x80, 0x00, 0x61, 0x8C, 0x55, 0xF0, 0x7D, 0x89, 0x03, 0xA6,
  0x4E, 0x80, 0x04, 0x21, 0x7E, 0xE3, 0xBB, 0x78, 0x3D, 0x80, 0x80, 0x34, 0x61, 0x8C, 0x73, 0x8C, 0x7D, 0x89, 0x03, 0xA6, 0x4E, 0x80, 0x04, 0x21,
  0xBA, 0x81, 0x00, 0xB0, 0x80, 0x01, 0x00, 0xE4, 0x38, 0x21, 0x00, 0xE0, 0x7C, 0x08, 0x03, 0xA6, 0x4E, 0x80, 0x00, 0x20, 0x00, 0x00, 0x00, 0x00,
  0xC2, 0x00, 0x56, 0x8C, 0x00, 0x00, 0x00, 0x02, 0x4E, 0x80, 0x00, 0x21, 0x00, 0x00, 0x00, 0x00, 0x60, 0x00, 0x00, 0x00, 0x00, 0x00, 0x00, 0x00,
  0xC2, 0x00, 0x56, 0xB4, 0x00, 0x00, 0x00, 0x63, 0x2C, 0x05, 0x00, 0x02, 0x41, 0x82, 0x02, 0x28, 0x7C, 0x08, 0x02, 0xA6, 0x90, 0x01, 0x00, 0x04,
  0x94, 0x21, 0xFE, 0xD8, 0xBD, 0xC1, 0x00, 0xB0, 0xDB, 0xE1, 0x00, 0xF8, 0xDB, 0xC1, 0x01, 0x00, 0xDB, 0xA1, 0x01, 0x08, 0xDB, 0x81, 0x01, 0x10,
  0xDB, 0x61, 0x01, 0x18, 0xDB, 0x41, 0x01, 0x20, 0x7C, 0x75, 0x1B, 0x78, 0x7C, 0x96, 0x23, 0x78, 0x7C, 0xB8, 0x2B, 0x78, 0x7C, 0xD9, 0x33, 0x78,
  0x90, 0xE1, 0x00, 0x08, 0x91, 0x01, 0x00, 0x0C, 0x91, 0x21, 0x00, 0x10, 0x91, 0x41, 0x00, 0x14, 0x91, 0x61, 0x00, 0x18, 0x91, 0x81, 0x00, 0x1C,
  0xFF, 0xE0, 0x08, 0x90, 0xFF, 0xC0, 0x10, 0x90, 0xFF, 0xA0, 0x18, 0x90, 0xFF, 0x60, 0x28, 0x90, 0xFF, 0x40, 0x30, 0x90, 0x2C, 0x18, 0x00, 0x01,
  0x41, 0x80, 0x00, 0xFC, 0x39, 0xE0, 0x00, 0x04, 0xFC, 0x20, 0xF0, 0x90, 0xFC, 0x40, 0xE8, 0x90, 0x2C, 0x0F, 0x00, 0x01, 0x41, 0x82, 0x00, 0x20,
  0x2C, 0x0F, 0x00, 0x02, 0x41, 0x82, 0x00, 0x20, 0x2C, 0x0F, 0x00, 0x03, 0x41, 0x82, 0x00, 0x20, 0x2C, 0x0F, 0x00, 0x04, 0x41, 0x82, 0x00, 0x20,
  0x48, 0x00, 0x00, 0x24, 0xEC, 0x21, 0xD0, 0x28, 0x48, 0x00, 0x00, 0x1C, 0xEC, 0x21, 0xD0, 0x2A, 0x48, 0x00, 0x00, 0x14, 0xEC, 0x42, 0xD0, 0x28,
  0x48, 0x00, 0x00, 0x0C, 0xEC, 0x42, 0xD0, 0x2A, 0x48, 0x00, 0x00, 0x04, 0x7E, 0xA3, 0xAB, 0x78, 0x80, 0x81, 0x00, 0x08, 0x3D, 0x80, 0x80, 0x3A,
  0x61, 0x8C, 0x6B, 0x98, 0x7D, 0x89, 0x03, 0xA6, 0x4E, 0x80, 0x04, 0x21, 0x7C, 0x77, 0x1B, 0x78, 0x7E, 0xA3, 0xAB, 0x78, 0x7E, 0xE4, 0xBB, 0x78,
  0xFC, 0x20, 0xF8, 0x90, 0xFC, 0x40, 0xF8, 0x90, 0x3D, 0x80, 0x80, 0x3A, 0x61, 0x8C, 0x75, 0x48, 0x7D, 0x89, 0x03, 0xA6, 0x4E, 0x80, 0x04, 0x21,
  0x7F, 0x25, 0xCB, 0x78, 0x2C, 0x0F, 0x00, 0x00, 0x40, 0x82, 0x00, 0x08, 0x7E, 0xC5, 0xB3, 0x78, 0x7E, 0xA3, 0xAB, 0x78, 0x7E, 0xE4, 0xBB, 0x78,
  0x3D, 0x80, 0x80, 0x3A, 0x61, 0x8C, 0x74, 0xF0, 0x7D, 0x89, 0x03, 0xA6, 0x4E, 0x80, 0x04, 0x21, 0x7E, 0xA3, 0xAB, 0x78, 0x7E, 0xE4, 0xBB, 0x78,
  0x80, 0xA1, 0x00, 0x08, 0x80, 0xC1, 0x00, 0x0C, 0x80, 0xE1, 0x00, 0x10, 0x81, 0x01, 0x00, 0x14, 0x81, 0x21, 0x00, 0x18, 0x81, 0x41, 0x00, 0x1C,
  0x3D, 0x80, 0x80, 0x3A, 0x61, 0x8C, 0x70, 0xA0, 0x7D, 0x89, 0x03, 0xA6, 0x4E, 0x80, 0x04, 0x21, 0x2C, 0x0F, 0x00, 0x00, 0x41, 0x82, 0x00, 0x0C,
  0x39, 0xEF, 0xFF, 0xFF, 0x4B, 0xFF, 0xFF, 0x14, 0x48, 0x00, 0x00, 0x94, 0x7E, 0xA3, 0xAB, 0x78, 0x80, 0x81, 0x00, 0x08, 0xFC, 0x20, 0xF0, 0x90,
  0xFC, 0x40, 0xE8, 0x90, 0x3D, 0x80, 0x80, 0x3A, 0x61, 0x8C, 0x6B, 0x98, 0x7D, 0x89, 0x03, 0xA6, 0x4E, 0x80, 0x04, 0x21, 0x7C, 0x77, 0x1B, 0x78,
  0x7E, 0xA3, 0xAB, 0x78, 0x7E, 0xE4, 0xBB, 0x78, 0xFC, 0x20, 0xF8, 0x90, 0xFC, 0x40, 0xF8, 0x90, 0x3D, 0x80, 0x80, 0x3A, 0x61, 0x8C, 0x75, 0x48,
  0x7D, 0x89, 0x03, 0xA6, 0x4E, 0x80, 0x04, 0x21, 0x7E, 0xA3, 0xAB, 0x78, 0x7E, 0xE4, 0xBB, 0x78, 0x7E, 0xC5, 0xB3, 0x78, 0x3D, 0x80, 0x80, 0x3A,
  0x61, 0x8C, 0x74, 0xF0, 0x7D, 0x89, 0x03, 0xA6, 0x4E, 0x80, 0x04, 0x21, 0x7E, 0xA3, 0xAB, 0x78, 0x7E, 0xE4, 0xBB, 0x78, 0x80, 0xA1, 0x00, 0x08,
  0x80, 0xC1, 0x00, 0x0C, 0x80, 0xE1, 0x00, 0x10, 0x81, 0x01, 0x00, 0x14, 0x81, 0x21, 0x00, 0x18, 0x81, 0x41, 0x00, 0x1C, 0x3D, 0x80, 0x80, 0x3A,
  0x61, 0x8C, 0x70, 0xA0, 0x7D, 0x89, 0x03, 0xA6, 0x4E, 0x80, 0x04, 0x21, 0x7E, 0xE3, 0xBB, 0x78, 0xB9, 0xC1, 0x00, 0xB0, 0xCB, 0xE1, 0x00, 0xF8,
  0xCB, 0xC1, 0x01, 0x00, 0xCB, 0xA1, 0x01, 0x08, 0xCB, 0x81, 0x01, 0x10, 0xCB, 0x61, 0x01, 0x18, 0xCB, 0x41, 0x01, 0x20, 0x80, 0x01, 0x01, 0x2C,
  0x38, 0x21, 0x01, 0x28, 0x7C, 0x08, 0x03, 0xA6, 0x4E, 0x80, 0x00, 0x20, 0x7C, 0x08, 0x02, 0xA6, 0x90, 0x01, 0x00, 0x04, 0x94, 0x21, 0xFF, 0x00,
  0xBE, 0x81, 0x00, 0xB0, 0xDB, 0xE1, 0x00, 0xE0, 0xDB, 0xC1, 0x00, 0xE8, 0xDB, 0xA1, 0x00, 0xF0, 0xDB, 0x81, 0x00, 0xF8, 0x7C, 0x7D, 0x1B, 0x78,
  0x7C, 0x9C, 0x23, 0x78, 0x7C, 0xDB, 0x33, 0x78, 0xFF, 0xC0, 0x08, 0x90, 0xFF, 0xA0, 0x10, 0x90, 0xFF, 0x80, 0x18, 0x90, 0xFF, 0xE0, 0x20, 0x90,
  0x48, 0x00, 0x00, 0x9D, 0x7F, 0x48, 0x02, 0xA6, 0x38, 0x60, 0x00, 0x00, 0x7F, 0x64, 0xDB, 0x78, 0xC0, 0x1A, 0x00, 0x00, 0xFC, 0x20, 0xF0, 0x90,
  0xFC, 0x40, 0xE8, 0x90, 0xFC, 0x60, 0xE0, 0x90, 0xC0, 0x9A, 0x00, 0x04, 0xC0, 0xBA, 0x00, 0x08, 0x3D, 0x80, 0x80, 0x3A, 0x61, 0x8C, 0x5A, 0xCC,
  0x7D, 0x89, 0x03, 0xA6, 0x4E, 0x80, 0x04, 0x21, 0x7C, 0x75, 0x1B, 0x78, 0x2C, 0x1C, 0x00, 0x00, 0x41, 0x82, 0x00, 0x10, 0x38, 0x60, 0x00, 0x01,
  0x98, 0x6D, 0xAF, 0xEC, 0x7F, 0x86, 0xE3, 0x78, 0x7E, 0xA3, 0xAB, 0x78, 0x7F, 0xA4, 0xEB, 0x78, 0xFC, 0x00, 0xF8, 0x90, 0xD0, 0x03, 0x00, 0x24,
  0xD0, 0x03, 0x00, 0x28, 0x3D, 0x80, 0x80, 0x3A, 0x61, 0x8C, 0x63, 0x68, 0x7D, 0x89, 0x03, 0xA6, 0x4E, 0x80, 0x04, 0x21, 0x7E, 0xA3, 0xAB, 0x78,
  0xBA, 0x81, 0x00, 0xB0, 0xCB, 0xE1, 0x00, 0xE0, 0xCB, 0xC1, 0x00, 0xE8, 0xCB, 0xA1, 0x00, 0xF0, 0xCB, 0x81, 0x00, 0xF8, 0x80, 0x01, 0x01, 0x04,
  0x38, 0x21, 0x01, 0x00, 0x7C, 0x08, 0x03, 0xA6, 0x4E, 0x80, 0x00, 0x20, 0x4E, 0x80, 0x00, 0x21, 0x41, 0x10, 0x00, 0x00, 0x44, 0x16, 0x00, 0x00,
  0x41, 0xA0, 0x00, 0x00, 0x00, 0x00, 0x00, 0x00, 0xC2, 0x00, 0x56, 0x18, 0x00, 0x00, 0x00, 0x95, 0x4E, 0x80, 0x00, 0x21, 0x48, 0x00, 0x00, 0x4C,
  0x48, 0x00, 0x01, 0xE0, 0x48, 0x00, 0x02, 0xF4, 0x48, 0x00, 0x03, 0x54, 0x48, 0x00, 0x03, 0xCC, 0x48, 0x00, 0x04, 0x28, 0x4E, 0x80, 0x00, 0x21,
  0x00, 0x00, 0x00, 0x00, 0x41, 0xA0, 0x00, 0x00, 0x41, 0xC8, 0x00, 0x00, 0x8E, 0x91, 0x96, 0xFF, 0xFF, 0xFF, 0xFF, 0xFF, 0x3E, 0xCC, 0xCC, 0xCD,
  0x3F, 0x00, 0x00, 0x00, 0x00, 0x55, 0x73, 0x65, 0x72, 0x00, 0x43, 0x6F, 0x6E, 0x6E, 0x65, 0x63, 0x74, 0x20, 0x43, 0x6F, 0x64, 0x65, 0x00, 0x00,
  0x7C, 0x08, 0x02, 0xA6, 0x90, 0x01, 0x00, 0x04, 0x94, 0x21, 0xFF, 0x20, 0xBE, 0x81, 0x00, 0xB0, 0x7C, 0x79, 0x1B, 0x78, 0x7C, 0x9B, 0x23, 0x78,
  0x2C, 0x05, 0x00, 0x00, 0x41, 0x82, 0x00, 0x08, 0x48, 0x00, 0x03, 0xD1, 0x4B, 0xFF, 0xFF, 0xA9, 0x7F, 0xE8, 0x02, 0xA6, 0x83, 0xDF, 0x00, 0x00,
  0x83, 0xBE, 0x00, 0x00, 0xC0, 0x39, 0x00, 0x00, 0xD0, 0x3E, 0x00, 0x0A, 0xC0, 0x59, 0x00, 0x04, 0xD0, 0x5E, 0x00, 0x0E, 0x9B, 0x7E, 0x00, 0x09,
  0x38, 0x60, 0x00, 0x00, 0x38, 0x80, 0x00, 0x00, 0x3D, 0x80, 0x80, 0x3A, 0x61, 0x8C, 0x67, 0x54, 0x7D, 0x89, 0x03, 0xA6, 0x4E, 0x80, 0x04, 0x21,
  0x7C, 0x7C, 0x1B, 0x78, 0x93, 0x9E, 0x00, 0x05, 0x38, 0x80, 0x00, 0x01, 0x98, 0x9C, 0x00, 0x49, 0x38, 0x80, 0x00, 0x00, 0x98, 0x9C, 0x00, 0x4A,
  0xC0, 0x39, 0x00, 0x08, 0xD0, 0x3C, 0x00, 0x08, 0xC0, 0x39, 0x00, 0x0C, 0xD0, 0x3C, 0x00, 0x24, 0xD0, 0x3C, 0x00, 0x28, 0x38, 0x60, 0x00, 0x01,
  0x48, 0x00, 0x00, 0x59, 0xC0, 0x3F, 0x00, 0x04, 0x48, 0x00, 0x00, 0xF1, 0x38, 0x60, 0x00, 0x00, 0x48, 0x00, 0x00, 0x49, 0xC0, 0x3F, 0x00, 0x08,
  0x48, 0x00, 0x00, 0xE1, 0x38, 0x60, 0x00, 0x01, 0x48, 0x00, 0x00, 0x39, 0xC0, 0x3F, 0x00, 0x04, 0x48, 0x00, 0x00, 0xD1, 0x38, 0x60, 0x00, 0x00,
  0x48, 0x00, 0x00, 0x29, 0x48, 0x00, 0x00, 0xD5, 0x88, 0x6D, 0xAF, 0xA1, 0x98, 0x7E, 0x00, 0x04, 0x7F, 0xA3, 0xEB, 0x78, 0xBA, 0x81, 0x00, 0xB0,
  0x80, 0x01, 0x00, 0xE4, 0x38, 0x21, 0x00, 0xE0, 0x7C, 0x08, 0x03, 0xA6, 0x4E, 0x80, 0x00, 0x20, 0x7C, 0x08, 0x02, 0xA6, 0x90, 0x01, 0x00, 0x04,
  0x94, 0x21, 0xFF, 0x20, 0xBE, 0x81, 0x00, 0xB0, 0x7C, 0x7A, 0x1B, 0x78, 0xC0, 0x3E, 0x00, 0x0A, 0xC0, 0x5E, 0x00, 0x0E, 0x7F, 0x83, 0xE3, 0x78,
  0x38, 0x9F, 0x00, 0x1C, 0x3D, 0x80, 0x80, 0x3A, 0x61, 0x8C, 0x6B, 0x98, 0x7D, 0x89, 0x03, 0xA6, 0x4E, 0x80, 0x04, 0x21, 0x7C, 0x78, 0x1B, 0x78,
  0xC0, 0x3F, 0x00, 0x18, 0x2C, 0x1A, 0x00, 0x00, 0x41, 0x82, 0x00, 0x08, 0xC0, 0x3F, 0x00, 0x14, 0xFC, 0x40, 0x08, 0x90, 0x7F, 0x83, 0xE3, 0x78,
  0x7F, 0x04, 0xC3, 0x78, 0x3D, 0x80, 0x80, 0x3A, 0x61, 0x8C, 0x75, 0x48, 0x7D, 0x89, 0x03, 0xA6, 0x4E, 0x80, 0x04, 0x21, 0x38, 0xBF, 0x00, 0x10,
  0x2C, 0x1A, 0x00, 0x00, 0x41, 0x82, 0x00, 0x08, 0x38, 0xBF, 0x00, 0x0C, 0x7F, 0x83, 0xE3, 0x78, 0x7F, 0x04, 0xC3, 0x78, 0x3D, 0x80, 0x80, 0x3A,
  0x61, 0x8C, 0x74, 0xF0, 0x7D, 0x89, 0x03, 0xA6, 0x4E, 0x80, 0x04, 0x21, 0xBA, 0x81, 0x00, 0xB0, 0x80, 0x01, 0x00, 0xE4, 0x38, 0x21, 0x00, 0xE0,
  0x7C, 0x08, 0x03, 0xA6, 0x4E, 0x80, 0x00, 0x20, 0xC0, 0x5E, 0x00, 0x0E, 0xEC, 0x42, 0x08, 0x2A, 0xD0, 0x5E, 0x00, 0x0E, 0x4E, 0x80, 0x00, 0x20,
  0x7C, 0x08, 0x02, 0xA6, 0x90, 0x01, 0x00, 0x04, 0x94, 0x21, 0xFF, 0x20, 0xBE, 0x81, 0x00, 0xB0, 0x4B, 0xFF, 0xFE, 0x25, 0x7F, 0xE8, 0x02, 0xA6,
  0x83, 0xDF, 0x00, 0x00, 0x83, 0xBE, 0x00, 0x00, 0x83, 0x9E, 0x00, 0x05, 0x48, 0x00, 0x01, 0x59, 0x3B, 0x60, 0x00, 0x00, 0x7F, 0x83, 0xE3, 0x78,
  0x7F, 0x64, 0xDB, 0x78, 0x38, 0xBF, 0x00, 0x1C, 0x3D, 0x80, 0x80, 0x3A, 0x61, 0x8C, 0x70, 0xA0, 0x7D, 0x89, 0x03, 0xA6, 0x4E, 0x80, 0x04, 0x21,
  0x3B, 0x7B, 0x00, 0x01, 0x2C, 0x1B, 0x00, 0x04, 0x41, 0x80, 0xFF, 0xDC, 0x88, 0x7D, 0x00, 0x00, 0x2C, 0x03, 0x00, 0x01, 0x40, 0x82, 0x00, 0xA8,
  0x3C, 0x60, 0x80, 0x47, 0x60, 0x63, 0x9D, 0x30, 0x88, 0x63, 0x00, 0x00, 0x2C, 0x03, 0x00, 0x01, 0x40, 0x82, 0x00, 0x18, 0x3C, 0x60, 0x80, 0x4A,
  0x60, 0x63, 0x04, 0xF0, 0x88, 0x63, 0x00, 0x00, 0x2C, 0x03, 0x00, 0x08, 0x40, 0x82, 0x00, 0x80, 0x7F, 0x83, 0xE3, 0x78, 0x38, 0x80, 0x00, 0x00,
  0x38, 0xBF, 0x00, 0x1D, 0x3D, 0x80, 0x80, 0x3A, 0x61, 0x8C, 0x70, 0xA0, 0x7D, 0x89, 0x03, 0xA6, 0x4E, 0x80, 0x04, 0x21, 0x7F, 0x83, 0xE3, 0x78,
  0x38, 0x80, 0x00, 0x01, 0x38, 0xBD, 0x00, 0x01, 0x3D, 0x80, 0x80, 0x3A, 0x61, 0x8C, 0x70, 0xA0, 0x7D, 0x89, 0x03, 0xA6, 0x4E, 0x80, 0x04, 0x21,
  0x88, 0x7E, 0x00, 0x09, 0x2C, 0x03, 0x00, 0x02, 0x40, 0x82, 0x00, 0x3C, 0x7F, 0x83, 0xE3, 0x78, 0x38, 0x80, 0x00, 0x02, 0x38, 0xBF, 0x00, 0x22,
  0x3D, 0x80, 0x80, 0x3A, 0x61, 0x8C, 0x70, 0xA0, 0x7D, 0x89, 0x03, 0xA6, 0x4E, 0x80, 0x04, 0x21, 0x7F, 0x83, 0xE3, 0x78, 0x38, 0x80, 0x00, 0x03,
  0x38, 0xBD, 0x00, 0x20, 0x3D, 0x80, 0x80, 0x3A, 0x61, 0x8C, 0x70, 0xA0, 0x7D, 0x89, 0x03, 0xA6, 0x4E, 0x80, 0x04, 0x21, 0xBA, 0x81, 0x00, 0xB0,
  0x80, 0x01, 0x00, 0xE4, 0x38, 0x21, 0x00, 0xE0, 0x7C, 0x08, 0x03, 0xA6, 0x4E, 0x80, 0x00, 0x20, 0x7C, 0x08, 0x02, 0xA6, 0x90, 0x01, 0x00, 0x04,
  0x94, 0x21, 0xFF, 0x20, 0xBE, 0x81, 0x00, 0xB0, 0x4B, 0xFF, 0xFD, 0x0D, 0x7F, 0xE8, 0x02, 0xA6, 0x83, 0xDF, 0x00, 0x00, 0x88, 0x9E, 0x00, 0x04,
  0x88, 0x6D, 0xAF, 0xA1, 0x7C, 0x04, 0x18, 0x00, 0x98, 0x7E, 0x00, 0x04, 0x41, 0x82, 0x00, 0x24, 0x38, 0x60, 0x00, 0x01, 0x3D, 0x80, 0x80, 0x02,
  0x61, 0x8C, 0x40, 0x30, 0x7D, 0x89, 0x03, 0xA6, 0x4E, 0x80, 0x04, 0x21, 0x80, 0x6D, 0xB6, 0x14, 0x7C, 0x69, 0x03, 0xA6, 0x4E, 0x80, 0x04, 0x21,
  0xBA, 0x81, 0x00, 0xB0, 0x80, 0x01, 0x00, 0xE4, 0x38, 0x21, 0x00, 0xE0, 0x7C, 0x08, 0x03, 0xA6, 0x4E, 0x80, 0x00, 0x20, 0x7C, 0x08, 0x02, 0xA6,
  0x90, 0x01, 0x00, 0x04, 0x94, 0x21, 0xFF, 0x20, 0xBE, 0x81, 0x00, 0xB0, 0x4B, 0xFF, 0xFC, 0xA9, 0x7F, 0xE8, 0x02, 0xA6, 0x83, 0xDF, 0x00, 0x00,
  0x83, 0xBE, 0x00, 0x00, 0x38, 0x60, 0x00, 0xB9, 0x98, 0x7D, 0x00, 0x00, 0x7F, 0xA3, 0xEB, 0x78, 0x38, 0x80, 0x00, 0x01, 0x38, 0xA0, 0x00, 0x01,
  0x3D, 0x80, 0x80, 0x00, 0x61, 0x8C, 0x55, 0xF0, 0x7D, 0x89, 0x03, 0xA6, 0x4E, 0x80, 0x04, 0x21, 0x7F, 0xA3, 0xEB, 0x78, 0x38, 0x80, 0x00, 0x2A,
  0x38, 0xA0, 0x00, 0x00, 0x3D, 0x80, 0x80, 0x00, 0x61, 0x8C, 0x55, 0xF0, 0x7D, 0x89, 0x03, 0xA6, 0x4E, 0x80, 0x04, 0x21, 0x88, 0x9D, 0x00, 0x00,
  0x98, 0x8D, 0xAF, 0xA1, 0xBA, 0x81, 0x00, 0xB0, 0x80, 0x01, 0x00, 0xE4, 0x38, 0x21, 0x00, 0xE0, 0x7C, 0x08, 0x03, 0xA6, 0x4E, 0x80, 0x00, 0x20,
  0x7C, 0x08, 0x02, 0xA6, 0x90, 0x01, 0x00, 0x04, 0x94, 0x21, 0xFF, 0x20, 0xBE, 0x81, 0x00, 0xB0, 0x3C, 0xA0, 0x80, 0x3E, 0x60, 0xA5, 0xAE, 0x68,
  0x88, 0xA5, 0x08, 0xF4, 0x38, 0x80, 0x00, 0x01, 0x38, 0x60, 0x00, 0x08, 0x3D, 0x80, 0x80, 0x22, 0x61, 0x8C, 0x99, 0x38, 0x7D, 0x89, 0x03, 0xA6,
  0x4E, 0x80, 0x04, 0x21, 0x2C, 0x03, 0x00, 0x01, 0x41, 0x82, 0x00, 0x10, 0x38, 0x84, 0x00, 0x01, 0x7C, 0x04, 0x28, 0x00, 0x41, 0x80, 0xFF, 0xDC,
  0x7C, 0x83, 0x23, 0x78, 0xBA, 0x81, 0x00, 0xB0, 0x80, 0x01, 0x00, 0xE4, 0x38, 0x21, 0x00, 0xE0, 0x7C, 0x08, 0x03, 0xA6, 0x4E, 0x80, 0x00, 0x20,
  0x7C, 0x08, 0x02, 0xA6, 0x90, 0x01, 0x00, 0x04, 0x94, 0x21, 0xFF, 0x20, 0xBE, 0x81, 0x00, 0xB0, 0x4B, 0xFF, 0xFB, 0xCD, 0x7F, 0xE8, 0x02, 0xA6,
  0x38, 0x60, 0x00, 0x12, 0x3D, 0x80, 0x80, 0x37, 0x61, 0x8C, 0xF1, 0xE4, 0x7D, 0x89, 0x03, 0xA6, 0x4E, 0x80, 0x04, 0x21, 0x7C, 0x7E, 0x1B, 0x78,
  0x90, 0x7F, 0x00, 0x00, 0x38, 0x60, 0x00, 0x2A, 0x3D, 0x80, 0x80, 0x37, 0x61, 0x8C, 0xF1, 0xE4, 0x7D, 0x89, 0x03, 0xA6, 0x4E, 0x80, 0x04, 0x21,
  0x90, 0x7E, 0x00, 0x00, 0xBA, 0x81, 0x00, 0xB0, 0x80, 0x01, 0x00, 0xE4, 0x38, 0x21, 0x00, 0xE0, 0x7C, 0x08, 0x03, 0xA6, 0x4E, 0x80, 0x00, 0x20,
  0x60, 0x00, 0x00, 0x00, 0x00, 0x00, 0x00, 0x00, 0x04, 0x37, 0x75, 0xB0, 0x7C, 0x60, 0x07, 0x75, 0x04, 0x1A, 0x4C, 0x24, 0xC0, 0x42, 0x9A, 0x7C,
  0x04, 0x01, 0x98, 0x5C, 0x3C, 0x60, 0x80, 0x4C, 0x04, 0x01, 0x98, 0x60, 0x91, 0x23, 0x1F, 0x5C, 0xC2, 0x37, 0x62, 0x00, 0x00, 0x00, 0x00, 0x03,
  0x2C, 0x1D, 0xFF, 0xFF, 0x41, 0x82, 0x00, 0x08, 0x48, 0x00, 0x00, 0x08, 0x93, 0xA2, 0xC1, 0x50, 0x60, 0x00, 0x00, 0x00, 0x00, 0x00, 0x00, 0x00,
  0xC2, 0x1A, 0x50, 0x18, 0x00, 0x00, 0x00, 0x05, 0x3B, 0x5A, 0x00, 0x01, 0x80, 0x02, 0xC1, 0x50, 0x2C, 0x00, 0xFF, 0xFF, 0x38, 0x00, 0x00, 0x00,
  0x90, 0x02, 0xC1, 0x50, 0x3D, 0x80, 0x80, 0x1A, 0x61, 0x8C, 0x50, 0x78, 0x7D, 0x89, 0x03, 0xA6, 0x4D, 0x82, 0x04, 0x20, 0x00, 0x00, 0x00, 0x00,
  0x04, 0x21, 0x8D, 0x68, 0xC8, 0x22, 0x80, 0x00, 0xC2, 0x09, 0xE0, 0x90, 0x00, 0x00, 0x00, 0x11, 0x80, 0x7E, 0x00, 0x00, 0x80, 0x63, 0x00, 0x28,
  0x48, 0x00, 0x00, 0x09, 0x48, 0x00, 0x00, 0x74, 0x7C, 0x08, 0x02, 0xA6, 0x90, 0x01, 0x00, 0x04, 0x94, 0x21, 0xFF, 0xE8, 0x93, 0xE1, 0x00, 0x14,
  0x7C, 0x7F, 0x1B, 0x78, 0x80, 0x7F, 0x00, 0x14, 0x54, 0x60, 0x02, 0x11, 0x40, 0x82, 0x00, 0x20, 0x54, 0x60, 0x06, 0x73, 0x41, 0x82, 0x00, 0x18,
  0x7F, 0xE3, 0xFB, 0x78, 0x3D, 0x80, 0x80, 0x37, 0x61, 0x8C, 0x30, 0x78, 0x7D, 0x89, 0x03, 0xA6, 0x4E, 0x80, 0x04, 0x21, 0x80, 0x7F, 0x00, 0x10,
  0x2C, 0x03, 0x00, 0x00, 0x41, 0x82, 0x00, 0x08, 0x4B, 0xFF, 0xFF, 0xB9, 0x80, 0x7F, 0x00, 0x08, 0x2C, 0x03, 0x00, 0x00, 0x41, 0x82, 0x00, 0x08,
  0x4B, 0xFF, 0xFF, 0xA9, 0x83, 0xE1, 0x00, 0x14, 0x80, 0x01, 0x00, 0x1C, 0x38, 0x21, 0x00, 0x18, 0x7C, 0x08, 0x03, 0xA6, 0x4E, 0x80, 0x00, 0x20,
  0xBB, 0x01, 0x00, 0x28, 0x00, 0x00, 0x00, 0x00, 0xC2, 0x00, 0x56, 0x9C, 0x00, 0x00, 0x00, 0x02, 0x38, 0x60, 0x00, 0x21, 0x4E, 0x80, 0x00, 0x20,
  0x60, 0x00, 0x00, 0x00, 0x00, 0x00, 0x00, 0x00, 0xC2, 0x00, 0x56, 0xA0, 0x00, 0x00, 0x00, 0x07, 0x2C, 0x03, 0x00, 0x01, 0x41, 0x82, 0x00, 0x18,
  0x3C, 0x60, 0x80, 0x3B, 0x60, 0x63, 0xB3, 0xC0, 0x1C, 0x84, 0x00, 0x10, 0x7C, 0x63, 0x20, 0xAE, 0x48, 0x00, 0x00, 0x18, 0x3C, 0x60, 0x80, 0x3B,
  0x60, 0x63, 0xB6, 0xB0, 0x1C, 0x84, 0x00, 0x03, 0x7C, 0x63, 0x20, 0xAE, 0x48, 0x00, 0x00, 0x04, 0x4E, 0x80, 0x00, 0x20, 0x00, 0x00, 0x00, 0x00,
  0xC2, 0x00, 0x56, 0xA8, 0x00, 0x00, 0x00, 0x05, 0x2C, 0x03, 0x00, 0x37, 0x41, 0x82, 0x00, 0x18, 0x3D, 0x80, 0x80, 0x43, 0x61, 0x8C, 0x37, 0xC4,
  0x38, 0x80, 0x00, 0x01, 0x1C, 0x63, 0x00, 0x04, 0x7C, 0x83, 0x61, 0x2E, 0x4E, 0x80, 0x00, 0x20, 0x60, 0x00, 0x00, 0x00, 0x00, 0x00, 0x00, 0x00,
  0xC2, 0x37, 0x53, 0xB4, 0x00, 0x00, 0x00, 0x5C, 0x7C, 0x08, 0x02, 0xA6, 0x90, 0x01, 0x00, 0x04, 0x94, 0x21, 0xFF, 0x00, 0xBE, 0x81, 0x00, 0x08,
  0x48, 0x00, 0x02, 0x81, 0x7C, 0x68, 0x02, 0xA6, 0x3D, 0x80, 0x80, 0x01, 0x61, 0x8C, 0x63, 0xD8, 0x7D, 0x89, 0x03, 0xA6, 0x4E, 0x80, 0x04, 0x21,
  0x3B, 0x83, 0x00, 0x00, 0x3B, 0x9C, 0x00, 0x1F, 0x57, 0x9C, 0x00, 0x34, 0x7C, 0x9F, 0xE2, 0x14, 0x38, 0x84, 0x00, 0xA0, 0x7F, 0xE3, 0xFB, 0x78,
  0x7C, 0x9F, 0x23, 0x78, 0x3D, 0x80, 0x80, 0x34, 0x61, 0x8C, 0x40, 0xE8, 0x7D, 0x89, 0x03, 0xA6, 0x4E, 0x80, 0x04, 0x21, 0x7C, 0x7A, 0x1B, 0x78,
  0x38, 0x80, 0x00, 0x44, 0x3D, 0x80, 0x80, 0x34, 0x61, 0x8C, 0x3E, 0xF0, 0x7D, 0x89, 0x03, 0xA6, 0x4E, 0x80, 0x04, 0x21, 0x7C, 0x79, 0x1B, 0x78,
  0x7F, 0x43, 0xD3, 0x78, 0x7F, 0x84, 0xE3, 0x78, 0x3D, 0x80, 0x80, 0x34, 0x61, 0x8C, 0x3E, 0xF0, 0x7D, 0x89, 0x03, 0xA6, 0x4E, 0x80, 0x04, 0x21,
  0x7C, 0x7B, 0x1B, 0x78, 0x48, 0x00, 0x02, 0x05, 0x7C, 0x68, 0x02, 0xA6, 0x7F, 0x64, 0xDB, 0x78, 0x38, 0xA1, 0x00, 0x80, 0x3D, 0x80, 0x80, 0x01,
  0x61, 0x8C, 0x66, 0x8C, 0x7D, 0x89, 0x03, 0xA6, 0x4E, 0x80, 0x04, 0x21, 0x80, 0xA1, 0x00, 0x80, 0x7F, 0x23, 0xCB, 0x78, 0x7F, 0x64, 0xDB, 0x78,
  0x3D, 0x80, 0x80, 0x01, 0x61, 0x8C, 0x6A, 0x54, 0x7D, 0x89, 0x03, 0xA6, 0x4E, 0x80, 0x04, 0x21, 0x7F, 0x23, 0xCB, 0x78, 0x48, 0x00, 0x01, 0xD5,
  0x7C, 0x88, 0x02, 0xA6, 0x3D, 0x80, 0x80, 0x38, 0x61, 0x8C, 0x03, 0x58, 0x7D, 0x89, 0x03, 0xA6, 0x4E, 0x80, 0x04, 0x21, 0x7C, 0x78, 0x1B, 0x78,
  0x80, 0x78, 0x00, 0x00, 0x90, 0x62, 0x00, 0xD4, 0x80, 0x78, 0x00, 0x04, 0x90, 0x62, 0x00, 0xD8, 0x38, 0x60, 0x00, 0x2D, 0x90, 0x62, 0x01, 0x64,
  0x90, 0x62, 0x01, 0x68, 0x7F, 0x63, 0xDB, 0x78, 0x7F, 0x84, 0xE3, 0x78, 0x3D, 0x80, 0x80, 0x32, 0x61, 0x8C, 0x8F, 0x50, 0x7D, 0x89, 0x03, 0xA6,
  0x4E, 0x80, 0x04, 0x21, 0x48, 0x00, 0x00, 0x1D, 0x7C, 0x68, 0x02, 0xA6, 0x90, 0x62, 0x01, 0x84, 0x48, 0x00, 0x00, 0xE9, 0x7C, 0x68, 0x02, 0xA6,
  0x90, 0x62, 0x00, 0xF8, 0x48, 0x00, 0x01, 0x84, 0x4E, 0x80, 0x00, 0x21, 0x00, 0x00, 0x00, 0x00, 0x00, 0x00, 0x00, 0x00, 0x00, 0x00, 0x00, 0x00,
  0x00, 0x00, 0x00, 0x00, 0xFF, 0xFF, 0xFF, 0xFF, 0xFF, 0xFF, 0xFF, 0xFF, 0x00, 0x00, 0x00, 0x00, 0x00, 0x00, 0x00, 0x00, 0x00, 0x00, 0x00, 0x01,
  0x00, 0x00, 0x00, 0x01, 0x00, 0x00, 0x00, 0x01, 0xFF, 0xFF, 0xFF, 0xFF, 0xFF, 0xFF, 0xFF, 0xFF, 0x00, 0x00, 0x00, 0x00, 0x00, 0x00, 0x00, 0x00,
  0x00, 0x00, 0x00, 0x01, 0x00, 0x00, 0x00, 0x01, 0x00, 0x00, 0x00, 0x01, 0xFF, 0xFF, 0xFF, 0xFF, 0xFF, 0xFF, 0xFF, 0xFF, 0x00, 0x00, 0x00, 0x00,
  0x00, 0x00, 0x00, 0x00, 0x00, 0x00, 0x00, 0x01, 0x00, 0x00, 0x00, 0x01, 0x00, 0x00, 0x00, 0x01, 0xFF, 0xFF, 0xFF, 0xFF, 0xFF, 0xFF, 0xFF, 0xFF,
  0x00, 0x00, 0x00, 0x00, 0x00, 0x00, 0x00, 0x00, 0x00, 0x00, 0x00, 0x01, 0x00, 0x00, 0x00, 0x01, 0x00, 0x00, 0x00, 0x01, 0xFF, 0xFF, 0xFF, 0xFF,
  0xFF, 0xFF, 0xFF, 0xFF, 0x00, 0x00, 0x00, 0x00, 0x00, 0x00, 0x00, 0x00, 0x00, 0x00, 0x00, 0x01, 0x00, 0x00, 0x00, 0x01, 0x00, 0x00, 0x00, 0x01,
  0xFF, 0xFF, 0xFF, 0xFF, 0xFF, 0xFF, 0xFF, 0xFF, 0x00, 0x00, 0x00, 0x00, 0x00, 0x00, 0x00, 0x00, 0x00, 0x00, 0x00, 0x01, 0x00, 0x00, 0x00, 0x01,
  0x00, 0x00, 0x00, 0x01, 0xFF, 0xFF, 0xFF, 0xFF, 0xFF, 0xFF, 0xFF, 0xFF, 0x00, 0x00, 0x00, 0x00, 0x00, 0x00, 0x00, 0x00, 0x00, 0x00, 0x00, 0x01,
  0x00, 0x00, 0x00, 0x01, 0x00, 0x00, 0x00, 0x01, 0x4E, 0x80, 0x00, 0x21, 0x00, 0x00, 0x00, 0x00, 0x00, 0x00, 0x00, 0x00, 0x00, 0x00, 0x00, 0x00,
  0x00, 0x00, 0x00, 0x00, 0x00, 0x00, 0x00, 0x00, 0x00, 0x00, 0x00, 0x00, 0x00, 0x00, 0x00, 0x00, 0x00, 0x00, 0x00, 0x00, 0x00, 0x00, 0x00, 0x00,
  0x00, 0x00, 0x00, 0x00, 0x00, 0x00, 0x00, 0x00, 0x00, 0x00, 0x00, 0x00, 0x00, 0x00, 0x00, 0x00, 0x00, 0x00, 0x00, 0x00, 0x00, 0x00, 0x00, 0x00,
  0x00, 0x00, 0x00, 0x00, 0x00, 0x00, 0x00, 0x00, 0x00, 0x00, 0x00, 0x00, 0x00, 0x00, 0x00, 0x00, 0x00, 0x00, 0x00, 0x00, 0x00, 0x00, 0x00, 0x00,
  0x00, 0x00, 0x00, 0x00, 0x00, 0x00, 0x00, 0x00, 0x00, 0x00, 0x00, 0x00, 0x00, 0x00, 0x00, 0x00, 0x00, 0x00, 0x00, 0x00, 0x00, 0x00, 0x00, 0x00,
  0x00, 0x00, 0x00, 0x00, 0x00, 0x00, 0x00, 0x00, 0x00, 0x00, 0x00, 0x00, 0x00, 0x00, 0x00, 0x00, 0x4E, 0x80, 0x00, 0x21, 0x4D, 0x78, 0x53, 0x63,
  0x6E, 0x2E, 0x64, 0x61, 0x74, 0x00, 0x00, 0x00, 0x4E, 0x80, 0x00, 0x21, 0x4D, 0x78, 0x53, 0x63, 0x65, 0x6E, 0x65, 0x00, 0x4E, 0x80, 0x00, 0x21,
  0x6D, 0x2D, 0x65, 0x78, 0x00, 0x00, 0x00, 0x00, 0x7F, 0xE3, 0xFB, 0x78, 0xBA, 0x81, 0x00, 0x08, 0x80, 0x01, 0x01, 0x04, 0x38, 0x21, 0x01, 0x00,
  0x7C, 0x08, 0x03, 0xA6, 0x7C, 0x7F, 0x1B, 0x78, 0x93, 0xED, 0xC0, 0x18, 0x7F, 0xE3, 0xFB, 0x78, 0x7F, 0xA4, 0xEB, 0x78, 0x00, 0x00, 0x00, 0x00,
  0xC2, 0x01, 0x86, 0xA8, 0x00, 0x00, 0x00, 0x0C, 0x90, 0x01, 0x00, 0x54, 0x38, 0x61, 0x00, 0x28, 0x48, 0x00, 0x00, 0x21, 0x7C, 0x88, 0x02, 0xA6,
  0x38, 0xA0, 0x00, 0x30, 0x3D, 0x80, 0x80, 0x00, 0x61, 0x8C, 0x31, 0xF4, 0x7D, 0x89, 0x03, 0xA6, 0x4E, 0x80, 0x04, 0x21, 0x48, 0x00, 0x00, 0x38,
  0x4E, 0x80, 0x00, 0x21, 0x02, 0x00, 0x00, 0x00, 0x80, 0x4D, 0x37, 0xEC, 0x00, 0x00, 0x00, 0x00, 0x03, 0x00, 0x00, 0x00, 0x80, 0x3B, 0xA6, 0xC8,
  0x00, 0x00, 0x00, 0x1F, 0x03, 0x00, 0x00, 0x00, 0x80, 0x3B, 0xA6, 0xD8, 0x00, 0x00, 0x00, 0x00, 0x02, 0x00, 0x00, 0x00, 0x80, 0x4D, 0x37, 0xE4,
  0x00, 0x00, 0x00, 0x00, 0x00, 0x00, 0x00, 0x00, 0x04, 0x01, 0x5D, 0x9C, 0x80, 0x02, 0x01, 0x84, 0x04, 0x01, 0x5C, 0x00, 0x80, 0x02, 0x01, 0x84,
  0x04, 0x01, 0x5B, 0xC0, 0x80, 0x62, 0x01, 0x84, 0xC2, 0x01, 0x8D, 0x80, 0x00, 0x00, 0x00, 0x07, 0x80, 0x1E, 0x00, 0x00, 0x2C, 0x00, 0x00, 0x02,
  0x41, 0x82, 0x00, 0x10, 0x2C, 0x00, 0x00, 0x03, 0x41, 0x82, 0x00, 0x08, 0x48, 0x00, 0x00, 0x1C, 0x38, 0x60, 0x00, 0x06, 0x38, 0x80, 0x00, 0x00,
  0x3D, 0x80, 0x80, 0x01, 0x61, 0x8C, 0x58, 0xD0, 0x7D, 0x89, 0x03, 0xA6, 0x4E, 0x80, 0x04, 0x21, 0x80, 0x1E, 0x00, 0x00, 0x00, 0x00, 0x00, 0x00,
  0x04, 0x01, 0x58, 0xF0, 0x80, 0x62, 0x01, 0x84, 0x04, 0x01, 0x61, 0x38, 0x2C, 0x00, 0x00, 0x07, 0x04, 0x01, 0x5F, 0x50, 0x83, 0xE2, 0x01, 0x84,
  0xC2, 0x01, 0x5F, 0x88, 0x00, 0x00, 0x00, 0x15, 0x48, 0x00, 0x00, 0x39, 0x7C, 0x68, 0x02, 0xA6, 0x3D, 0x80, 0x80, 0x01, 0x61, 0x8C, 0x63, 0xD8,
  0x7D, 0x89, 0x03, 0xA6, 0x4E, 0x80, 0x04, 0x21, 0x3C, 0x80, 0x00, 0x41, 0x60, 0x84, 0xC6, 0x44, 0x7C, 0x63, 0x22, 0x14, 0x48, 0x00, 0x00, 0x25,
  0x7C, 0x88, 0x02, 0xA6, 0x90, 0x64, 0x00, 0x1C, 0x7C, 0x80, 0x23, 0x78, 0x48, 0x00, 0x00, 0x6C, 0x4E, 0x80, 0x00, 0x21, 0x49, 0x66, 0x41, 0x6C,
  0x6C, 0x2E, 0x75, 0x73, 0x64, 0x00, 0x00, 0x00, 0x4E, 0x80, 0x00, 0x21, 0x00, 0x00, 0x00, 0x02, 0x00, 0x00, 0x00, 0x01, 0x00, 0x00, 0x00, 0x06,
  0x00, 0x00, 0x08, 0x00, 0x00, 0x00, 0x00, 0x03, 0x00, 0x00, 0x00, 0x01, 0x00, 0x00, 0x00, 0x02, 0x00, 0x4F, 0xA6, 0x90, 0x00, 0x00, 0x00, 0x04,
  0x00, 0x00, 0x00, 0x02, 0x00, 0x00, 0x00, 0x06, 0x00, 0x64, 0xB4, 0x00, 0x00, 0x00, 0x00, 0x05, 0x00, 0x00, 0x00, 0x04, 0x00, 0x00, 0x00, 0x06,
  0x00, 0x96, 0xC8, 0x00, 0x00, 0x00, 0x00, 0x06, 0x00, 0x00, 0x00, 0x01, 0x00, 0x00, 0x00, 0x03, 0x00, 0x00, 0x00, 0x20, 0x00, 0x00, 0x00, 0x07,
  0x60, 0x00, 0x00, 0x00, 0x00, 0x00, 0x00, 0x00, 0x04, 0x01, 0x58, 0xD8, 0x80, 0x62, 0x01, 0x84, 0x04, 0x01, 0x5E, 0x18, 0x83, 0xC2, 0x01, 0x84,
  0x04, 0x01, 0x5C, 0xD4, 0x80, 0x02, 0x01, 0x84, 0xC2, 0x01, 0x59, 0xB4, 0x00, 0x00, 0x00, 0x18, 0x39, 0x80, 0x00, 0x00, 0x1C, 0x6C, 0x00, 0x1C,
  0x38, 0x9F, 0x00, 0x48, 0x7D, 0x63, 0x22, 0x14, 0x80, 0x6B, 0x00, 0x14, 0x2C, 0x03, 0x00, 0x00, 0x40, 0x82, 0x00, 0x84, 0x80, 0x6B, 0x00, 0x10,
  0x2C, 0x03, 0x00, 0x00, 0x41, 0x82, 0x00, 0x78, 0x2C, 0x03, 0x00, 0x01, 0x41, 0x82, 0x00, 0x24, 0x2C, 0x03, 0x00, 0x02, 0x41, 0x82, 0x00, 0x38,
  0x2C, 0x03, 0x00, 0x03, 0x41, 0x82, 0x00, 0x60, 0x2C, 0x03, 0x00, 0x04, 0x41, 0x82, 0x00, 0x3C, 0x2C, 0x03, 0x00, 0x05, 0x41, 0x82, 0x00, 0x50,
  0x80, 0x6B, 0x00, 0x08, 0x80, 0x0B, 0x00, 0x0C, 0x7C, 0x03, 0x02, 0x14, 0x7C, 0x1D, 0x00, 0x40, 0x40, 0x80, 0x00, 0x3C, 0x7C, 0x1D, 0x03, 0x78,
  0x48, 0x00, 0x00, 0x34, 0x80, 0x0B, 0x00, 0x08, 0x7C, 0x1A, 0x00, 0x40, 0x40, 0x81, 0x00, 0x28, 0x7C, 0x1A, 0x03, 0x78, 0x48, 0x00, 0x00, 0x20,
  0x80, 0x6B, 0x00, 0x08, 0x80, 0x0B, 0x00, 0x0C, 0x7C, 0x03, 0x02, 0x14, 0x7C, 0x1C, 0x00, 0x40, 0x40, 0x80, 0x00, 0x0C, 0x7C, 0x1C, 0x03, 0x78,
  0x48, 0x00, 0x00, 0x04, 0x39, 0x8C, 0x00, 0x01, 0x2C, 0x0C, 0x00, 0x05, 0x41, 0x80, 0xFF, 0x60, 0x3D, 0x80, 0x80, 0x01, 0x61, 0x8C, 0x5A, 0xCC,
  0x7D, 0x89, 0x03, 0xA6, 0x4E, 0x80, 0x04, 0x20, 0x60, 0x00, 0x00, 0x00, 0x00, 0x00, 0x00, 0x00, 0x04, 0x01, 0x59, 0x84, 0x2C, 0x19, 0x00, 0x07,
  0x04, 0x01, 0x5B, 0x94, 0x2C, 0x1C, 0x00, 0x07, 0x04, 0x01, 0x59, 0x14, 0x83, 0xE2, 0x01, 0x84, 0xC2, 0x1A, 0x50, 0xAC, 0x00, 0x00, 0x00, 0x02,
  0x80, 0x62, 0x00, 0xD4, 0x4E, 0x80, 0x00, 0x20, 0x60, 0x00, 0x00, 0x00, 0x00, 0x00, 0x00, 0x00, 0xC2, 0x1A, 0x45, 0xBC, 0x00, 0x00, 0x00, 0x1D,
  0x7C, 0x08, 0x02, 0xA6, 0x90, 0x01, 0x00, 0x04, 0x94, 0x21, 0xFF, 0x00, 0xBE, 0x81, 0x00, 0x08, 0x3F, 0xE0, 0x80, 0x3D, 0x63, 0xFF, 0xAC, 0xA4,
  0x3D, 0x80, 0x80, 0x1A, 0x61, 0x8C, 0x50, 0xAC, 0x7D, 0x89, 0x03, 0xA6, 0x4E, 0x80, 0x04, 0x21, 0x7C, 0x7E, 0x1B, 0x78, 0x7F, 0xFD, 0xFB, 0x78,
  0x7F, 0xDC, 0xF3, 0x78, 0x88, 0x9D, 0x00, 0x01, 0x2C, 0x04, 0x00, 0x08, 0x41, 0x82, 0x00, 0x0C, 0x3B, 0xBD, 0x00, 0x14, 0x4B, 0xFF, 0xFF, 0xF0,
  0x88, 0x9C, 0x00, 0x01, 0x2C, 0x04, 0x00, 0x08, 0x41, 0x82, 0x00, 0x0C, 0x3B, 0x9C, 0x00, 0x18, 0x4B, 0xFF, 0xFF, 0xF0, 0x80, 0x7D, 0x00, 0x04,
  0x90, 0x7C, 0x00, 0x04, 0x80, 0x7D, 0x00, 0x08, 0x90, 0x7C, 0x00, 0x08, 0x80, 0x7D, 0x00, 0x0C, 0x90, 0x7C, 0x00, 0x0C, 0x80, 0x7D, 0x00, 0x10,
  0x90, 0x7C, 0x00, 0x10, 0x7F, 0xFD, 0xFB, 0x78, 0x7F, 0xDC, 0xF3, 0x78, 0x88, 0x9D, 0x00, 0x01, 0x2C, 0x04, 0x00, 0x0E, 0x41, 0x82, 0x00, 0x0C,
  0x3B, 0xBD, 0x00, 0x14, 0x4B, 0xFF, 0xFF, 0xF0, 0x88, 0x9C, 0x00, 0x01, 0x2C, 0x04, 0x00, 0x0E, 0x41, 0x82, 0x00, 0x0C, 0x3B, 0x9C, 0x00, 0x18,
  0x4B, 0xFF, 0xFF, 0xF0, 0x80, 0x7D, 0x00, 0x04, 0x90, 0x7C, 0x00, 0x04, 0x80, 0x7D, 0x00, 0x08, 0x90, 0x7C, 0x00, 0x08, 0x80, 0x7D, 0x00, 0x0C,
  0x90, 0x7C, 0x00, 0x0C, 0x80, 0x7D, 0x00, 0x10, 0x90, 0x7C, 0x00, 0x10, 0xBA, 0x81, 0x00, 0x08, 0x80, 0x01, 0x01, 0x04, 0x38, 0x21, 0x01, 0x00,
  0x7C, 0x08, 0x03, 0xA6, 0x3B, 0xE0, 0x00, 0x00, 0x60, 0x00, 0x00, 0x00, 0x00, 0x00, 0x00, 0x00, 0xC2, 0x1A, 0x44, 0x44, 0x00, 0x00, 0x00, 0x02,
  0x81, 0x82, 0x01, 0x64, 0x7C, 0x1B, 0x60, 0x40, 0x60, 0x00, 0x00, 0x00, 0x00, 0x00, 0x00, 0x00, 0x04, 0x01, 0xCE, 0xAC, 0x80, 0x62, 0x01, 0x64,
  0xC2, 0x1A, 0x45, 0x68, 0x00, 0x00, 0x00, 0x02, 0x81, 0x82, 0x01, 0x64, 0x7C, 0x00, 0x60, 0x40, 0x60, 0x00, 0x00, 0x00, 0x00, 0x00, 0x00, 0x00,
  0xC2, 0x1A, 0x43, 0xE0, 0x00, 0x00, 0x00, 0x02, 0x81, 0x82, 0x01, 0x64, 0x7C, 0x04, 0x60, 0x40, 0x60, 0x00, 0x00, 0x00, 0x00, 0x00, 0x00, 0x00,
  0xC2, 0x1A, 0x44, 0x8C, 0x00, 0x00, 0x00, 0x02, 0x81, 0x82, 0x01, 0x64, 0x7C, 0x00, 0x60, 0x40, 0x60, 0x00, 0x00, 0x00, 0x00, 0x00, 0x00, 0x00,
  0xC2, 0x1A, 0x3F, 0x2C, 0x00, 0x00, 0x00, 0x02, 0x81, 0x82, 0x01, 0x64, 0x7C, 0x00, 0x60, 0x40, 0x60, 0x00, 0x00, 0x00, 0x00, 0x00, 0x00, 0x00,
  0x04, 0x1A, 0x45, 0x60, 0x3B, 0xFF, 0x00, 0x18, 0x04, 0x1A, 0x43, 0xD8, 0x38, 0x63, 0x00, 0x18, 0x04, 0x1A, 0x44, 0x84, 0x38, 0x63, 0x00, 0x18,
  0x04, 0x1A, 0x3F, 0x24, 0x3B, 0xFF, 0x00, 0x18, 0xC2, 0x1A, 0x4D, 0x14, 0x00, 0x00, 0x00, 0x02, 0x81, 0x82, 0x01, 0x68, 0x7C, 0x00, 0x60, 0x40,
  0x60, 0x00, 0x00, 0x00, 0x00, 0x00, 0x00, 0x00, 0xC2, 0x1A, 0x50, 0xA0, 0x00, 0x00, 0x00, 0x02, 0x80, 0x62, 0x00, 0xD8, 0x4E, 0x80, 0x00, 0x20,
  0x60, 0x00, 0x00, 0x00, 0x00, 0x00, 0x00, 0x00, 0x04, 0x1A, 0x4D, 0x0C, 0x38, 0x63, 0x00, 0x14, 0xC2, 0x1A, 0x43, 0xEC, 0x00, 0x00, 0x00, 0x46,
  0x7C, 0x08, 0x02, 0xA6, 0x90, 0x01, 0x00, 0x04, 0x94, 0x21, 0xFF, 0x00, 0xBE, 0x81, 0x00, 0x08, 0x80, 0x7E, 0x00, 0x14, 0x2C, 0x03, 0x00, 0x00,
  0x41, 0x82, 0x01, 0xEC, 0x3D, 0x80, 0x80, 0x33, 0x61, 0x8C, 0x79, 0x6C, 0x7D, 0x89, 0x03, 0xA6, 0x4E, 0x80, 0x04, 0x21, 0x7C, 0x74, 0x1B, 0x79,
  0x41, 0x82, 0x01, 0xD4, 0x80, 0x7E, 0x00, 0x14, 0x3D, 0x80, 0x80, 0x01, 0x61, 0x8C, 0x63, 0xD8, 0x7D, 0x89, 0x03, 0xA6, 0x4E, 0x80, 0x04, 0x21,
  0x7C, 0x7C, 0x1B, 0x78, 0x80, 0x62, 0x01, 0x84, 0x80, 0x63, 0x00, 0xC0, 0x38, 0x63, 0x00, 0x1F, 0x54, 0x63, 0x00, 0x34, 0x7C, 0x7B, 0x1B, 0x78,
  0x38, 0x7C, 0x00, 0x1F, 0x54, 0x63, 0x00, 0x34, 0x7F, 0xBB, 0x1A, 0x14, 0x38, 0x60, 0x00, 0x63, 0x54, 0x63, 0x00, 0x34, 0x7C, 0x7D, 0x1A, 0x14,
  0x80, 0xA2, 0x01, 0x84, 0x80, 0x85, 0x00, 0xC0, 0x7C, 0x64, 0x18, 0x50, 0x90, 0x65, 0x00, 0xC4, 0x38, 0x00, 0x00, 0x00, 0x90, 0x0D, 0xAD, 0x28,
  0x7E, 0x83, 0xA3, 0x78, 0x38, 0x80, 0x00, 0x00, 0x7F, 0x65, 0xDB, 0x78, 0x38, 0xDC, 0x00, 0x1F, 0x54, 0xC6, 0x00, 0x34, 0x38, 0xE0, 0x00, 0x21,
  0x39, 0x00, 0x00, 0x01, 0x3D, 0x20, 0x80, 0x01, 0x61, 0x29, 0x61, 0x5C, 0x39, 0x40, 0x00, 0x00, 0x3D, 0x80, 0x80, 0x38, 0x61, 0x8C, 0xF6, 0xD4,
  0x7D, 0x89, 0x03, 0xA6, 0x4E, 0x80, 0x04, 0x21, 0x3D, 0x80, 0x80, 0x01, 0x61, 0x8C, 0x61, 0xA0, 0x7D, 0x89, 0x03, 0xA6, 0x4E, 0x80, 0x04, 0x21,
  0x2C, 0x03, 0x00, 0x00, 0x41, 0x82, 0xFF, 0xEC, 0x7F, 0xA3, 0xEB, 0x78, 0x7F, 0x64, 0xDB, 0x78, 0x7F, 0x85, 0xE3, 0x78, 0x3D, 0x80, 0x80, 0x01,
  0x61, 0x8C, 0x6A, 0x54, 0x7D, 0x89, 0x03, 0xA6, 0x4E, 0x80, 0x04, 0x21, 0x7F, 0xA3, 0xEB, 0x78, 0x48, 0x00, 0x00, 0xF5, 0x7C, 0x88, 0x02, 0xA6,
  0x3D, 0x80, 0x80, 0x38, 0x61, 0x8C, 0x03, 0x58, 0x7D, 0x89, 0x03, 0xA6, 0x4E, 0x80, 0x04, 0x21, 0x7C, 0x7A, 0x1B, 0x79, 0x41, 0x82, 0x00, 0xF8,
  0x7F, 0x43, 0xD3, 0x78, 0x3D, 0x80, 0x80, 0x3D, 0x61, 0x8C, 0x70, 0x74, 0x7D, 0x89, 0x03, 0xA6, 0x4E, 0x80, 0x04, 0x21, 0x38, 0x61, 0x00, 0x80,
  0x38, 0x80, 0x00, 0x00, 0x38, 0xA0, 0x00, 0x14, 0x3D, 0x80, 0x80, 0x00, 0x61, 0x8C, 0x31, 0x00, 0x7D, 0x89, 0x03, 0xA6, 0x4E, 0x80, 0x04, 0x21,
  0x7F, 0x43, 0xD3, 0x78, 0x38, 0x81, 0x00, 0x80, 0x48, 0x00, 0x00, 0x51, 0x80, 0x61, 0x00, 0x80, 0x2C, 0x03, 0x00, 0x00, 0x41, 0x82, 0x00, 0x08,
  0x90, 0x7E, 0x00, 0x10, 0x80, 0x61, 0x00, 0x84, 0x2C, 0x03, 0x00, 0x00, 0x41, 0x82, 0x00, 0x08, 0x90, 0x7E, 0x00, 0x04, 0x80, 0x61, 0x00, 0x88,
  0x2C, 0x03, 0x00, 0x00, 0x41, 0x82, 0x00, 0x08, 0x90, 0x7E, 0x00, 0x08, 0x80, 0x7D, 0x00, 0x20, 0x80, 0x9D, 0x00, 0x00, 0x3D, 0x80, 0x80, 0x32,
  0x61, 0x8C, 0x8F, 0x50, 0x7D, 0x89, 0x03, 0xA6, 0x4E, 0x80, 0x04, 0x21, 0x48, 0x00, 0x00, 0x70, 0x7C, 0x6C, 0x1B, 0x78, 0x7C, 0x89, 0x23, 0x78,
  0x80, 0xEC, 0x00, 0x0C, 0x81, 0x4C, 0x00, 0x00, 0x39, 0x00, 0x00, 0x00, 0x48, 0x00, 0x00, 0x28, 0x1C, 0x68, 0x00, 0x08, 0x7D, 0x63, 0x3A, 0x14,
  0x80, 0x6B, 0x00, 0x04, 0x7C, 0x63, 0x52, 0x14, 0x80, 0x8B, 0x00, 0x00, 0x1C, 0x84, 0x00, 0x04, 0x7C, 0x64, 0x49, 0x2E, 0x48, 0x00, 0x00, 0x04,
  0x39, 0x08, 0x00, 0x01, 0x80, 0x6C, 0x00, 0x10, 0x7C, 0x08, 0x18, 0x00, 0x41, 0x80, 0xFF, 0xD4, 0x4E, 0x80, 0x00, 0x20, 0x4E, 0x80, 0x00, 0x21,
  0x6D, 0x6A, 0x46, 0x75, 0x6E, 0x63, 0x74, 0x69, 0x6F, 0x6E, 0x00, 0x00, 0x80, 0x62, 0x01, 0x84, 0x38, 0x63, 0x00, 0x10, 0x38, 0x80, 0x00, 0x00,
  0x90, 0x83, 0x00, 0xB4, 0xBA, 0x81, 0x00, 0x08, 0x80, 0x01, 0x01, 0x04, 0x38, 0x21, 0x01, 0x00, 0x7C, 0x08, 0x03, 0xA6, 0x38, 0x00, 0x00, 0x00,
  0x60, 0x00, 0x00, 0x00, 0x00, 0x00, 0x00, 0x00, 0xC2, 0x1A, 0x40, 0xC8, 0x00, 0x00, 0x00, 0x2B, 0x7C, 0x08, 0x02, 0xA6, 0x90, 0x01, 0x00, 0x04,
  0x94, 0x21, 0xFF, 0x00, 0xBE, 0x81, 0x00, 0x08, 0x80, 0x7A, 0x00, 0x10, 0x2C, 0x03, 0x00, 0x00, 0x41, 0x82, 0x01, 0x24, 0x80, 0x7A, 0x00, 0x10,
  0x3D, 0x80, 0x80, 0x01, 0x61, 0x8C, 0x6B, 0xE0, 0x7D, 0x89, 0x03, 0xA6, 0x4E, 0x80, 0x04, 0x21, 0x7C, 0x7D, 0x1B, 0x78, 0x7F, 0xA3, 0xEB, 0x78,
  0x48, 0x00, 0x00, 0xF5, 0x7C, 0x88, 0x02, 0xA6, 0x3D, 0x80, 0x80, 0x38, 0x61, 0x8C, 0x03, 0x58, 0x7D, 0x89, 0x03, 0xA6, 0x4E, 0x80, 0x04, 0x21,
  0x7C, 0x7E, 0x1B, 0x79, 0x41, 0x82, 0x00, 0xE8, 0x7F, 0xC3, 0xF3, 0x78, 0x3D, 0x80, 0x80, 0x3D, 0x61, 0x8C, 0x70, 0x74, 0x7D, 0x89, 0x03, 0xA6,
  0x4E, 0x80, 0x04, 0x21, 0x38, 0x61, 0x00, 0x80, 0x38, 0x80, 0x00, 0x00, 0x38, 0xA0, 0x00, 0x0F, 0x3D, 0x80, 0x80, 0x00, 0x61, 0x8C, 0x31, 0x00,
  0x7D, 0x89, 0x03, 0xA6, 0x4E, 0x80, 0x04, 0x21, 0x7F, 0xC3, 0xF3, 0x78, 0x38, 0x81, 0x00, 0x80, 0x48, 0x00, 0x00, 0x51, 0x80, 0x61, 0x00, 0x80,
  0x2C, 0x03, 0x00, 0x00, 0x41, 0x82, 0x00, 0x08, 0x90, 0x7A, 0x00, 0x04, 0x80, 0x61, 0x00, 0x84, 0x2C, 0x03, 0x00, 0x00, 0x41, 0x82, 0x00, 0x08,
  0x90, 0x7A, 0x00, 0x08, 0x80, 0x61, 0x00, 0x88, 0x2C, 0x03, 0x00, 0x00, 0x41, 0x82, 0x00, 0x08, 0x90, 0x7A, 0x00, 0x0C, 0x80, 0x7D, 0x00, 0x20,
  0x80, 0x9D, 0x00, 0x00, 0x3D, 0x80, 0x80, 0x32, 0x61, 0x8C, 0x8F, 0x50, 0x7D, 0x89, 0x03, 0xA6, 0x4E, 0x80, 0x04, 0x21, 0x48, 0x00, 0x00, 0x60,
  0x7C, 0x6C, 0x1B, 0x78, 0x7C, 0x89, 0x23, 0x78, 0x80, 0xEC, 0x00, 0x0C, 0x81, 0x4C, 0x00, 0x00, 0x39, 0x00, 0x00, 0x00, 0x48, 0x00, 0x00, 0x28,
  0x1C, 0x68, 0x00, 0x08, 0x7D, 0x63, 0x3A, 0x14, 0x80, 0x6B, 0x00, 0x04, 0x7C, 0x63, 0x52, 0x14, 0x80, 0x8B, 0x00, 0x00, 0x1C, 0x84, 0x00, 0x04,
  0x7C, 0x64, 0x49, 0x2E, 0x48, 0x00, 0x00, 0x04, 0x39, 0x08, 0x00, 0x01, 0x80, 0x6C, 0x00, 0x10, 0x7C, 0x08, 0x18, 0x00, 0x41, 0x80, 0xFF, 0xD4,
  0x4E, 0x80, 0x00, 0x20, 0x4E, 0x80, 0x00, 0x21, 0x6D, 0x6E, 0x46, 0x75, 0x6E, 0x63, 0x74, 0x69, 0x6F, 0x6E, 0x00, 0x00, 0xBA, 0x81, 0x00, 0x08,
  0x80, 0x01, 0x01, 0x04, 0x38, 0x21, 0x01, 0x00, 0x7C, 0x08, 0x03, 0xA6, 0x7F, 0x23, 0xCB, 0x78, 0x60, 0x00, 0x00, 0x00, 0x00, 0x00, 0x00, 0x00,
  0xC2, 0x3D, 0x70, 0x9C, 0x00, 0x00, 0x00, 0x1E, 0x7C, 0x08, 0x02, 0xA6, 0x90, 0x01, 0x00, 0x04, 0x94, 0x21, 0xFF, 0x00, 0xBE, 0x81, 0x00, 0x08,
  0x7C, 0x7F, 0x1B, 0x78, 0x7C, 0x9E, 0x23, 0x78, 0x7C, 0xBD, 0x2B, 0x78, 0x7F, 0xE3, 0xFB, 0x78, 0x38, 0x81, 0x00, 0x80, 0x7F, 0xA5, 0xEB, 0x78,
  0x38, 0xC0, 0x00, 0x00, 0x3D, 0x80, 0x80, 0x01, 0x61, 0x8C, 0x6C, 0x64, 0x7D, 0x89, 0x03, 0xA6, 0x4E, 0x80, 0x04, 0x21, 0x7C, 0x7A, 0x1B, 0x78,
  0x83, 0x21, 0x00, 0x80, 0x2C, 0x19, 0x00, 0x00, 0x41, 0x82, 0x00, 0x24, 0x7F, 0x23, 0xCB, 0x78, 0x3D, 0x80, 0x80, 0x3D, 0x61, 0x8C, 0x70, 0x74,
  0x7D, 0x89, 0x03, 0xA6, 0x4E, 0x80, 0x04, 0x21, 0x7F, 0x23, 0xCB, 0x78, 0x7F, 0xC4, 0xF3, 0x78, 0x48, 0x00, 0x00, 0x35, 0x80, 0x7A, 0x00, 0x20,
  0x80, 0x9A, 0x00, 0x00, 0x3D, 0x80, 0x80, 0x32, 0x61, 0x8C, 0x8F, 0x50, 0x7D, 0x89, 0x03, 0xA6, 0x4E, 0x80, 0x04, 0x21, 0x7F, 0x43, 0xD3, 0x78,
  0xBA, 0x81, 0x00, 0x08, 0x80, 0x01, 0x01, 0x04, 0x38, 0x21, 0x01, 0x00, 0x7C, 0x08, 0x03, 0xA6, 0x4E, 0x80, 0x00, 0x20, 0x7C, 0x6C, 0x1B, 0x78,
  0x7C, 0x89, 0x23, 0x78, 0x80, 0xEC, 0x00, 0x0C, 0x81, 0x4C, 0x00, 0x00, 0x39, 0x00, 0x00, 0x00, 0x48, 0x00, 0x00, 0x28, 0x1C, 0x68, 0x00, 0x08,
  0x7D, 0x63, 0x3A, 0x14, 0x80, 0x6B, 0x00, 0x04, 0x7C, 0x63, 0x52, 0x14, 0x80, 0x8B, 0x00, 0x00, 0x1C, 0x84, 0x00, 0x04, 0x7C, 0x64, 0x49, 0x2E,
  0x48, 0x00, 0x00, 0x04, 0x39, 0x08, 0x00, 0x01, 0x80, 0x6C, 0x00, 0x10, 0x7C, 0x08, 0x18, 0x00, 0x41, 0x80, 0xFF, 0xD4, 0x4E, 0x80, 0x00, 0x20,
  0x60, 0x00, 0x00, 0x00, 0x00, 0x00, 0x00, 0x00, 0xC2, 0x3D, 0x70, 0x90, 0x00, 0x00, 0x00, 0xA4, 0x7C, 0x08, 0x02, 0xA6, 0x90, 0x01, 0x00, 0x04,
  0x94, 0x21, 0xFF, 0x00, 0xBE, 0x81, 0x00, 0x08, 0x7C, 0x7F, 0x1B, 0x78, 0x3F, 0xC0, 0x80, 0x4A, 0x63, 0xDE, 0x04, 0xF0, 0x80, 0x6D, 0xB8, 0xE0,
  0x80, 0x63, 0x00, 0x04, 0x88, 0x1E, 0x00, 0x00, 0x1C, 0x00, 0x00, 0x14, 0x7F, 0x83, 0x02, 0x14, 0x83, 0x7C, 0x00, 0x08, 0xA0, 0x6D, 0xB5, 0x28,
  0x2C, 0x03, 0x00, 0x00, 0x40, 0x81, 0x00, 0x10, 0x38, 0x63, 0xFF, 0xFF, 0xB0, 0x6D, 0xB5, 0x28, 0x48, 0x00, 0x04, 0xC0, 0x38, 0x60, 0x00, 0x04,
  0x3D, 0x80, 0x80, 0x22, 0x61, 0x8C, 0x96, 0x24, 0x7D, 0x89, 0x03, 0xA6, 0x4E, 0x80, 0x04, 0x21, 0x7C, 0x7D, 0x1B, 0x78, 0x93, 0xBE, 0x00, 0x0C,
  0x38, 0x60, 0x00, 0x00, 0x90, 0x7E, 0x00, 0x08, 0x57, 0xA0, 0x06, 0xF7, 0x41, 0x82, 0x02, 0x8C, 0x3A, 0x80, 0x00, 0x00, 0x48, 0x00, 0x00, 0x3C,
  0x7E, 0x83, 0xA3, 0x78, 0x3D, 0x80, 0x80, 0x1A, 0x61, 0x8C, 0x36, 0xA0, 0x7D, 0x89, 0x03, 0xA6, 0x4E, 0x80, 0x04, 0x21, 0x54, 0x60, 0x06, 0x3F,
  0x41, 0x82, 0x00, 0x1C, 0x7E, 0x83, 0xA3, 0x78, 0x3D, 0x80, 0x80, 0x16, 0x61, 0x8C, 0x77, 0xE8, 0x7D, 0x89, 0x03, 0xA6, 0x4E, 0x80, 0x04, 0x21,
  0x48, 0x00, 0x00, 0x10, 0x3A, 0x94, 0x00, 0x01, 0x2C, 0x14, 0x00, 0x04, 0x41, 0x80, 0xFF, 0xC4, 0x38, 0x60, 0x00, 0x01, 0x3D, 0x80, 0x80, 0x02,
  0x61, 0x8C, 0x40, 0x30, 0x7D, 0x89, 0x03, 0xA6, 0x4E, 0x80, 0x04, 0x21, 0x38, 0x60, 0x00, 0x05, 0xB0, 0x6D, 0xB5, 0x28, 0x38, 0x60, 0x00, 0x01,
  0x98, 0x7E, 0x00, 0x11, 0xA0, 0x7E, 0x00, 0x02, 0x1C, 0x63, 0x00, 0x08, 0x7F, 0x43, 0xDA, 0x14, 0x88, 0x7A, 0x00, 0x00, 0x2C, 0x03, 0x00, 0x00,
  0x41, 0x82, 0x00, 0x10, 0x2C, 0x03, 0x00, 0x01, 0x41, 0x82, 0x01, 0xD4, 0x48, 0x00, 0x04, 0x04, 0x80, 0x6D, 0xB8, 0xE0, 0x80, 0x63, 0x00, 0x04,
  0x88, 0x1A, 0x00, 0x01, 0x1C, 0x00, 0x00, 0x14, 0x7F, 0x23, 0x02, 0x14, 0x88, 0x7A, 0x00, 0x01, 0x2C, 0x03, 0x00, 0x07, 0x40, 0x82, 0x00, 0x38,
  0x81, 0x99, 0x00, 0x10, 0x2C, 0x0C, 0x00, 0x00, 0x41, 0x82, 0x00, 0xAC, 0x7D, 0x89, 0x03, 0xA6, 0x38, 0x60, 0x00, 0x00, 0x38, 0x80, 0x00, 0x01,
  0x4E, 0x80, 0x04, 0x21, 0x7F, 0xE3, 0xFB, 0x78, 0x3D, 0x80, 0x80, 0x39, 0x61, 0x8C, 0x02, 0x28, 0x7D, 0x89, 0x03, 0xA6, 0x4E, 0x80, 0x04, 0x21,
  0x48, 0x00, 0x03, 0xB0, 0x88, 0x7A, 0x00, 0x01, 0x2C, 0x03, 0x00, 0x08, 0x40, 0x82, 0x00, 0x14, 0x81, 0x8D, 0xB6, 0x14, 0x7D, 0x89, 0x03, 0xA6,
  0x4E, 0x80, 0x04, 0x21, 0x48, 0x00, 0x03, 0x94, 0x88, 0x7A, 0x00, 0x01, 0x2C, 0x03, 0x00, 0x21, 0x40, 0x82, 0x00, 0x30, 0x38, 0x60, 0x00, 0x00,
  0x3D, 0x80, 0x80, 0x24, 0x61, 0x8C, 0xCD, 0x64, 0x7D, 0x89, 0x03, 0xA6, 0x4E, 0x80, 0x04, 0x21, 0x7F, 0xE3, 0xFB, 0x78, 0x3D, 0x80, 0x80, 0x39,
  0x61, 0x8C, 0x02, 0x28, 0x7D, 0x89, 0x03, 0xA6, 0x4E, 0x80, 0x04, 0x21, 0x48, 0x00, 0x03, 0x5C, 0x80, 0x79, 0x00, 0x10, 0x2C, 0x03, 0x00, 0x00,
  0x41, 0x82, 0x00, 0x24, 0x7C, 0x69, 0x03, 0xA6, 0x4E, 0x80, 0x04, 0x21, 0x7F, 0xE3, 0xFB, 0x78, 0x3D, 0x80, 0x80, 0x39, 0x61, 0x8C, 0x02, 0x28,
  0x7D, 0x89, 0x03, 0xA6, 0x4E, 0x80, 0x04, 0x21, 0x48, 0x00, 0x03, 0x30, 0x88, 0x7E, 0x00, 0x00, 0x98, 0x7E, 0x00, 0x01, 0x88, 0x7A, 0x00, 0x01,
  0x98, 0x7E, 0x00, 0x00, 0x3A, 0x80, 0x00, 0x00, 0x80, 0x6D, 0xB8, 0xE0, 0x80, 0x63, 0x00, 0x04, 0x88, 0x1E, 0x00, 0x00, 0x1C, 0x00, 0x00, 0x14,
  0x7C, 0x63, 0x02, 0x14, 0x89, 0x63, 0x00, 0x0C, 0x88, 0x7E, 0x00, 0x00, 0x7E, 0x84, 0xA3, 0x78, 0x3D, 0x80, 0x80, 0x22, 0x61, 0x8C, 0x99, 0x38,
  0x7D, 0x89, 0x03, 0xA6, 0x4E, 0x80, 0x04, 0x21, 0x2C, 0x03, 0x00, 0x00, 0x41, 0x82, 0x00, 0x0C, 0xB2, 0x9E, 0x00, 0x02, 0x48, 0x00, 0x00, 0x10,
  0x3A, 0x94, 0x00, 0x01, 0x7C, 0x14, 0x58, 0x00, 0x41, 0x80, 0xFF, 0xD0, 0x38, 0x60, 0x00, 0x01, 0x3D, 0x80, 0x80, 0x22, 0x61, 0x8C, 0xB3, 0xA0,
  0x7D, 0x89, 0x03, 0xA6, 0x4E, 0x80, 0x04, 0x21, 0x3D, 0x80, 0x80, 0x39, 0x61, 0x8C, 0x0C, 0xD4, 0x7D, 0x89, 0x03, 0xA6, 0x4E, 0x80, 0x04, 0x21,
  0x7F, 0xE3, 0xFB, 0x78, 0x3D, 0x80, 0x80, 0x39, 0x61, 0x8C, 0x02, 0x28, 0x7D, 0x89, 0x03, 0xA6, 0x4E, 0x80, 0x04, 0x21, 0x80, 0x6D, 0xB8, 0xE0,
  0x80, 0x63, 0x00, 0x04, 0x88, 0x1E, 0x00, 0x00, 0x1C, 0x00, 0x00, 0x14, 0x7F, 0x83, 0x02, 0x14, 0x38, 0x60, 0x00, 0x00, 0x38, 0x80, 0x00, 0x01,
  0x38, 0xA0, 0x00, 0x80, 0x3D, 0x80, 0x80, 0x39, 0x61, 0x8C, 0x01, 0xF0, 0x7D, 0x89, 0x03, 0xA6, 0x4E, 0x80, 0x04, 0x21, 0x3C, 0x80, 0x80, 0x3D,
  0x60, 0x84, 0x70, 0x90, 0x38, 0xA0, 0x00, 0x00, 0x3D, 0x80, 0x80, 0x38, 0x61, 0x8C, 0xFD, 0x54, 0x7D, 0x89, 0x03, 0xA6, 0x4E, 0x80, 0x04, 0x21,
  0x80, 0x8D, 0xC1, 0x9C, 0x88, 0x03, 0x00, 0x0D, 0x50, 0x80, 0x26, 0xB6, 0x98, 0x03, 0x00, 0x0D, 0x48, 0x00, 0x02, 0x38, 0x3D, 0x80, 0x80, 0x1A,
  0x61, 0x8C, 0x4B, 0x9C, 0x7D, 0x89, 0x03, 0xA6, 0x4E, 0x80, 0x04, 0x21, 0x88, 0x1A, 0x00, 0x01, 0x98, 0x03, 0x00, 0x00, 0x3D, 0x80, 0x80, 0x1A,
  0x61, 0x8C, 0x4B, 0x60, 0x7D, 0x89, 0x03, 0xA6, 0x4E, 0x80, 0x04, 0x21, 0x48, 0x00, 0x02, 0x0C, 0x57, 0xA0, 0x06, 0xB5, 0x41, 0x82, 0x01, 0x48,
  0x38, 0x60, 0x00, 0x00, 0x3D, 0x80, 0x80, 0x02, 0x61, 0x8C, 0x40, 0x30, 0x7D, 0x89, 0x03, 0xA6, 0x4E, 0x80, 0x04, 0x21, 0x88, 0x7C, 0x00, 0x0D,
  0x7C, 0x63, 0x07, 0x74, 0x2C, 0x03, 0xFF, 0xFF, 0x40, 0x82, 0x00, 0x30, 0x3D, 0x80, 0x80, 0x1A, 0x61, 0x8C, 0x4B, 0x9C, 0x7D, 0x89, 0x03, 0xA6,
  0x4E, 0x80, 0x04, 0x21, 0x38, 0x00, 0x00, 0x00, 0x98, 0x03, 0x00, 0x00, 0x3D, 0x80, 0x80, 0x1A, 0x61, 0x8C, 0x4B, 0x60, 0x7D, 0x89, 0x03, 0xA6,
  0x4E, 0x80, 0x04, 0x21, 0x48, 0x00, 0x01, 0xB4, 0x38, 0x60, 0x00, 0x00, 0x98, 0x7E, 0x00, 0x11, 0x88, 0x7E, 0x00, 0x00, 0x98, 0x7E, 0x00, 0x01,
  0x88, 0x7C, 0x00, 0x0D, 0x98, 0x7E, 0x00, 0x00, 0x39, 0x80, 0x00, 0x00, 0x89, 0x3E, 0x00, 0x01, 0x80, 0x6D, 0xB8, 0xE0, 0x80, 0x63, 0x00, 0x04,
  0x88, 0x1E, 0x00, 0x00, 0x1C, 0x00, 0x00, 0x14, 0x7C, 0x63, 0x02, 0x14, 0x89, 0x63, 0x00, 0x0C, 0x81, 0x43, 0x00, 0x08, 0x1C, 0x0C, 0x00, 0x08,
  0x7C, 0x6A, 0x02, 0x14, 0x88, 0x03, 0x00, 0x00, 0x2C, 0x00, 0x00, 0x00, 0x40, 0x82, 0x00, 0x18, 0x88, 0x03, 0x00, 0x01, 0x7C, 0x00, 0x48, 0x00,
  0x40, 0x82, 0x00, 0x0C, 0xB1, 0x9E, 0x00, 0x02, 0x48, 0x00, 0x00, 0x10, 0x39, 0x8C, 0x00, 0x01, 0x7C, 0x0C, 0x58, 0x00, 0x41, 0x80, 0xFF, 0xD0,
  0x38, 0x60, 0x00, 0x03, 0x3D, 0x80, 0x80, 0x22, 0x61, 0x8C, 0xB3, 0xA0, 0x7D, 0x89, 0x03, 0xA6, 0x4E, 0x80, 0x04, 0x21, 0x3D, 0x80, 0x80, 0x39,
  0x61, 0x8C, 0x0C, 0xD4, 0x7D, 0x89, 0x03, 0xA6, 0x4E, 0x80, 0x04, 0x21, 0x7F, 0xE3, 0xFB, 0x78, 0x3D, 0x80, 0x80, 0x39, 0x61, 0x8C, 0x02, 0x28,
  0x7D, 0x89, 0x03, 0xA6, 0x4E, 0x80, 0x04, 0x21, 0x38, 0x60, 0x00, 0x00, 0x38, 0x80, 0x00, 0x01, 0x38, 0xA0, 0x00, 0x80, 0x3D, 0x80, 0x80, 0x39,
  0x61, 0x8C, 0x01, 0xF0, 0x7D, 0x89, 0x03, 0xA6, 0x4E, 0x80, 0x04, 0x21, 0x3C, 0x80, 0x80, 0x3D, 0x60, 0x84, 0x70, 0x90, 0x38, 0xA0, 0x00, 0x00,
  0x3D, 0x80, 0x80, 0x38, 0x61, 0x8C, 0xFD, 0x54, 0x7D, 0x89, 0x03, 0xA6, 0x4E, 0x80, 0x04, 0x21, 0x80, 0x8D, 0xC1, 0x9C, 0x88, 0x03, 0x00, 0x0D,
  0x50, 0x80, 0x26, 0xB6, 0x98, 0x03, 0x00, 0x0D, 0x48, 0x00, 0x00, 0xC0, 0x57, 0xA0, 0x07, 0xFF, 0x41, 0x82, 0x00, 0x5C, 0x38, 0x60, 0x00, 0x02,
  0x3D, 0x80, 0x80, 0x02, 0x61, 0x8C, 0x40, 0x30, 0x7D, 0x89, 0x03, 0xA6, 0x4E, 0x80, 0x04, 0x21, 0xA2, 0x9E, 0x00, 0x02, 0x3A, 0x94, 0xFF, 0xFF,
  0x7E, 0x80, 0x07, 0x34, 0x2C, 0x00, 0xFF, 0xFF, 0x41, 0x81, 0x00, 0x0C, 0x88, 0x7C, 0x00, 0x0C, 0x3A, 0x83, 0xFF, 0xFF, 0x88, 0x7E, 0x00, 0x00,
  0x7E, 0x84, 0xA3, 0x78, 0x3D, 0x80, 0x80, 0x22, 0x61, 0x8C, 0x99, 0x38, 0x7D, 0x89, 0x03, 0xA6, 0x4E, 0x80, 0x04, 0x21, 0x2C, 0x03, 0x00, 0x00,
  0x41, 0x82, 0xFF, 0xCC, 0xB2, 0x9E, 0x00, 0x02, 0x48, 0x00, 0x00, 0x60, 0x57, 0xA0, 0x07, 0xBD, 0x41, 0x82, 0x00, 0x58, 0x38, 0x60, 0x00, 0x02,
  0x3D, 0x80, 0x80, 0x02, 0x61, 0x8C, 0x40, 0x30, 0x7D, 0x89, 0x03, 0xA6, 0x4E, 0x80, 0x04, 0x21, 0xA2, 0x9E, 0x00, 0x02, 0x3A, 0x94, 0x00, 0x01,
  0x88, 0x9C, 0x00, 0x0C, 0x7C, 0x14, 0x20, 0x00, 0x41, 0x80, 0x00, 0x08, 0x3A, 0x80, 0x00, 0x00, 0x88, 0x7E, 0x00, 0x00, 0x7E, 0x84, 0xA3, 0x78,
  0x3D, 0x80, 0x80, 0x22, 0x61, 0x8C, 0x99, 0x38, 0x7D, 0x89, 0x03, 0xA6, 0x4E, 0x80, 0x04, 0x21, 0x2C, 0x03, 0x00, 0x00, 0x41, 0x82, 0xFF, 0xD0,
  0xB2, 0x9E, 0x00, 0x02, 0x48, 0x00, 0x00, 0x04, 0xBA, 0x81, 0x00, 0x08, 0x80, 0x01, 0x01, 0x04, 0x38, 0x21, 0x01, 0x00, 0x7C, 0x08, 0x03, 0xA6,
  0x4E, 0x80, 0x00, 0x20, 0x00, 0x00, 0x00, 0x00, 0xC2, 0x3D, 0x70, 0x74, 0x00, 0x00, 0x00, 0x3C, 0x7C, 0x08, 0x02, 0xA6, 0x90, 0x01, 0x00, 0x04,
  0x94, 0x21, 0xFF, 0x00, 0xBE, 0x81, 0x00, 0x08, 0x7C, 0x7F, 0x1B, 0x78, 0x83, 0xDF, 0x00, 0x08, 0x83, 0xBF, 0x00, 0x00, 0x83, 0x9F, 0x00, 0x04,
  0x83, 0x62, 0x00, 0xF8, 0x80, 0x7B, 0x00, 0x00, 0x2C, 0x03, 0x00, 0x1E, 0x40, 0x80, 0x01, 0x3C, 0x3B, 0x40, 0x00, 0x00, 0x83, 0x3B, 0x00, 0x00,
  0x3B, 0x1B, 0x00, 0x04, 0x48, 0x00, 0x00, 0x18, 0x80, 0x78, 0x00, 0x00, 0x7C, 0x03, 0xF8, 0x00, 0x41, 0x82, 0x01, 0x0C, 0x3B, 0x5A, 0x00, 0x01,
  0x3B, 0x18, 0x00, 0x04, 0x7C, 0x1A, 0xC8, 0x00, 0x41, 0x80, 0xFF, 0xE8, 0x80, 0x7B, 0x00, 0x00, 0x1C, 0x63, 0x00, 0x04, 0x38, 0xBB, 0x00, 0x04,
  0x7F, 0xE3, 0x29, 0x2E, 0x80, 0x7B, 0x00, 0x00, 0x38, 0x63, 0x00, 0x01, 0x90, 0x7B, 0x00, 0x00, 0x80, 0x7C, 0x00, 0x00, 0x54, 0x79, 0x46, 0x3E,
  0x54, 0x63, 0x02, 0x3E, 0x7F, 0x63, 0xEA, 0x14, 0x80, 0x7C, 0x00, 0x04, 0x54, 0x60, 0x46, 0x36, 0x2C, 0x00, 0x00, 0x80, 0x41, 0x82, 0x00, 0x0C,
  0x7F, 0x43, 0xEA, 0x14, 0x48, 0x00, 0x00, 0x08, 0x83, 0x5C, 0x00, 0x04, 0x2C, 0x19, 0x00, 0x01, 0x41, 0x82, 0x00, 0x28, 0x2C, 0x19, 0x00, 0x04,
  0x41, 0x82, 0x00, 0x28, 0x2C, 0x19, 0x00, 0x06, 0x41, 0x82, 0x00, 0x20, 0x2C, 0x19, 0x00, 0x0A, 0x41, 0x82, 0x00, 0x60, 0x2C, 0x19, 0x00, 0x1A,
  0x41, 0x82, 0x00, 0x70, 0x48, 0x00, 0x00, 0x78, 0x93, 0x5B, 0x00, 0x00, 0x48, 0x00, 0x00, 0x70, 0x57, 0x43, 0x8F, 0xFF, 0x41, 0x82, 0x00, 0x1C,
  0x57, 0x43, 0x84, 0x3E, 0x38, 0x63, 0x00, 0x01, 0x54, 0x66, 0x80, 0x1E, 0x7C, 0x66, 0xD0, 0x50, 0x54, 0x65, 0x04, 0x3E, 0x7C, 0xDA, 0x2B, 0x78,
  0x2C, 0x19, 0x00, 0x04, 0x41, 0x82, 0x00, 0x14, 0x2C, 0x19, 0x00, 0x06, 0x41, 0x82, 0x00, 0x04, 0x57, 0x43, 0x84, 0x3E, 0x48, 0x00, 0x00, 0x0C,
  0x57, 0x43, 0x04, 0x3E, 0x48, 0x00, 0x00, 0x04, 0xB0, 0x7B, 0x00, 0x00, 0x48, 0x00, 0x00, 0x28, 0x7C, 0x7B, 0xD0, 0x50, 0x54, 0x63, 0x01, 0xBA,
  0x80, 0x9B, 0x00, 0x00, 0x7C, 0x63, 0x23, 0x78, 0x90, 0x7B, 0x00, 0x00, 0x48, 0x00, 0x00, 0x10, 0x7C, 0x7B, 0xD0, 0x50, 0x90, 0x7B, 0x00, 0x00,
  0x48, 0x00, 0x00, 0x04, 0x3B, 0x9C, 0x00, 0x08, 0x3B, 0xDE, 0xFF, 0xFF, 0x2C, 0x1E, 0x00, 0x00, 0x41, 0x81, 0xFF, 0x28, 0xBA, 0x81, 0x00, 0x08,
  0x80, 0x01, 0x01, 0x04, 0x38, 0x21, 0x01, 0x00, 0x7C, 0x08, 0x03, 0xA6, 0x4E, 0x80, 0x00, 0x20, 0x48, 0x00, 0x00, 0x49, 0x7C, 0x68, 0x02, 0xA6,
  0x3D, 0x80, 0x80, 0x34, 0x61, 0x8C, 0x56, 0xA8, 0x7D, 0x89, 0x03, 0xA6, 0x4E, 0x80, 0x04, 0x21, 0x48, 0x00, 0x00, 0x25, 0x7C, 0x68, 0x02, 0xA6,
  0x38, 0x80, 0x00, 0x00, 0x3C, 0xA0, 0x80, 0x4D, 0x60, 0xA5, 0x39, 0x40, 0x3D, 0x80, 0x80, 0x38, 0x61, 0x8C, 0x82, 0x20, 0x7D, 0x89, 0x03, 0xA6,
  0x4E, 0x80, 0x04, 0x21, 0x4E, 0x80, 0x00, 0x21, 0x6D, 0x2D, 0x65, 0x78, 0x00, 0x00, 0x00, 0x00, 0x4E, 0x80, 0x00, 0x21, 0x65, 0x72, 0x72, 0x6F,
  0x72, 0x3A, 0x20, 0x6F, 0x76, 0x65, 0x72, 0x20, 0x32, 0x30, 0x20, 0x78, 0x46, 0x75, 0x6E, 0x63, 0x74, 0x69, 0x6F, 0x6E, 0x73, 0x20, 0x69, 0x6E,
  0x64, 0x65, 0x78, 0x65, 0x64, 0x0A, 0x00, 0x00, 0x60, 0x00, 0x00, 0x00, 0x00, 0x00, 0x00, 0x00, 0xC2, 0x3D, 0x70, 0x60, 0x00, 0x00, 0x00, 0x16,
  0x7C, 0x08, 0x02, 0xA6, 0x90, 0x01, 0x00, 0x04, 0x94, 0x21, 0xFF, 0x00, 0xBE, 0x81, 0x00, 0x08, 0x7C, 0x7F, 0x1B, 0x78, 0x7C, 0x9E, 0x23, 0x78,
  0x83, 0xAD, 0xB8, 0xDC, 0x2C, 0x1D, 0x00, 0x00, 0x41, 0x82, 0x00, 0x78, 0x83, 0x82, 0x01, 0x48, 0x38, 0x7C, 0xFF, 0xFA, 0x7C, 0x1F, 0x18, 0x00,
  0x41, 0x80, 0x00, 0x28, 0x38, 0x7C, 0xFF, 0xFF, 0x7C, 0x1F, 0x18, 0x00, 0x41, 0x81, 0x00, 0x1C, 0x38, 0x7C, 0xFF, 0xFA, 0x7C, 0x63, 0xF8, 0x50,
  0x48, 0x00, 0x00, 0x45, 0x7C, 0x88, 0x02, 0xA6, 0x7C, 0x63, 0x20, 0xAE, 0x48, 0x00, 0x00, 0x18, 0xA0, 0x7D, 0x00, 0x00, 0xA0, 0x9D, 0x00, 0x02,
  0x7C, 0x84, 0xF1, 0xD6, 0x7C, 0x63, 0x22, 0x14, 0x7C, 0x63, 0xFA, 0x14, 0x6C, 0x63, 0x80, 0x00, 0xC8, 0x22, 0xCA, 0x08, 0x90, 0x61, 0x00, 0x84,
  0x3C, 0x60, 0x43, 0x30, 0x90, 0x61, 0x00, 0x80, 0xC8, 0x41, 0x00, 0x80, 0xEC, 0x22, 0x08, 0x28, 0x48, 0x00, 0x00, 0x10, 0x4E, 0x80, 0x00, 0x21,
  0x03, 0x02, 0x01, 0x01, 0x05, 0x06, 0x00, 0x00, 0xBA, 0x81, 0x00, 0x08, 0x80, 0x01, 0x01, 0x04, 0x38, 0x21, 0x01, 0x00, 0x7C, 0x08, 0x03, 0xA6,
  0x4E, 0x80, 0x00, 0x20, 0x00, 0x00, 0x00, 0x00, 0xC2, 0x3D, 0x70, 0x6C, 0x00, 0x00, 0x00, 0x0C, 0x7C, 0x08, 0x02, 0xA6, 0x90, 0x01, 0x00, 0x04,
  0x94, 0x21, 0xFF, 0x00, 0xBE, 0x81, 0x00, 0x08, 0x7C, 0x7F, 0x1B, 0x78, 0x3D, 0x80, 0x80, 0x37, 0x61, 0x8C, 0xF1, 0xE4, 0x7D, 0x89, 0x03, 0xA6,
  0x4E, 0x80, 0x04, 0x21, 0x7C, 0x7E, 0x1B, 0x78, 0x38, 0x80, 0x00, 0x00, 0x7F, 0xE5, 0xFB, 0x78, 0x3D, 0x80, 0x80, 0x00, 0x61, 0x8C, 0x31, 0x00,
  0x7D, 0x89, 0x03, 0xA6, 0x4E, 0x80, 0x04, 0x21, 0x7F, 0xC3, 0xF3, 0x78, 0xBA, 0x81, 0x00, 0x08, 0x80, 0x01, 0x01, 0x04, 0x38, 0x21, 0x01, 0x00,
  0x7C, 0x08, 0x03, 0xA6, 0x4E, 0x80, 0x00, 0x20, 0x60, 0x00, 0x00, 0x00, 0x00, 0x00, 0x00, 0x00, 0x04, 0x35, 0xE6, 0xE4, 0x90, 0x1F, 0x00, 0x70,
  0x04, 0x35, 0xE6, 0xE0, 0x38, 0x00, 0xFF, 0xFF, 0x04, 0x35, 0xEC, 0xFC, 0x90, 0x1E, 0x00, 0x70, 0x04, 0x35, 0xEC, 0xE0, 0x38, 0x00, 0xFF, 0xFF,
  0x04, 0x36, 0x0A, 0x38, 0x80, 0x16, 0x00, 0x70, 0x04, 0x36, 0x0A, 0x3C, 0x2C, 0x00, 0xFF, 0xFF, 0x04, 0x35, 0xE9, 0x18, 0x90, 0x1F, 0x00, 0x70,
  0xC2, 0x1A, 0x4C, 0x98, 0x00, 0x00, 0x00, 0x11, 0x81, 0x82, 0x00, 0xF8, 0x81, 0x6D, 0xC0, 0x18, 0x39, 0x40, 0x00, 0x00, 0x38, 0xE0, 0x00, 0x00,
  0x81, 0x2C, 0x00, 0x00, 0x39, 0x0C, 0x00, 0x04, 0x48, 0x00, 0x00, 0x28, 0x80, 0x68, 0x00, 0x00, 0x7C, 0x03, 0x58, 0x00, 0x40, 0x80, 0x00, 0x14,
  0x38, 0xAC, 0x00, 0x04, 0x1C, 0x87, 0x00, 0x04, 0x7C, 0x64, 0x29, 0x2E, 0x38, 0xE7, 0x00, 0x01, 0x39, 0x4A, 0x00, 0x01, 0x39, 0x08, 0x00, 0x04,
  0x7C, 0x0A, 0x48, 0x00, 0x41, 0x80, 0xFF, 0xD8, 0x90, 0xEC, 0x00, 0x00, 0x81, 0x82, 0x00, 0xF8, 0x38, 0x6C, 0x00, 0x04, 0x1C, 0x87, 0x00, 0x04,
  0x7C, 0x63, 0x22, 0x14, 0x38, 0x80, 0x00, 0x00, 0x38, 0xA0, 0x00, 0x78, 0x1C, 0xC7, 0x00, 0x04, 0x7C, 0xA6, 0x28, 0x50, 0x3D, 0x80, 0x80, 0x00,
  0x61, 0x8C, 0x31, 0x00, 0x7D, 0x89, 0x03, 0xA6, 0x4E, 0x80, 0x04, 0x21, 0x80, 0x6D, 0xB0, 0x8C, 0x60, 0x00, 0x00, 0x00, 0x00, 0x00, 0x00, 0x00,
  0xC2, 0x22, 0x8C, 0x10, 0x00, 0x00, 0x00, 0x03, 0x60, 0x00, 0x00, 0x00, 0x90, 0x6D, 0xAF, 0xF8, 0x90, 0x8D, 0xAF, 0xF4, 0x90, 0xAD, 0xAF, 0xF0,
  0x90, 0xCD, 0xAF, 0xEC, 0x00, 0x00, 0x00, 0x00, 0x04, 0x22, 0x8B, 0xFC, 0x60, 0x00, 0x00, 0x00, 0xC2, 0x22, 0x8A, 0xF8, 0x00, 0x00, 0x00, 0x04,
  0x60, 0x00, 0x00, 0x00, 0x90, 0x6D, 0xAF, 0xEC, 0x38, 0x60, 0xFF, 0xFF, 0x90, 0x6D, 0xAF, 0xF8, 0x90, 0x6D, 0xAF, 0xF4, 0x90, 0x6D, 0xAF, 0xF0,
  0x60, 0x00, 0x00, 0x00, 0x00, 0x00, 0x00, 0x00, 0xC2, 0x39, 0x4B, 0xD4, 0x00, 0x00, 0x00, 0x3E, 0x7C, 0x08, 0x02, 0xA6, 0x90, 0x01, 0x00, 0x04,
  0x94, 0x21, 0xFF, 0x00, 0xBE, 0x81, 0x00, 0x08, 0x83, 0x82, 0x00, 0xF8, 0x3B, 0x60, 0x00, 0x00, 0x83, 0x5C, 0x00, 0x00, 0x3B, 0x3C, 0x00, 0x04,
  0x48, 0x00, 0x00, 0x88, 0x83, 0x19, 0x00, 0x00, 0x80, 0x78, 0x00, 0x00, 0x80, 0x9E, 0x01, 0x98, 0x7C, 0x04, 0x18, 0x00, 0x41, 0x80, 0x00, 0x6C,
  0x80, 0xB8, 0x00, 0x14, 0x7C, 0x63, 0x2A, 0x14, 0x7C, 0x04, 0x18, 0x00, 0x41, 0x81, 0x00, 0x5C, 0x3A, 0xE0, 0x00, 0x00, 0x82, 0xD8, 0x00, 0x18,
  0x80, 0x78, 0x00, 0x1C, 0x1C, 0x97, 0x00, 0x0C, 0x7D, 0x83, 0x22, 0x14, 0x80, 0x78, 0x00, 0x00, 0x80, 0x8C, 0x00, 0x00, 0x7C, 0x63, 0x22, 0x14,
  0x80, 0x9E, 0x01, 0x98, 0x7C, 0x04, 0x18, 0x00, 0x41, 0x80, 0x00, 0x24, 0x80, 0x78, 0x00, 0x00, 0x80, 0x8C, 0x00, 0x04, 0x7C, 0x63, 0x22, 0x14,
  0x80, 0x9E, 0x01, 0x98, 0x7C, 0x04, 0x18, 0x00, 0x41, 0x81, 0x00, 0x0C, 0x83, 0xAC, 0x00, 0x08, 0x48, 0x00, 0x00, 0xD0, 0x3A, 0xF7, 0x00, 0x01,
  0x7C, 0x17, 0xB0, 0x00, 0x4B, 0xFF, 0xFF, 0xB4, 0x3B, 0x7B, 0x00, 0x01, 0x3B, 0x39, 0x00, 0x04, 0x7C, 0x1B, 0xD0, 0x00, 0x41, 0x80, 0xFF, 0x78,
  0x80, 0x6D, 0xAF, 0xFC, 0x2C, 0x03, 0x00, 0x00, 0x41, 0x82, 0x00, 0xA0, 0x3B, 0x80, 0x00, 0x00, 0x3B, 0x00, 0x00, 0x00, 0x83, 0x63, 0x00, 0x00,
  0x83, 0x43, 0x00, 0x04, 0x7F, 0x63, 0x0E, 0x70, 0x7F, 0x23, 0x01, 0x94, 0x1C, 0x79, 0x00, 0x0C, 0x7D, 0x83, 0xD2, 0x14, 0x80, 0x6C, 0x00, 0x00,
  0x80, 0x9E, 0x01, 0x98, 0x7C, 0x04, 0x18, 0x00, 0x40, 0x80, 0x00, 0x28, 0x7F, 0x3B, 0xCB, 0x78, 0x7C, 0x7C, 0xC8, 0x50, 0x2C, 0x03, 0x00, 0x01,
  0x40, 0x82, 0x00, 0x08, 0x3B, 0x00, 0x00, 0x01, 0x7C, 0x63, 0x0E, 0x70, 0x7C, 0x63, 0x01, 0x94, 0x7F, 0x23, 0xE2, 0x14, 0x4B, 0xFF, 0xFF, 0xC8,
  0x80, 0x6C, 0x00, 0x04, 0x7C, 0x04, 0x18, 0x00, 0x41, 0x80, 0x00, 0x30, 0x2C, 0x18, 0x00, 0x01, 0x41, 0x82, 0x00, 0x38, 0x7F, 0x3C, 0xCB, 0x78,
  0x7C, 0x7C, 0xD8, 0x50, 0x2C, 0x03, 0x00, 0x01, 0x40, 0x82, 0x00, 0x08, 0x3B, 0x00, 0x00, 0x01, 0x7C, 0x63, 0x0E, 0x70, 0x7C, 0x63, 0x01, 0x94,
  0x7F, 0x23, 0xE2, 0x14, 0x4B, 0xFF, 0xFF, 0x90, 0x83, 0xAC, 0x00, 0x08, 0x2C, 0x1D, 0x00, 0x00, 0x41, 0x82, 0x00, 0x08, 0x48, 0x00, 0x00, 0x0C,
  0x48, 0x00, 0x00, 0x75, 0x7F, 0xA8, 0x02, 0xA6, 0x7F, 0xA3, 0xEB, 0x78, 0x3D, 0x80, 0x80, 0x32, 0x61, 0x8C, 0x5B, 0x04, 0x7D, 0x89, 0x03, 0xA6,
  0x4E, 0x80, 0x04, 0x21, 0x2C, 0x03, 0x00, 0x2D, 0x40, 0x81, 0x00, 0x24, 0x38, 0x61, 0x00, 0x80, 0x7F, 0xA4, 0xEB, 0x78, 0x38, 0xA0, 0x00, 0x2D,
  0x3D, 0x80, 0x80, 0x00, 0x61, 0x8C, 0x31, 0xF4, 0x7D, 0x89, 0x03, 0xA6, 0x4E, 0x80, 0x04, 0x21, 0x3B, 0xA1, 0x00, 0x80, 0x48, 0x00, 0x00, 0x21,
  0x7C, 0x68, 0x02, 0xA6, 0x7F, 0xA4, 0xEB, 0x78, 0x3D, 0x80, 0x80, 0x34, 0x61, 0x8C, 0x56, 0xA8, 0x7D, 0x89, 0x03, 0xA6, 0x4E, 0x80, 0x04, 0x21,
  0x48, 0x00, 0x00, 0x1C, 0x4E, 0x80, 0x00, 0x21, 0x53, 0x79, 0x6D, 0x62, 0x6F, 0x6C, 0x3A, 0x20, 0x25, 0x73, 0x0A, 0x00, 0x4E, 0x80, 0x00, 0x21,
  0x4E, 0x2F, 0x41, 0x00, 0xBA, 0x81, 0x00, 0x08, 0x80, 0x01, 0x01, 0x04, 0x38, 0x21, 0x01, 0x00, 0x7C, 0x08, 0x03, 0xA6, 0x57, 0x60, 0x01, 0x8D,
  0x60, 0x00, 0x00, 0x00, 0x00, 0x00, 0x00, 0x00, 0xC2, 0x39, 0x78, 0x38, 0x00, 0x00, 0x00, 0x37, 0x7C, 0x08, 0x02, 0xA6, 0x90, 0x01, 0x00, 0x04,
  0x94, 0x21, 0xFF, 0x00, 0xBE, 0x81, 0x00, 0x08, 0x48, 0x00, 0x00, 0xDD, 0x7C, 0x68, 0x02, 0xA6, 0x3D, 0x80, 0x80, 0x33, 0x61, 0x8C, 0x79, 0x6C,
  0x7D, 0x89, 0x03, 0xA6, 0x4E, 0x80, 0x04, 0x21, 0x2C, 0x03, 0xFF, 0xFF, 0x41, 0x82, 0x00, 0x9C, 0x48, 0x00, 0x00, 0xBD, 0x7C, 0x68, 0x02, 0xA6,
  0x3D, 0x80, 0x80, 0x01, 0x61, 0x8C, 0x63, 0xD8, 0x7D, 0x89, 0x03, 0xA6, 0x4E, 0x80, 0x04, 0x21, 0x7C, 0x7F, 0x1B, 0x78, 0x3D, 0x80, 0x80, 0x37,
  0x61, 0x8C, 0x54, 0x04, 0x7D, 0x89, 0x03, 0xA6, 0x4E, 0x80, 0x04, 0x21, 0x2C, 0x03, 0xFF, 0xFF, 0x41, 0x82, 0x00, 0x80, 0x3D, 0x80, 0x80, 0x34,
  0x61, 0x8C, 0x41, 0x68, 0x7D, 0x89, 0x03, 0xA6, 0x4E, 0x80, 0x04, 0x21, 0x38, 0x9F, 0x00, 0x44, 0x7C, 0x04, 0x18, 0x00, 0x40, 0x80, 0x00, 0x64,
  0x80, 0x62, 0x01, 0x84, 0x80, 0x63, 0x00, 0x28, 0x2C, 0x03, 0x00, 0x00, 0x40, 0x82, 0x00, 0x54, 0x48, 0x00, 0x00, 0x5D, 0x7C, 0x68, 0x02, 0xA6,
  0x3D, 0x80, 0x80, 0x01, 0x61, 0x8C, 0x6B, 0xE0, 0x7D, 0x89, 0x03, 0xA6, 0x4E, 0x80, 0x04, 0x21, 0x48, 0x00, 0x00, 0x55, 0x7C, 0x88, 0x02, 0xA6,
  0x3D, 0x80, 0x80, 0x38, 0x61, 0x8C, 0x03, 0x58, 0x7D, 0x89, 0x03, 0xA6, 0x4E, 0x80, 0x04, 0x21, 0x90, 0x6D, 0xAF, 0xFC, 0x48, 0x00, 0x00, 0x94,
  0x48, 0x00, 0x00, 0x45, 0x7C, 0x68, 0x02, 0xA6, 0x3D, 0x80, 0x80, 0x34, 0x61, 0x8C, 0x56, 0xA8, 0x7D, 0x89, 0x03, 0xA6, 0x4E, 0x80, 0x04, 0x21,
  0x38, 0x60, 0x00, 0x00, 0x90, 0x6D, 0xAF, 0xFC, 0x48, 0x00, 0x00, 0x70, 0x4E, 0x80, 0x00, 0x21, 0x4D, 0x78, 0x44, 0x62, 0x2E, 0x64, 0x61, 0x74,
  0x00, 0x00, 0x00, 0x00, 0x4E, 0x80, 0x00, 0x21, 0x6D, 0x65, 0x78, 0x44, 0x65, 0x62, 0x75, 0x67, 0x00, 0x00, 0x00, 0x00, 0x4E, 0x80, 0x00, 0x21,
  0x57, 0x61, 0x72, 0x6E, 0x69, 0x6E, 0x67, 0x3A, 0x20, 0x4D, 0x78, 0x44, 0x62, 0x2E, 0x64, 0x61, 0x74, 0x20, 0x6E, 0x6F, 0x74, 0x20, 0x66, 0x6F,
  0x75, 0x6E, 0x64, 0x20, 0x6F, 0x6E, 0x20, 0x64, 0x69, 0x73, 0x63, 0x0A, 0x64, 0x6F, 0x6C, 0x20, 0x73, 0x79, 0x6D, 0x62, 0x6F, 0x6C, 0x73, 0x20,
  0x77, 0x69, 0x6C, 0x6C, 0x20, 0x6E, 0x6F, 0x74, 0x20, 0x62, 0x65, 0x20, 0x69, 0x64, 0x65, 0x6E, 0x74, 0x69, 0x66, 0x69, 0x65, 0x64, 0x2E, 0x00,
  0x80, 0x6D, 0xAF, 0xEC, 0x38, 0x80, 0x00, 0x10, 0x3D, 0x80, 0x80, 0x39, 0x61, 0x8C, 0x4A, 0x48, 0x7D, 0x89, 0x03, 0xA6, 0x4E, 0x80, 0x04, 0x21,
  0x80, 0x6D, 0xAF, 0xF8, 0x2C, 0x03, 0xFF, 0xFF, 0x41, 0x82, 0x00, 0x24, 0x80, 0x6D, 0xAF, 0xF8, 0x80, 0x8D, 0xAF, 0xF4, 0x80, 0xAD, 0xAF, 0xF0,
  0x80, 0xCD, 0xAF, 0xEC, 0x3D, 0x80, 0x80, 0x39, 0x61, 0x8C, 0x4B, 0x18, 0x7D, 0x89, 0x03, 0xA6, 0x4E, 0x80, 0x04, 0x21, 0xBA, 0x81, 0x00, 0x08,
  0x80, 0x01, 0x01, 0x04, 0x38, 0x21, 0x01, 0x00, 0x7C, 0x08, 0x03, 0xA6, 0x38, 0x60, 0x00, 0x00, 0x60, 0x00, 0x00, 0x00, 0x00, 0x00, 0x00, 0x00,
  0xC2, 0x39, 0x4A, 0x74, 0x00, 0x00, 0x00, 0x4E, 0x7C, 0x08, 0x02, 0xA6, 0x90, 0x01, 0x00, 0x04, 0x94, 0x21, 0xFF, 0x00, 0xBE, 0x81, 0x00, 0x08,
  0x48, 0x00, 0x02, 0x09, 0x7C, 0x68, 0x02, 0xA6, 0x3D, 0x80, 0x80, 0x34, 0x61, 0x8C, 0x56, 0xA8, 0x7D, 0x89, 0x03, 0xA6, 0x4E, 0x80, 0x04, 0x21,
  0x3B, 0xE0, 0x00, 0x00, 0x83, 0xDC, 0x00, 0x04, 0x48, 0x00, 0x01, 0xB8, 0x83, 0x82, 0x00, 0xF8, 0x3B, 0x60, 0x00, 0x00, 0x83, 0x5C, 0x00, 0x00,
  0x3B, 0x3C, 0x00, 0x04, 0x48, 0x00, 0x00, 0x88, 0x83, 0x19, 0x00, 0x00, 0x80, 0x78, 0x00, 0x00, 0x80, 0x9E, 0x00, 0x04, 0x7C, 0x04, 0x18, 0x00,
  0x41, 0x80, 0x00, 0x6C, 0x80, 0xB8, 0x00, 0x14, 0x7C, 0x63, 0x2A, 0x14, 0x7C, 0x04, 0x18, 0x00, 0x41, 0x81, 0x00, 0x5C, 0x3A, 0xE0, 0x00, 0x00,
  0x82, 0xD8, 0x00, 0x18, 0x80, 0x78, 0x00, 0x1C, 0x1C, 0x97, 0x00, 0x0C, 0x7D, 0x83, 0x22, 0x14, 0x80, 0x78, 0x00, 0x00, 0x80, 0x8C, 0x00, 0x00,
  0x7C, 0x63, 0x22, 0x14, 0x80, 0x9E, 0x00, 0x04, 0x7C, 0x04, 0x18, 0x00, 0x41, 0x80, 0x00, 0x24, 0x80, 0x78, 0x00, 0x00, 0x80, 0x8C, 0x00, 0x04,
  0x7C, 0x63, 0x22, 0x14, 0x80, 0x9E, 0x00, 0x04, 0x7C, 0x04, 0x18, 0x00, 0x41, 0x81, 0x00, 0x0C, 0x83, 0xAC, 0x00, 0x08, 0x48, 0x00, 0x00, 0xD0,
  0x3A, 0xF7, 0x00, 0x01, 0x7C, 0x17, 0xB0, 0x00, 0x4B, 0xFF, 0xFF, 0xB4, 0x3B, 0x7B, 0x00, 0x01, 0x3B, 0x39, 0x00, 0x04, 0x7C, 0x1B, 0xD0, 0x00,
  0x41, 0x80, 0xFF, 0x78, 0x80, 0x6D, 0xAF, 0xFC, 0x2C, 0x03, 0x00, 0x00, 0x41, 0x82, 0x00, 0xA0, 0x3B, 0x80, 0x00, 0x00, 0x3B, 0x00, 0x00, 0x00,
  0x83, 0x63, 0x00, 0x00, 0x83, 0x43, 0x00, 0x04, 0x7F, 0x63, 0x0E, 0x70, 0x7F, 0x23, 0x01, 0x94, 0x1C, 0x79, 0x00, 0x0C, 0x7D, 0x83, 0xD2, 0x14,
  0x80, 0x6C, 0x00, 0x00, 0x80, 0x9E, 0x00, 0x04, 0x7C, 0x04, 0x18, 0x00, 0x40, 0x80, 0x00, 0x28, 0x7F, 0x3B, 0xCB, 0x78, 0x7C, 0x7C, 0xC8, 0x50,
  0x2C, 0x03, 0x00, 0x01, 0x40, 0x82, 0x00, 0x08, 0x3B, 0x00, 0x00, 0x01, 0x7C, 0x63, 0x0E, 0x70, 0x7C, 0x63, 0x01, 0x94, 0x7F, 0x23, 0xE2, 0x14,
  0x4B, 0xFF, 0xFF, 0xC8, 0x80, 0x6C, 0x00, 0x04, 0x7C, 0x04, 0x18, 0x00, 0x41, 0x80, 0x00, 0x30, 0x2C, 0x18, 0x00, 0x01, 0x41, 0x82, 0x00, 0x38,
  0x7F, 0x3C, 0xCB, 0x78, 0x7C, 0x7C, 0xD8, 0x50, 0x2C, 0x03, 0x00, 0x01, 0x40, 0x82, 0x00, 0x08, 0x3B, 0x00, 0x00, 0x01, 0x7C, 0x63, 0x0E, 0x70,
  0x7C, 0x63, 0x01, 0x94, 0x7F, 0x23, 0xE2, 0x14, 0x4B, 0xFF, 0xFF, 0x90, 0x83, 0xAC, 0x00, 0x08, 0x2C, 0x1D, 0x00, 0x00, 0x41, 0x82, 0x00, 0x08,
  0x48, 0x00, 0x00, 0x0C, 0x48, 0x00, 0x00, 0xC5, 0x7F, 0xA8, 0x02, 0xA6, 0x7F, 0xA3, 0xEB, 0x78, 0x3D, 0x80, 0x80, 0x32, 0x61, 0x8C, 0x5B, 0x04,
  0x7D, 0x89, 0x03, 0xA6, 0x4E, 0x80, 0x04, 0x21, 0x2C, 0x03, 0x00, 0x2A, 0x40, 0x81, 0x00, 0x24, 0x38, 0x61, 0x00, 0x80, 0x7F, 0xA4, 0xEB, 0x78,
  0x38, 0xA0, 0x00, 0x2A, 0x3D, 0x80, 0x80, 0x00, 0x61, 0x8C, 0x31, 0xF4, 0x7D, 0x89, 0x03, 0xA6, 0x4E, 0x80, 0x04, 0x21, 0x3B, 0xA1, 0x00, 0x80,
  0x48, 0x00, 0x00, 0x71, 0x7C, 0x68, 0x02, 0xA6, 0x80, 0x9E, 0x00, 0x04, 0x7F, 0xA5, 0xEB, 0x78, 0x3D, 0x80, 0x80, 0x34, 0x61, 0x8C, 0x56, 0xA8,
  0x7D, 0x89, 0x03, 0xA6, 0x4E, 0x80, 0x04, 0x21, 0x83, 0xDE, 0x00, 0x00, 0x3B, 0xFF, 0x00, 0x01, 0x2C, 0x1F, 0x00, 0x0A, 0x40, 0x80, 0x00, 0x5C,
  0x2C, 0x1E, 0xFF, 0xFF, 0x40, 0x82, 0xFE, 0x40, 0x48, 0x00, 0x00, 0x50, 0x48, 0x00, 0x00, 0x01, 0x7C, 0x68, 0x02, 0xA6, 0x3D, 0x80, 0x80, 0x34,
  0x61, 0x8C, 0x56, 0xA8, 0x7D, 0x89, 0x03, 0xA6, 0x4E, 0x80, 0x04, 0x21, 0x48, 0x00, 0x00, 0x00, 0x4E, 0x80, 0x00, 0x21, 0x20, 0x4C, 0x52, 0x20,
  0x53, 0x61, 0x76, 0x65, 0x3A, 0x20, 0x20, 0x53, 0x79, 0x6D, 0x62, 0x6F, 0x6C, 0x0A, 0x00, 0x00, 0x4E, 0x80, 0x00, 0x21, 0x25, 0x58, 0x3A, 0x20,
  0x20, 0x25, 0x73, 0x0A, 0x00, 0x00, 0x00, 0x00, 0x4E, 0x80, 0x00, 0x21, 0x4E, 0x2F, 0x41, 0x00, 0xBA, 0x81, 0x00, 0x08, 0x80, 0x01, 0x01, 0x04,
  0x38, 0x21, 0x01, 0x00, 0x7C, 0x08, 0x03, 0xA6, 0x3D, 0x80, 0x80, 0x39, 0x61, 0x8C, 0x4B, 0x04, 0x7D, 0x89, 0x03, 0xA6, 0x4E, 0x80, 0x04, 0x20,
  0x60, 0x00, 0x00, 0x00, 0x00, 0x00, 0x00, 0x00, 0xC2, 0x0A, 0xC5, 0xB8, 0x00, 0x00, 0x00, 0x02, 0x7C, 0x7D, 0x1B, 0x78, 0x38, 0xA0, 0x00, 0x00,
  0x3B, 0xC0, 0x00, 0x00, 0x00, 0x00, 0x00, 0x00, 0xC2, 0x1D, 0x24, 0xFC, 0x00, 0x00, 0x00, 0x18, 0x48, 0x00, 0x00, 0x18, 0x4E, 0x80, 0x00, 0x21,
  0xC2, 0xF0, 0x00, 0x00, 0x42, 0xF0, 0x00, 0x00, 0x42, 0xA0, 0x00, 0x00, 0xC1, 0xA0, 0x00, 0x00, 0x7C, 0x08, 0x02, 0xA6, 0x90, 0x01, 0x00, 0x04,
  0x94, 0x21, 0xFF, 0x20, 0xBE, 0x81, 0x00, 0xB0, 0x7C, 0x7E, 0x1B, 0x78, 0x4B, 0xFF, 0xFF, 0xD9, 0x7F, 0xA8, 0x02, 0xA6, 0x80, 0x7E, 0x00, 0x2C,
  0xA8, 0x63, 0x00, 0xEE, 0x3D, 0x80, 0x80, 0x03, 0x61, 0x8C, 0x41, 0x10, 0x7D, 0x89, 0x03, 0xA6, 0x4E, 0x80, 0x04, 0x21, 0x83, 0xE3, 0x00, 0x2C,
  0x7F, 0xC3, 0xF3, 0x78, 0x3D, 0x80, 0x80, 0x1D, 0x61, 0x8C, 0x32, 0xD0, 0x7D, 0x89, 0x03, 0xA6, 0x4E, 0x80, 0x04, 0x21, 0xC0, 0x5F, 0x00, 0xB0,
  0xC0, 0x3D, 0x00, 0x00, 0xFC, 0x02, 0x08, 0x40, 0x41, 0x80, 0x00, 0x34, 0xC0, 0x3D, 0x00, 0x04, 0xFC, 0x02, 0x08, 0x40, 0x41, 0x81, 0x00, 0x28,
  0xC0, 0x5F, 0x00, 0xB4, 0xC0, 0x3D, 0x00, 0x08, 0xFC, 0x02, 0x08, 0x40, 0x41, 0x81, 0x00, 0x18, 0xC0, 0x3D, 0x00, 0x0C, 0xFC, 0x02, 0x08, 0x40,
  0x41, 0x80, 0x00, 0x0C, 0x38, 0x60, 0x00, 0x01, 0x48, 0x00, 0x00, 0x08, 0x38, 0x60, 0x00, 0x00, 0xBA, 0x81, 0x00, 0xB0, 0x80, 0x01, 0x00, 0xE4,
  0x38, 0x21, 0x00, 0xE0, 0x7C, 0x08, 0x03, 0xA6, 0x60, 0x00, 0x00, 0x00, 0x00, 0x00, 0x00, 0x00, 0xC2, 0x0D, 0xB8, 0x80, 0x00, 0x00, 0x00, 0x03,
  0x38, 0x60, 0x00, 0x00, 0x98, 0x7D, 0x23, 0x84, 0x38, 0x60, 0xFF, 0xFF, 0xB0, 0x7D, 0x23, 0x86, 0x80, 0x01, 0x00, 0x5C, 0x00, 0x00, 0x00, 0x00,
  0xC2, 0x0D, 0xBB, 0xD4, 0x00, 0x00, 0x00, 0x03, 0x38, 0x60, 0x00, 0x00, 0x98, 0x7D, 0x23, 0x84, 0x38, 0x60, 0xFF, 0xFF, 0xB0, 0x7D, 0x23, 0x86,
  0x80, 0x01, 0x00, 0x5C, 0x00, 0x00, 0x00, 0x00, 0xC2, 0x08, 0xF0, 0x90, 0x00, 0x00, 0x00, 0x3D, 0x80, 0x7B, 0x00, 0x10, 0x2C, 0x03, 0x00, 0xDF,
  0x41, 0x80, 0x01, 0xD8, 0x2C, 0x03, 0x00, 0xE4, 0x41, 0x81, 0x01, 0xD0, 0x80, 0x7B, 0x1A, 0x58, 0x2C, 0x03, 0x00, 0x00, 0x41, 0x82, 0x01, 0xC4,
  0x80, 0x83, 0x00, 0x2C, 0x88, 0x84, 0x22, 0x22, 0x54, 0x84, 0x07, 0x7B, 0x41, 0x82, 0x01, 0xB4, 0x80, 0x9B, 0x18, 0x68, 0x7C, 0x03, 0x20, 0x00,
  0x41, 0x82, 0x00, 0x34, 0xA0, 0xA4, 0x00, 0x00, 0x2C, 0x05, 0x00, 0x06, 0x40, 0x82, 0x01, 0x9C, 0x80, 0xA4, 0x00, 0x2C, 0x80, 0x85, 0x05, 0x18,
  0x7C, 0x03, 0x20, 0x00, 0x40, 0x82, 0x01, 0x8C, 0xA0, 0x65, 0x0D, 0xA8, 0xA0, 0x9B, 0x23, 0x86, 0x7C, 0x03, 0x20, 0x00, 0x41, 0x82, 0x01, 0x7C,
  0x48, 0x00, 0x00, 0x18, 0x80, 0xA3, 0x00, 0x2C, 0xA0, 0x65, 0x20, 0x88, 0xA0, 0x9B, 0x23, 0x86, 0x7C, 0x03, 0x20, 0x00, 0x41, 0x82, 0x01, 0x64,
  0xB0, 0x7B, 0x23, 0x86, 0x88, 0x7B, 0x23, 0x84, 0x38, 0x63, 0x00, 0x01, 0x98, 0x7B, 0x23, 0x84, 0x3D, 0x80, 0x80, 0x16, 0x61, 0x8C, 0xB1, 0x68,
  0x7D, 0x89, 0x03, 0xA6, 0x4E, 0x80, 0x04, 0x21, 0x2C, 0x03, 0x00, 0x00, 0x40, 0x82, 0x01, 0x3C, 0x88, 0x7B, 0x23, 0x84, 0x2C, 0x03, 0x00, 0x03,
  0x40, 0x81, 0x01, 0x30, 0x7C, 0x08, 0x02, 0xA6, 0x90, 0x01, 0x00, 0x04, 0x94, 0x21, 0xFF, 0x20, 0xBE, 0x81, 0x00, 0xB0, 0x82, 0x9B, 0x1A, 0x58,
  0x7E, 0x83, 0xA3, 0x78, 0x3D, 0x80, 0x80, 0x0D, 0x61, 0x8C, 0xA6, 0x98, 0x7D, 0x89, 0x03, 0xA6, 0x4E, 0x80, 0x04, 0x21, 0x80, 0x74, 0x00, 0x2C,
  0x88, 0x63, 0x00, 0x0C, 0x38, 0x80, 0x00, 0x01, 0x3D, 0x80, 0x80, 0x03, 0x61, 0x8C, 0x41, 0x8C, 0x7D, 0x89, 0x03, 0xA6, 0x4E, 0x80, 0x04, 0x21,
  0x2C, 0x03, 0x00, 0x00, 0x41, 0x82, 0x00, 0xC4, 0x7C, 0x75, 0x1B, 0x78, 0x80, 0x95, 0x00, 0x2C, 0x88, 0x04, 0x22, 0x1F, 0x54, 0x00, 0x06, 0x73,
  0x40, 0x82, 0x00, 0xB0, 0x88, 0x04, 0x22, 0x19, 0x54, 0x00, 0x07, 0x7B, 0x40, 0x82, 0x00, 0xA4, 0x88, 0x04, 0x20, 0x71, 0x54, 0x00, 0xE7, 0x3E,
  0x2C, 0x00, 0x00, 0x0D, 0x41, 0x82, 0x00, 0x94, 0x80, 0xA4, 0x00, 0xE0, 0x2C, 0x05, 0x00, 0x00, 0x40, 0x82, 0x00, 0x1C, 0x38, 0x80, 0x00, 0x00,
  0x3D, 0x80, 0x80, 0x0D, 0x61, 0x8C, 0xA6, 0x98, 0x7D, 0x89, 0x03, 0xA6, 0x4E, 0x80, 0x04, 0x21, 0x48, 0x00, 0x00, 0x70, 0x80, 0x75, 0x00, 0x2C,
  0x3D, 0x80, 0x80, 0x07, 0x61, 0x8C, 0xD5, 0xD4, 0x7D, 0x89, 0x03, 0xA6, 0x4E, 0x80, 0x04, 0x21, 0x80, 0x75, 0x00, 0x2C, 0x80, 0xAD, 0xAE, 0xB4,
  0xC0, 0x05, 0x03, 0x74, 0xC0, 0x23, 0x00, 0x2C, 0xFC, 0x20, 0x08, 0x50, 0xEC, 0x00, 0x00, 0x72, 0xD0, 0x03, 0x00, 0x80, 0xC0, 0x05, 0x03, 0x78,
  0xD0, 0x03, 0x00, 0x84, 0xC0, 0x02, 0x97, 0x00, 0xD0, 0x03, 0x23, 0x40, 0xC0, 0x22, 0x97, 0x00, 0xC0, 0x42, 0x97, 0x04, 0xFC, 0x60, 0x08, 0x90,
  0x7E, 0xA3, 0xAB, 0x78, 0x38, 0x80, 0x00, 0xE6, 0x38, 0xA0, 0x00, 0x00, 0x38, 0xC0, 0x00, 0x00, 0x3D, 0x80, 0x80, 0x06, 0x61, 0x8C, 0x93, 0xAC,
  0x7D, 0x89, 0x03, 0xA6, 0x4E, 0x80, 0x04, 0x21, 0xBA, 0x81, 0x00, 0xB0, 0x80, 0x01, 0x00, 0xE4, 0x38, 0x21, 0x00, 0xE0, 0x7C, 0x08, 0x03, 0xA6,
  0x3D, 0x80, 0x80, 0x08, 0x61, 0x8C, 0xF0, 0xC8, 0x7D, 0x89, 0x03, 0xA6, 0x4E, 0x80, 0x04, 0x20, 0x80, 0x1B, 0x00, 0x10, 0x00, 0x00, 0x00, 0x00,
  0x04, 0x37, 0x61, 0xEC, 0x48, 0x00, 0x00, 0x1C, 0x04, 0x37, 0x62, 0x38, 0x48, 0x00, 0x00, 0x18, 0xC2, 0x37, 0x6A, 0x24, 0x00, 0x00, 0x00, 0x26,
  0x3D, 0x80, 0x80, 0x34, 0x61, 0x8C, 0xDA, 0x00, 0x7D, 0x89, 0x03, 0xA6, 0x4E, 0x80, 0x04, 0x21, 0x3D, 0x80, 0x80, 0x00, 0x61, 0x8C, 0x56, 0x1C,
  0x7D, 0x89, 0x03, 0xA6, 0x4E, 0x80, 0x04, 0x21, 0x2C, 0x03, 0x00, 0x02, 0x41, 0x82, 0x00, 0x14, 0x2C, 0x03, 0x00, 0x03, 0x41, 0x82, 0x00, 0x0C,
  0x2C, 0x03, 0x00, 0x04, 0x40, 0x82, 0x00, 0xF4, 0x3C, 0x60, 0x80, 0x48, 0x88, 0x63, 0x9D, 0x30, 0x2C, 0x03, 0x00, 0x08, 0x41, 0x82, 0x00, 0xE4,
  0x3C, 0x60, 0x80, 0x47, 0x60, 0x63, 0x9D, 0x64, 0x80, 0x63, 0x00, 0x00, 0x2C, 0x03, 0x00, 0x00, 0x40, 0x82, 0x00, 0xD0, 0x7C, 0x08, 0x02, 0xA6,
  0x90, 0x01, 0x00, 0x04, 0x94, 0x21, 0xFF, 0x20, 0xBE, 0x81, 0x00, 0xB0, 0x83, 0xA1, 0x00, 0x00, 0x3C, 0x60, 0x80, 0x2F, 0x60, 0x63, 0x66, 0x6C,
  0x80, 0x83, 0x00, 0x00, 0x54, 0x85, 0x30, 0x2E, 0x38, 0x80, 0x00, 0x40, 0x7C, 0x85, 0x23, 0xD6, 0x7C, 0x63, 0x22, 0x14, 0x83, 0xE3, 0x00, 0x08,
  0x88, 0x7F, 0x00, 0x00, 0x2C, 0x03, 0x00, 0x00, 0x40, 0x81, 0x00, 0x80, 0x38, 0x61, 0x00, 0x08, 0x38, 0x9D, 0x00, 0x2C, 0x38, 0xA0, 0x00, 0x30,
  0x3D, 0x80, 0x80, 0x00, 0x61, 0x8C, 0x31, 0xF4, 0x7D, 0x89, 0x03, 0xA6, 0x4E, 0x80, 0x04, 0x21, 0x88, 0x7F, 0x00, 0x01, 0x1C, 0x63, 0x00, 0x30,
  0x3B, 0xC3, 0x00, 0x02, 0x38, 0x7D, 0x00, 0x2C, 0x7C, 0x9F, 0xF2, 0x14, 0x38, 0xA0, 0x00, 0x30, 0x3D, 0x80, 0x80, 0x00, 0x61, 0x8C, 0x31, 0xF4,
  0x7D, 0x89, 0x03, 0xA6, 0x4E, 0x80, 0x04, 0x21, 0x7C, 0x7F, 0xF2, 0x14, 0x38, 0x81, 0x00, 0x08, 0x38, 0xA0, 0x00, 0x30, 0x3D, 0x80, 0x80, 0x00,
  0x61, 0x8C, 0x31, 0xF4, 0x7D, 0x89, 0x03, 0xA6, 0x4E, 0x80, 0x04, 0x21, 0x88, 0x9F, 0x00, 0x00, 0x88, 0x7F, 0x00, 0x01, 0x38, 0x63, 0x00, 0x01,
  0x7C, 0x03, 0x20, 0x00, 0x41, 0x80, 0x00, 0x08, 0x38, 0x60, 0x00, 0x00, 0x98, 0x7F, 0x00, 0x01, 0xBA, 0x81, 0x00, 0xB0, 0x80, 0x01, 0x00, 0xE4,
  0x38, 0x21, 0x00, 0xE0, 0x7C, 0x08, 0x03, 0xA6, 0x60, 0x00, 0x00, 0x00, 0x00, 0x00, 0x00, 0x00, 0xC2, 0x2F, 0x66, 0x6C, 0x00, 0x00, 0x00, 0x5D,
  0x48, 0x00, 0x00, 0x7C, 0x4E, 0x80, 0x00, 0x21, 0x80, 0x00, 0x00, 0x00, 0x4E, 0x80, 0x00, 0x21, 0x00, 0x00, 0x00, 0x00, 0x3D, 0xCC, 0xCC, 0xCD,
  0x43, 0x87, 0x00, 0x00, 0x43, 0x4F, 0x00, 0x00, 0x3E, 0xA8, 0xF5, 0xC3, 0x44, 0x65, 0x6C, 0x61, 0x79, 0x3A, 0x20, 0x25, 0x64, 0x66, 0x00, 0x00,
  0x4E, 0x80, 0x00, 0x21, 0x7C, 0x08, 0x02, 0xA6, 0x90, 0x01, 0x00, 0x04, 0x94, 0x21, 0xFF, 0x20, 0xBE, 0x81, 0x00, 0xB0, 0x7C, 0x7F, 0x1B, 0x78,
  0x88, 0x0D, 0xB6, 0xCC, 0x2C, 0x00, 0x00, 0x01, 0x41, 0x82, 0x00, 0x18, 0x7F, 0xE3, 0xFB, 0x78, 0x3D, 0x80, 0x80, 0x39, 0x61, 0x8C, 0x10, 0xD8,
  0x7D, 0x89, 0x03, 0xA6, 0x4E, 0x80, 0x04, 0x21, 0xBA, 0x81, 0x00, 0xB0, 0x80, 0x01, 0x00, 0xE4, 0x38, 0x21, 0x00, 0xE0, 0x7C, 0x08, 0x03, 0xA6,
  0x4E, 0x80, 0x00, 0x20, 0x7C, 0x7F, 0x1B, 0x78, 0x3C, 0x60, 0x80, 0x48, 0x88, 0x63, 0x9D, 0x30, 0x2C, 0x03, 0x00, 0x08, 0x41, 0x82, 0x02, 0x54,
  0x7C, 0x08, 0x02, 0xA6, 0x90, 0x01, 0x00, 0x04, 0x94, 0x21, 0xFF, 0x20, 0xBE, 0x81, 0x00, 0xB0, 0x38, 0x60, 0x02, 0xD2, 0x3D, 0x80, 0x80, 0x37,
  0x61, 0x8C, 0xF1, 0xE4, 0x7D, 0x89, 0x03, 0xA6, 0x4E, 0x80, 0x04, 0x21, 0x7C, 0x7F, 0x1B, 0x78, 0x38, 0x80, 0x02, 0xD2, 0x3D, 0x80, 0x80, 0x00,
  0x61, 0x8C, 0xC1, 0x60, 0x7D, 0x89, 0x03, 0xA6, 0x4E, 0x80, 0x04, 0x21, 0x4B, 0xFF, 0xFF, 0x39, 0x7C, 0x68, 0x02, 0xA6, 0x93, 0xE3, 0x00, 0x00,
  0x38, 0x60, 0x00, 0xD5, 0x98, 0x7F, 0x00, 0x00, 0x7F, 0xE3, 0xFB, 0x78, 0x38, 0x80, 0x00, 0x01, 0x38, 0xA0, 0x00, 0x01, 0x3D, 0x80, 0x80, 0x00,
  0x61, 0x8C, 0x55, 0xF0, 0x7D, 0x89, 0x03, 0xA6, 0x4E, 0x80, 0x04, 0x21, 0x7F, 0xE3, 0xFB, 0x78, 0x38, 0x80, 0x00, 0x02, 0x38, 0xA0, 0x00, 0x00,
  0x3D, 0x80, 0x80, 0x00, 0x61, 0x8C, 0x55, 0xF0, 0x7D, 0x89, 0x03, 0xA6, 0x4E, 0x80, 0x04, 0x21, 0x8B, 0xDF, 0x00, 0x01, 0x7F, 0xE3, 0xFB, 0x78,
  0x38, 0x80, 0x02, 0xD2, 0x3D, 0x80, 0x80, 0x00, 0x61, 0x8C, 0xC1, 0x60, 0x7D, 0x89, 0x03, 0xA6, 0x4E, 0x80, 0x04, 0x21, 0x2C, 0x1E, 0x00, 0x00,
  0x41, 0x80, 0x00, 0x10, 0x2C, 0x1E, 0x00, 0x0F, 0x41, 0x81, 0x00, 0x10, 0x48, 0x00, 0x00, 0x10, 0x3B, 0xC0, 0x00, 0x00, 0x48, 0x00, 0x00, 0x08,
  0x3B, 0xC0, 0x00, 0x0F, 0x9B, 0xDF, 0x00, 0x00, 0x2C, 0x1E, 0x00, 0x00, 0x40, 0x81, 0x01, 0x74, 0x3C, 0x60, 0x80, 0x4D, 0x60, 0x63, 0x6D, 0x5C,
  0x80, 0x63, 0x00, 0x00, 0x3C, 0x80, 0x80, 0x3F, 0x60, 0x84, 0x94, 0xD0, 0x3D, 0x80, 0x80, 0x38, 0x61, 0x8C, 0x03, 0x58, 0x7D, 0x89, 0x03, 0xA6,
  0x4E, 0x80, 0x04, 0x21, 0x80, 0x63, 0x00, 0x04, 0x80, 0x63, 0x00, 0x00, 0x3D, 0x80, 0x80, 0x36, 0x61, 0x8C, 0xA5, 0x90, 0x7D, 0x89, 0x03, 0xA6,
  0x4E, 0x80, 0x04, 0x21, 0x7C, 0x7A, 0x1B, 0x78, 0x38, 0x60, 0x00, 0x13, 0x38, 0x80, 0x00, 0x14, 0x38, 0xA0, 0x00, 0x00, 0x3D, 0x80, 0x80, 0x39,
  0x61, 0x8C, 0x01, 0xF0, 0x7D, 0x89, 0x03, 0xA6, 0x4E, 0x80, 0x04, 0x21, 0x7C, 0x79, 0x1B, 0x78, 0x7F, 0x23, 0xCB, 0x78, 0x88, 0x8D, 0xC1, 0xAB,
  0x7F, 0x45, 0xD3, 0x78, 0x3D, 0x80, 0x80, 0x39, 0x61, 0x8C, 0x0A, 0x70, 0x7D, 0x89, 0x03, 0xA6, 0x4E, 0x80, 0x04, 0x21, 0x7F, 0x23, 0xCB, 0x78,
  0x4B, 0xFF, 0xFE, 0x51, 0x7C, 0x88, 0x02, 0xA6, 0x38, 0xA0, 0x00, 0x08, 0x3D, 0x80, 0x80, 0x39, 0x61, 0x8C, 0x07, 0x5C, 0x7D, 0x89, 0x03, 0xA6,
  0x4E, 0x80, 0x04, 0x21, 0x3C, 0x60, 0x00, 0x00, 0x60, 0x63, 0x10, 0x00, 0x90, 0x79, 0x00, 0x24, 0x38, 0x60, 0x00, 0x02, 0x7F, 0x24, 0xCB, 0x78,
  0x38, 0xA0, 0x00, 0x09, 0x38, 0xC0, 0x00, 0x0D, 0x38, 0xE0, 0x00, 0x00, 0x39, 0x00, 0x00, 0x0C, 0x39, 0x20, 0x00, 0x50, 0x39, 0x40, 0x00, 0x08,
  0x3D, 0x80, 0x80, 0x3A, 0x61, 0x8C, 0x61, 0x1C, 0x7D, 0x89, 0x03, 0xA6, 0x4E, 0x80, 0x04, 0x21, 0x7C, 0x7B, 0x1B, 0x78, 0x4B, 0xFF, 0xFD, 0xD1,
  0x7F, 0xA8, 0x02, 0xA6, 0x38, 0x60, 0x00, 0x02, 0x7F, 0x64, 0xDB, 0x78, 0x3D, 0x80, 0x80, 0x3A, 0x61, 0x8C, 0x67, 0x54, 0x7D, 0x89, 0x03, 0xA6,
  0x4E, 0x80, 0x04, 0x21, 0x7C, 0x7C, 0x1B, 0x78, 0x38, 0x80, 0x00, 0x01, 0x98, 0x9C, 0x00, 0x49, 0x38, 0x80, 0x00, 0x02, 0x98, 0x9C, 0x00, 0x4A,
  0xC0, 0x3D, 0x00, 0x00, 0xD0, 0x3C, 0x00, 0x08, 0xC0, 0x3D, 0x00, 0x04, 0xD0, 0x3C, 0x00, 0x24, 0xD0, 0x3C, 0x00, 0x28, 0x38, 0x80, 0x00, 0x80,
  0x98, 0x9C, 0x00, 0x8F, 0xC0, 0x3D, 0x00, 0x08, 0xC0, 0x5D, 0x00, 0x0C, 0x7F, 0x83, 0xE3, 0x78, 0x38, 0x9D, 0x00, 0x14, 0x7F, 0xC5, 0xF3, 0x78,
  0x3D, 0x80, 0x80, 0x3A, 0x61, 0x8C, 0x6B, 0x98, 0x7D, 0x89, 0x03, 0xA6, 0x4E, 0x80, 0x04, 0x21, 0x7F, 0x83, 0xE3, 0x78, 0x38, 0x80, 0x00, 0x00,
  0xC0, 0x3D, 0x00, 0x10, 0xC0, 0x5D, 0x00, 0x10, 0x3D, 0x80, 0x80, 0x3A, 0x61, 0x8C, 0x75, 0x48, 0x7D, 0x89, 0x03, 0xA6, 0x4E, 0x80, 0x04, 0x21,
  0xBA, 0x81, 0x00, 0xB0, 0x80, 0x01, 0x00, 0xE4, 0x38, 0x21, 0x00, 0xE0, 0x7C, 0x08, 0x03, 0xA6, 0x7F, 0xE3, 0xFB, 0x78, 0x00, 0x00, 0x00, 0x00,
  0xC2, 0x00, 0x56, 0x1C, 0x00, 0x00, 0x00, 0x13, 0x7C, 0x08, 0x02, 0xA6, 0x90, 0x01, 0x00, 0x04, 0x94, 0x21, 0xFF, 0x20, 0xBE, 0x81, 0x00, 0xB0,
  0x3C, 0xA0, 0x80, 0x48, 0x8B, 0xC5, 0x9D, 0x30, 0x8B, 0xE5, 0x9D, 0x33, 0x3F, 0xA0, 0x80, 0x3D, 0x63, 0xBD, 0xAC, 0xA4, 0x38, 0x80, 0x00, 0x00,
  0x1C, 0xA4, 0x00, 0x14, 0x7C, 0xBD, 0x2A, 0x14, 0x88, 0xC5, 0x00, 0x01, 0x7C, 0x06, 0xF0, 0x00, 0x40, 0x82, 0x00, 0x0C, 0x80, 0x65, 0x00, 0x10,
  0x48, 0x00, 0x00, 0x10, 0x38, 0x84, 0x00, 0x01, 0x2C, 0x04, 0x00, 0x2C, 0x40, 0x81, 0xFF, 0xDC, 0x38, 0x80, 0x00, 0x00, 0x1C, 0xA4, 0x00, 0x18,
  0x7C, 0xA3, 0x2A, 0x14, 0x88, 0xC5, 0x00, 0x00, 0x7C, 0x06, 0xF8, 0x00, 0x40, 0x82, 0x00, 0x0C, 0x88, 0x65, 0x00, 0x0C, 0x48, 0x00, 0x00, 0x10,
  0x38, 0x84, 0x00, 0x01, 0x2C, 0x06, 0x00, 0xFF, 0x40, 0x82, 0xFF, 0xDC, 0xBA, 0x81, 0x00, 0xB0, 0x80, 0x01, 0x00, 0xE4, 0x38, 0x21, 0x00, 0xE0,
  0x7C, 0x08, 0x03, 0xA6, 0x4E, 0x80, 0x00, 0x20, 0x60, 0x00, 0x00, 0x00, 0x00, 0x00, 0x00, 0x00, 0xC2, 0x1C, 0xBB, 0x90, 0x00, 0x00, 0x00, 0x05,
  0x94, 0x21, 0xFF, 0xF8, 0x3C, 0xC0, 0x80, 0x4A, 0x80, 0xC6, 0xED, 0x78, 0x3C, 0xA0, 0x00, 0x02, 0x60, 0xA5, 0xAE, 0x44, 0x7C, 0xA5, 0x30, 0x50,
  0x88, 0xC5, 0x00, 0x00, 0x60, 0xC6, 0x00, 0x04, 0x98, 0xC5, 0x00, 0x00, 0x00, 0x00, 0x00, 0x00, 0x04, 0x1C, 0xC8, 0xAC, 0xFC, 0x00, 0x00, 0x28,
  0x04, 0x1C, 0xBE, 0x9C, 0x60, 0x00, 0x00, 0x00, 0x04, 0x1C, 0xBE, 0xF0, 0x60, 0x00, 0x00, 0x00, 0x04, 0x1C, 0xBF, 0x54, 0x60, 0x00, 0x00, 0x00,
  0x04, 0x39, 0x08, 0x38, 0x60, 0x00, 0x00, 0x00, 0x04, 0x1C, 0xD2, 0x50, 0x60, 0x00, 0x00, 0x00, 0x04, 0x1C, 0xCD, 0xCC, 0x48, 0x00, 0x00, 0xB4,
  0x04, 0x3B, 0xB0, 0x5C, 0x3E, 0xB0, 0x00, 0x00, 0xC2, 0x36, 0xA4, 0xA8, 0x00, 0x00, 0x00, 0x07, 0x38, 0x60, 0x00, 0x01, 0x98, 0x6D, 0xAF, 0xE0,
  0xC0, 0x3F, 0x00, 0x34, 0x48, 0x00, 0x00, 0x1D, 0x7C, 0x68, 0x02, 0xA6, 0xC0, 0x43, 0x00, 0x00, 0xC0, 0x63, 0x00, 0x04, 0xEC, 0x21, 0x00, 0xB2,
  0xEC, 0x21, 0x18, 0x24, 0x48, 0x00, 0x00, 0x10, 0x4E, 0x80, 0x00, 0x21, 0x43, 0xA0, 0x00, 0x00, 0x43, 0x5B, 0x00, 0x00, 0x00, 0x00, 0x00, 0x00,
  0x04, 0x4D, 0xDB, 0x58, 0x3E, 0x4C, 0xCC, 0xCD, 0x04, 0x08, 0x6B, 0x24, 0x60, 0x00, 0x00, 0x00, 0x04, 0x03, 0x0C, 0x7C, 0x38, 0x00, 0x00, 0x64,
  0x04, 0x03, 0x0C, 0x88, 0x38, 0x00, 0x02, 0x1C, 0x04, 0x4D, 0xDB, 0x30, 0x3F, 0x66, 0x66, 0x66, 0x04, 0x4D, 0xDB, 0x34, 0xBF, 0x66, 0x66, 0x66,
  0x04, 0x4D, 0xDB, 0x2C, 0xC3, 0x66, 0x00, 0x00, 0x04, 0x4D, 0xDB, 0x28, 0x43, 0x66, 0x00, 0x00, 0x04, 0x4D, 0xDB, 0x4C, 0x3D, 0x91, 0x68, 0x73,
  0xC2, 0x2F, 0xCF, 0xC4, 0x00, 0x00, 0x00, 0x04, 0x48, 0x00, 0x00, 0x11, 0x7C, 0x68, 0x02, 0xA6, 0xC0, 0x03, 0x00, 0x00, 0x48, 0x00, 0x00, 0x0C,
  0x4E, 0x80, 0x00, 0x21, 0x40, 0xDC, 0x7A, 0xE1, 0x60, 0x00, 0x00, 0x00, 0x00, 0x00, 0x00, 0x00, 0x04, 0x4D, 0xDB, 0x84, 0x3E, 0x89, 0xFE, 0xFA,
  0xFF, 0x00, 0x00, 0x00, 0x00, 0x00, 0x00, 0x00,
};
const size_t slippi_gct_size = 58256;
static const uint8_t boot_write_0[] = {0x38, 0x80, 0x00, 0x06};
static const uint8_t boot_write_1[] = {0x48, 0x00, 0x00, 0x58};
static const uint8_t boot_write_2[] = {0x00, 0x34, 0x01, 0x02};
static const uint8_t boot_write_3[] = {0x04, 0x00, 0x0A, 0x00};
static const uint8_t boot_write_4[] = {0x08, 0x01, 0x01, 0x00};
static const uint8_t boot_write_5[] = {0xFF, 0x00, 0x00, 0x00};
static const uint8_t boot_write_6[] = {0xE7, 0x00, 0x00, 0xB0};
const Write boot_writes[] = {
  {0x8015FF60u, 4u, boot_write_0},
  {0x80346314u, 4u, boot_write_1},
  {0x803D4A48u, 4u, boot_write_2},
  {0x803D4A4Cu, 4u, boot_write_3},
  {0x803D4A50u, 4u, boot_write_4},
  {0x803D4A60u, 4u, boot_write_5},
  {0x803D4A78u, 4u, boot_write_6},
};
const size_t boot_writes_count = 7;
const HookInstall boot_hooks[] = {
  {0x80375380u, 0x800028D8u, 160u},
  {0x800055F0u, 0x80002B60u, 88u},
  {0x800055FCu, 0x80002CC8u, 66u},
};
const size_t boot_hooks_count = 3;
const uint32_t gct_base_used = 0x8065CC80u;
const uint32_t optional_gct_offset = 58056u;
bool option_widescreen = false;
static const uint8_t optional_patched_0[] = {0x3E, 0xB0, 0x00, 0x00};
static const uint8_t optional_original_0[] = {0x3F, 0xAA, 0xAA, 0xAA};
static const uint8_t optional_patched_1[] = {0x3E, 0x4C, 0xCC, 0xCD};
static const uint8_t optional_original_1[] = {0x3E, 0x00, 0x00, 0x00};
static const uint8_t optional_patched_2[] = {0x3F, 0x66, 0x66, 0x66};
static const uint8_t optional_original_2[] = {0x3F, 0x24, 0xD3, 0x1E};
static const uint8_t optional_patched_3[] = {0xBF, 0x66, 0x66, 0x66};
static const uint8_t optional_original_3[] = {0xBF, 0x24, 0xD3, 0x1E};
static const uint8_t optional_patched_4[] = {0xC3, 0x66, 0x00, 0x00};
static const uint8_t optional_original_4[] = {0xC3, 0x22, 0xB3, 0x33};
static const uint8_t optional_patched_5[] = {0x43, 0x66, 0x00, 0x00};
static const uint8_t optional_original_5[] = {0x43, 0x22, 0xB3, 0x33};
static const uint8_t optional_patched_6[] = {0x3D, 0x91, 0x68, 0x73};
static const uint8_t optional_original_6[] = {0x3D, 0xCC, 0xCC, 0xCD};
static const uint8_t optional_patched_7[] = {0x3E, 0x89, 0xFE, 0xFA};
static const uint8_t optional_original_7[] = {0x3E, 0xCC, 0xCC, 0xCD};
const OptionalWrite optional_writes[] = {
  {0x803BB05Cu, 4u, optional_patched_0, optional_original_0},
  {0x804DDB58u, 4u, optional_patched_1, optional_original_1},
  {0x804DDB30u, 4u, optional_patched_2, optional_original_2},
  {0x804DDB34u, 4u, optional_patched_3, optional_original_3},
  {0x804DDB2Cu, 4u, optional_patched_4, optional_original_4},
  {0x804DDB28u, 4u, optional_patched_5, optional_original_5},
  {0x804DDB4Cu, 4u, optional_patched_6, optional_original_6},
  {0x804DDB84u, 4u, optional_patched_7, optional_original_7},
};
const size_t optional_writes_count = 8;
}
